,LineNumber,Syllable,Anceps,Lucus,Unnamed: 4,Unnamed: 5
0,392.0,de,UNK,long,,
1,392.0,lu,long,long,,
2,392.0,bra,elision,elision,,
3,392.0,-,,space,,
4,392.0,et,short,short,,
5,392.0,-,,space,,
6,392.0,a,long,long,,
7,392.0,ras,UNK,long,,
8,392.0,-,,space,,
9,392.0,cae,UNK,long,,
10,392.0,li,short,short,,
11,392.0,tum,elision,elision,,
12,392.0,-,,space,,
13,392.0,et,long,long,,
14,392.0,-,,space,,
15,392.0,pa,short,short,,
16,392.0,tri,short,short,,
17,392.0,os,long,long,,
18,392.0,-,,space,,
19,392.0,la,short,short,,
20,392.0,res,UNK,long,,
21,392.0,-,,space,,
22,393.0,post,UNK,short,?,
23,393.0,-,,space,,
24,393.0,lon,long,long,,
25,393.0,ga,short,short,,
26,393.0,-,,space,,
27,393.0,fes,long,long,,
28,393.0,sus,UNK,short,,
29,393.0,-,,space,,
30,393.0,spa,short,short,,
31,393.0,ti,short,short,,
32,393.0,a,short,short,,
33,393.0,-,,space,,
34,393.0,vix,long,long,?,
35,393.0,-,,space,,
36,393.0,cre,UNK,long,,
37,393.0,dens,long,long,,
38,393.0,-,,space,,
39,393.0,mi,short,short,,
40,393.0,hi,UNK,short,,
41,393.0,-,,space,,
42,394.0,sup,UNK,short,,
43,394.0,plex,long,long,,
44,394.0,-,,space,,
45,394.0,a,short,short,,
46,394.0,do,long,long,,
47,394.0,ro,UNK,long,?,
48,394.0,-,,space,,
49,394.0,vo,long,long,,
50,394.0,ta,short,short,,
51,394.0,-,,space,,
52,394.0,su,short,short,,
53,394.0,pe,short,short,,
54,394.0,ris,UNK,long,,
55,394.0,-,,space,,
56,394.0,sol,long,long,,
57,394.0,vi,short,short,,
58,394.0,te,UNK,short,,
59,394.0,-,,space,,
60,395.0,tel,UNK,long,,
61,395.0,lu,long,long,,
62,395.0,ris,short,short,,
63,395.0,-,,space,,
64,395.0,al,long,long,,
65,395.0,tum,UNK,short,,
66,395.0,-,,space,,
67,395.0,re,short,short,,
68,395.0,me,short,short,,
69,395.0,at,short,short,,
70,395.0,-,,space,,
71,395.0,ar,long,long,,
72,395.0,go,short,short,,
73,395.0,li,short,short,,
74,395.0,cae,UNK,long,,
75,395.0,-,,space,,
76,395.0,de,short,short,,
77,395.0,cus,UNK,short,,
78,395.0,-,,space,,
79,396.0,tan,UNK,short,,
80,396.0,dem,elision,elision,,
81,396.0,-,,space,,
82,396.0,ad,long,long,,
83,396.0,-,,space,,
84,396.0,pe,short,short,,
85,396.0,na,long,long,,
86,396.0,tes,UNK,long,,
87,396.0,-,,space,,
88,396.0,vic,long,long,,
89,396.0,tor,short,short,,
90,396.0,-,,space,,
91,396.0,a,short,short,,
92,396.0,ga,short,short,,
93,396.0,mem,UNK,long,?,
94,396.0,non,long,long,,
95,396.0,-,,space,,
96,396.0,su,short,short,,
97,396.0,os,UNK,long,,
98,396.0,-,,space,,
99,397.0,fe,UNK,long,,
100,397.0,lix,long,long,,
101,397.0,-,,space,,
102,397.0,ad,short,short,,
103,397.0,-,,space,,
104,397.0,au,UNK,long,,
105,397.0,res,UNK,long,,
106,397.0,-,,space,,
107,397.0,nun,long,long,,
108,397.0,ti,short,short,,
109,397.0,us,long,long,,
110,397.0,-,,space,,
111,397.0,ve,UNK,short,he comes,
112,397.0,nit,long,long,,
113,397.0,-,,space,,
114,397.0,me,short,short,,
115,397.0,as,UNK,long,,
116,397.0,-,,space,,
117,398.0,u,short,short,,
118,398.0,bi,short,short,,
119,398.0,nam,long,long,,
120,398.0,-,,space,,
121,398.0,pe,short,short,,
122,398.0,ti,long,long,,
123,398.0,tus,UNK,short,,
124,398.0,-,,space,,
125,398.0,per,long,long,,
126,398.0,-,,space,,
127,398.0,de,short,short,,
128,398.0,cem,long,long,,
129,398.0,-,,space,,
130,398.0,con,UNK,short,,
131,398.0,junx,long,long,,
132,398.0,-,,space,,
133,398.0,mi,short,short,,
134,398.0,hi,UNK,short,,
135,398.0,-,,space,,
136,399.0,an,UNK,short,?,double consonant?
137,399.0,nos,long,long,,
138,399.0,-,,space,,
139,399.0,mo,short,short,,
140,399.0,ra,long,long,,
141,399.0,tur,UNK,short,,
142,399.0,-,,space,,
143,399.0,pe,short,short,,
144,399.0,la,short,short,,
145,399.0,gus,short,short,,
146,399.0,-,,space,,
147,399.0,an,long,long,,
148,399.0,ter,UNK,short,?,double consonant?
149,399.0,ras,long,long,,
150,399.0,-,,space,,
151,399.0,pre,short,short,,
152,399.0,mit,UNK,short,,
153,399.0,-,,space,,
154,400.0,in,UNK,short,,
155,400.0,co,short,short,,
156,400.0,lu,short,short,,
157,400.0,mis,short,short,,
158,400.0,-,,space,,
159,400.0,auc,UNK,long,?,diphthong?
160,400.0,tus,UNK,short,,
161,400.0,-,,space,,
162,400.0,glo,long,long,,
163,400.0,ri,short,short,,
164,400.0,a,long,long,,
165,400.0,-,,space,,
166,400.0,lau,UNK,long,,
167,400.0,de,elision,elision,,
168,400.0,-,,space,,
169,400.0,in,long,long,,
170,400.0,cli,short,short,,
171,400.0,tus,UNK,short,,
172,400.0,-,,space,,
173,401.0,re,short,short,,
174,401.0,du,short,short,,
175,401.0,cem,elision,elision,,
176,401.0,-,,space,,
177,401.0,ex,long,long,,
178,401.0,pe,short,short,,
179,401.0,ti,long,long,,
180,401.0,to,UNK,short,?,part?
181,401.0,-,,space,,
182,401.0,li,long,long,,
183,401.0,to,short,short,,
184,401.0,ri,elision,elision,,
185,401.0,-,,space,,
186,401.0,im,long,long,,
187,401.0,pres,UNK,short,?,double consonant?
188,401.0,sit,long,long,,
189,401.0,-,,space,,
190,401.0,pe,short,short,,
191,401.0,dem,UNK,short,,
192,401.0,-,,space,,
193,402.0,sa,UNK,short,,
194,402.0,cris,long,long,,
195,402.0,-,,space,,
196,402.0,co,short,short,,
197,402.0,la,long,long,,
198,402.0,mus,UNK,short,,
199,402.0,-,,space,,
200,402.0,pros,long,long,,
201,402.0,pe,short,short,,
202,402.0,rum,long,long,,
203,402.0,-,,space,,
204,402.0,tan,UNK,short,,
205,402.0,dem,long,long,,
206,402.0,-,,space,,
207,402.0,di,short,short,,
208,402.0,em,UNK,short,,
209,402.0,-,,space,,
210,403.0,et,UNK,short,,
211,403.0,-,,space,,
212,403.0,si,long,long,,
213,403.0,-,,space,,
214,403.0,pro,short,short,,
215,403.0,pi,short,short,,
216,403.0,ti,short,short,,
217,403.0,os,UNK,long,,
218,403.0,-,,space,,
219,403.0,at,long,long,,
220,403.0,ta,short,short,,
221,403.0,men,long,long,,
222,403.0,-,,space,,
223,403.0,len,UNK,short,,
224,403.0,tos,long,long,,
225,403.0,-,,space,,
226,403.0,de,short,short,,
227,403.0,os,UNK,long,,
228,403.0,-,,space,,
229,404.0,tu,UNK,long,,
230,404.0,-,,space,,
231,404.0,pan,long,long,,
232,404.0,de,short,short,,
233,404.0,-,,space,,
234,404.0,vi,long,long,,
235,404.0,vat,UNK,short,,
236,404.0,-,,space,,
237,404.0,con,long,long,,
238,404.0,ju,short,short,,
239,404.0,gis,long,long,,
240,404.0,-,,space,,
241,404.0,fra,UNK,long,,
242,404.0,ter,long,long,,
243,404.0,-,,space,,
244,404.0,mei,short,short,,
245,404.0,-,,space,,
246,405.0,et,UNK,short,,
247,405.0,-,,space,,
248,405.0,pan,long,long,,
249,405.0,de,short,short,,
250,405.0,-,,space,,
251,405.0,te,short,short,,
252,405.0,ne,short,short,,
253,405.0,at,UNK,short,,
254,405.0,-,,space,,
255,405.0,quas,long,long,,
256,405.0,-,,space,,
257,405.0,so,short,short,,
258,405.0,ror,long,long,,
259,405.0,-,,space,,
260,405.0,se,UNK,long,,
261,405.0,des,long,long,,
262,405.0,-,,space,,
263,405.0,me,short,short,,
264,405.0,a,UNK,short,,
265,405.0,-,,space,,
266,406.0,me,short,short,,
267,406.0,li,short,short,,
268,406.0,o,long,long,,
269,406.0,ra,short,short,,
270,406.0,-,,space,,
271,406.0,vo,long,long,,
272,406.0,tis,UNK,long,,
273,406.0,-,,space,,
274,406.0,pos,long,long,,
275,406.0,co,elision,elision,,
276,406.0,-,,space,,
277,406.0,et,short,short,,
278,406.0,ob,long,long,,
279,406.0,tes,UNK,short,,
280,406.0,tor,long,long,,
281,406.0,-,,space,,
282,406.0,de,short,short,,
283,406.0,os,UNK,long,,
284,406.0,-,,space,,
285,407.0,nam,UNK,short,?,always?
286,407.0,-,,space,,
287,407.0,cer,long,long,,
288,407.0,ta,short,short,,
289,407.0,-,,space,,
290,407.0,fa,long,long,,
291,407.0,ri,UNK,long,,
292,407.0,-,,space,,
293,407.0,sors,long,long,,
294,407.0,-,,space,,
295,407.0,ma,short,short,,
296,407.0,ris,long,long,,
297,407.0,-,,space,,
298,407.0,du,short,short,,
299,407.0,bi,short,short,,
300,407.0,i,long,long,,
301,407.0,ve,short,short,,
302,407.0,tat,UNK,short,,
303,407.0,-,,space,,
304,408.0,ut,UNK,short,?,always?
305,408.0,-,,space,,
306,408.0,spar,long,long,,
307,408.0,sa,short,short,,
308,408.0,-,,space,,
309,408.0,tu,short,short,,
310,408.0,mi,short,short,,
311,408.0,dum,UNK,short,,
312,408.0,-,,space,,
313,408.0,clas,long,long,,
314,408.0,sis,short,short,,
315,408.0,-,,space,,
316,408.0,ex,long,long,,
317,408.0,ce,UNK,long,,
318,408.0,pit,long,long,,
319,408.0,-,,space,,
320,408.0,ma,short,short,,
321,408.0,re,UNK,short,,
322,408.0,-,,space,,
323,409.0,quin,UNK,long,,
324,409.0,-,,space,,
325,409.0,ip,long,long,,
326,409.0,se,elision,elision,,
327,409.0,-,,space,,
328,409.0,a,short,short,,
329,409.0,tri,long,long,,
330,409.0,des,UNK,long,,
331,409.0,-,,space,,
332,409.0,ae,UNK,long,,
333,409.0,quo,short,short,,
334,409.0,re,elision,elision,,
335,409.0,-,,space,,
336,409.0,im,long,long,,
337,409.0,men,UNK,long,,
338,409.0,so,long,long,,
339,409.0,-,,space,,
340,409.0,va,short,short,,
341,409.0,gus,UNK,short,,
342,409.0,-,,space,,
343,410.0,gra,short,short,,
344,410.0,vi,short,short,,
345,410.0,o,long,long,,
346,410.0,ra,short,short,,
347,410.0,-,,space,,
348,410.0,pe,short,short,,
349,410.0,la,short,short,,
350,410.0,go,UNK,long,,
351,410.0,-,,space,,
352,410.0,dam,long,long,,
353,410.0,na,short,short,,
354,410.0,-,,space,,
355,410.0,quam,long,long,,
356,410.0,-,,space,,
357,410.0,bel,UNK,short,,
358,410.0,lo,long,long,,
359,410.0,-,,space,,
360,410.0,tu,short,short,,
361,410.0,lit,UNK,short,,
362,410.0,-,,space,,
363,411.0,re,short,short,,
364,411.0,me,short,short,,
365,411.0,at,long,long,,
366,411.0,que,short,short,,
367,411.0,-,,space,,
368,411.0,vic,long,long,,
369,411.0,to,UNK,long,,
370,411.0,-,,space,,
371,411.0,si,short,short,,
372,411.0,mi,short,short,,
373,411.0,lis,short,short,,
374,411.0,-,,space,,
375,411.0,ex,long,long,,
376,411.0,i,short,short,,
377,411.0,gu,short,short,,
378,411.0,as,long,long,,
379,411.0,-,,space,,
380,411.0,tra,short,short,,
381,411.0,hens,UNK,long,,
382,411.0,-,,space,,
383,412.0,la,short,short,,
384,412.0,ce,short,short,,
385,412.0,ras,long,long,,
386,412.0,que,short,short,,
387,412.0,-,,space,,
388,412.0,vic,long,long,,
389,412.0,tor,UNK,short,,
390,412.0,-,,space,,
391,412.0,clas,long,long,,
392,412.0,se,short,short,,
393,412.0,-,,space,,
394,412.0,de,long,long,,
395,412.0,-,,space,,
396,412.0,tan,UNK,short,,
397,412.0,ta,long,long,,
398,412.0,-,,space,,
399,412.0,ra,short,short,,
400,412.0,tes,UNK,long,,
401,412.0,-,,space,,
402,413.0,quis,UNK,short,?,long in plural?
403,413.0,-,,space,,
404,413.0,fa,long,long,,
405,413.0,re,short,short,,
406,413.0,-,,space,,
407,413.0,nos,long,long,,
408,413.0,tras,UNK,long,,
409,413.0,-,,space,,
410,413.0,hau,UNK,long,,
411,413.0,se,short,short,,
412,413.0,rit,long,long,,
413,413.0,-,,space,,
414,413.0,ca,UNK,long,,
415,413.0,sus,long,long,,
416,413.0,-,,space,,
417,413.0,ra,short,short,,
418,413.0,tes,UNK,long,,
419,413.0,-,,space,,
420,414.0,aut,UNK,long,,
421,414.0,-,,space,,
422,414.0,quae,UNK,long,,
423,414.0,-,,space,,
424,414.0,ma,short,short,,
425,414.0,ris,long,long,,
426,414.0,-,,space,,
427,414.0,for,UNK,short,,
428,414.0,tu,long,long,,
429,414.0,na,short,short,,
430,414.0,-,,space,,
431,414.0,dis,long,long,,
432,414.0,pu,short,short,,
433,414.0,le,short,short,,
434,414.0,rit,long,long,,
435,414.0,-,,space,,
436,414.0,du,short,short,,
437,414.0,ces,UNK,long,,
438,414.0,-,,space,,
439,415.0,a,UNK,short,,
440,415.0,cer,long,long,,
441,415.0,ba,short,short,?,poetic freedom? 
442,415.0,-,,space,,
443,415.0,fa,long,long,,
444,415.0,tu,UNK,long,,
445,415.0,-,,space,,
446,415.0,pos,long,long,,
447,415.0,cis,short,short,,
448,415.0,-,,space,,
449,415.0,in,long,long,,
450,415.0,faus,UNK,long,,
451,415.0,tum,long,long,,
452,415.0,-,,space,,
453,415.0,iu,short,short,,
454,415.0,bes,UNK,long,,
455,415.0,-,,space,,
456,416.0,mens,UNK,long,,
457,416.0,-,,space,,
458,416.0,ae,UNK,long,,
459,416.0,gra,short,short,,
460,416.0,-,,space,,
461,416.0,tan,long,long,,
462,416.0,tis,UNK,long,,
463,416.0,-,,space,,
464,416.0,at,long,long,,
465,416.0,que,elision,elision,,
466,416.0,-,,space,,
467,416.0,in,short,short,,
468,416.0,hor,long,long,,
469,416.0,res,UNK,long,,
470,416.0,cit,long,long,,
471,416.0,-,,space,,
472,416.0,ma,short,short,,
473,416.0,lis,UNK,long,,
474,416.0,-,,space,,
475,417.0,ex,UNK,short,,
476,417.0,pro,long,long,,
477,417.0,me,short,short,,
478,417.0,-,,space,,
479,417.0,cla,long,long,,
480,417.0,des,UNK,long,,
481,417.0,-,,space,,
482,417.0,sci,long,long,,
483,417.0,re,short,short,,
484,417.0,-,,space,,
485,417.0,qui,long,long,,
486,417.0,-,,space,,
487,417.0,re,short,short,,
488,417.0,fu,short,short,,
489,417.0,git,long,long,,
490,417.0,-,,space,,
491,417.0,su,short,short,,
492,417.0,as,UNK,long,,
493,417.0,-,,space,,
494,418.0,gra,UNK,short,,
495,418.0,vat,long,long,,
496,418.0,-,,space,,
497,418.0,ti,short,short,,
498,418.0,mo,long,long,,
499,418.0,rem,UNK,short,,
500,418.0,-,,space,,
501,418.0,du,short,short,,
502,418.0,bi,short,short,,
503,418.0,a,short,short,,
504,418.0,-,,space,,
505,418.0,plus,long,long,,
506,418.0,-,,space,,
507,418.0,tor,UNK,short,,
508,418.0,quent,long,long,,
509,418.0,-,,space,,
510,418.0,ma,short,short,,
511,418.0,la,UNK,short,,
512,418.0,-,,space,,
513,419.0,ut,UNK,short,,
514,419.0,-,,space,,
515,419.0,per,long,long,,
516,419.0,ga,short,short,,
517,419.0,mum,elision,elision,,
518,419.0,-,,space,,
519,419.0,om,long,long,,
520,419.0,ne,UNK,short,,
521,419.0,-,,space,,
522,419.0,do,long,long,,
523,419.0,ri,short,short,,
524,419.0,ca,short,short,,
525,419.0,-,,space,,
526,419.0,ce,short,short,,
527,419.0,ci,UNK,short,,
528,419.0,dit,long,long,,
529,419.0,-,,space,,
530,419.0,fa,short,short,,
531,419.0,ce,UNK,short,,
532,419.0,-,,space,,
533,420.0,di,UNK,long,,
534,420.0,vi,long,long,,
535,420.0,sa,short,short,,
536,420.0,-,,space,,
537,420.0,prae,UNK,long,,
538,420.0,da,elision,elision,,
539,420.0,-,,space,,
540,420.0,est,UNK,short,,
541,420.0,-,,space,,
542,420.0,ma,short,short,,
543,420.0,ri,short,short,,
544,420.0,a,short,short,,
545,420.0,-,,space,,
546,420.0,pro,short,short,,
547,420.0,pe,short,short,,
548,420.0,ran,UNK,short,,
549,420.0,tes,long,long,,
550,420.0,-,,space,,
551,420.0,pe,short,short,,
552,420.0,tunt,UNK,short,,
553,420.0,-,,space,,
554,421.0,ne,UNK,short,,
555,421.0,glec,long,long,,
556,421.0,ta,short,short,,
557,421.0,-,,space,,
558,421.0,sum,long,long,,
559,421.0,mas,UNK,long,,
560,421.0,-,,space,,
561,421.0,scu,long,long,,
562,421.0,ta,short,short,,
563,421.0,-,,space,,
564,421.0,per,long,long,,
565,421.0,-,,space,,
566,421.0,pup,UNK,short,,
567,421.0,pes,long,long,,
568,421.0,-,,space,,
569,421.0,ia,short,short,,
570,421.0,cent,UNK,short,,
571,421.0,-,,space,,
572,422.0,ad,UNK,short,,
573,422.0,-,,space,,
574,422.0,mi,long,long,,
575,422.0,li,short,short,,
576,422.0,ta,long,long,,
577,422.0,res,UNK,long,,
578,422.0,-,,space,,
579,422.0,re,long,long,,
580,422.0,mus,short,short,,
581,422.0,-,,space,,
582,422.0,ap,long,long,,
583,422.0,ta,UNK,long,,
584,422.0,tur,long,long,,
585,422.0,-,,space,,
586,422.0,ma,short,short,,
587,422.0,nus,UNK,short,,
588,422.0,-,,space,,
589,423.0,om,UNK,short,,
590,423.0,nis,long,long,,
591,423.0,que,short,short,,
592,423.0,-,,space,,
593,423.0,ni,short,short,,
594,423.0,mi,short,short,,
595,423.0,um,UNK,short,,
596,423.0,-,,space,,
597,423.0,lon,long,long,,
598,423.0,ga,short,short,,
599,423.0,-,,space,,
600,423.0,pro,short,short,,
601,423.0,pe,short,short,,
602,423.0,ran,UNK,long,,
603,423.0,ti,long,long,,
604,423.0,-,,space,,
605,423.0,mo,short,short,,
606,423.0,ra,elision,elision,,
607,423.0,-,,space,,
608,423.0,est,UNK,short,,
609,423.0,-,,space,,
610,424.0,sig,UNK,short,,
611,424.0,num,long,long,,
612,424.0,-,,space,,
613,424.0,re,short,short,,
614,424.0,cur,long,long,,
615,424.0,sus,UNK,short,,
616,424.0,-,,space,,
617,424.0,re,long,long,,
618,424.0,gi,short,short,,
619,424.0,a,elision,elision,,
620,424.0,-,,space,,
621,424.0,ut,long,long,,
622,424.0,-,,space,,
623,424.0,ful,UNK,short,,
624,424.0,sit,long,long,,
625,424.0,-,,space,,
626,424.0,ra,short,short,,
627,424.0,te,UNK,short,,
628,424.0,-,,space,,
629,425.0,et,UNK,short,,
630,425.0,-,,space,,
631,425.0,cla,long,long,,
632,425.0,ra,short,short,,
633,425.0,-,,space,,
634,425.0,lae,UNK,long,,
635,425.0,tum,UNK,short,,
636,425.0,-,,space,,
637,425.0,re,long,long,,
638,425.0,mi,short,short,,
639,425.0,gem,long,long,,
640,425.0,-,,space,,
641,425.0,mo,short,short,,
642,425.0,nu,short,short,,
643,425.0,it,long,long,,
644,425.0,-,,space,,
645,425.0,tu,short,short,,
646,425.0,ba,UNK,short,,
647,425.0,-,,space,,
648,426.0,au,UNK,long,,
649,426.0,ra,long,long,,
650,426.0,ta,short,short,,
651,426.0,-,,space,,
652,426.0,pri,long,long,,
653,426.0,mas,UNK,long,,
654,426.0,-,,space,,
655,426.0,pro,long,long,,
656,426.0,ra,short,short,,
657,426.0,-,,space,,
658,426.0,de,long,long,,
659,426.0,sig,UNK,short,,
660,426.0,nat,long,long,,
661,426.0,-,,space,,
662,426.0,vi,short,short,,
663,426.0,as,UNK,long,,
664,426.0,-,,space,,
665,427.0,a,short,short,,
666,427.0,pe,short,short,,
667,427.0,rit,long,long,,
668,427.0,que,short,short,,
669,427.0,-,,space,,
670,427.0,cur,long,long,,
671,427.0,sus,UNK,short,?,nom s right?
672,427.0,-,,space,,
673,427.0,mil,long,long,,
674,427.0,le,short,short,,
675,427.0,-,,space,,
676,427.0,quos,long,long,,
677,427.0,-,,space,,
678,427.0,pup,UNK,short,,
679,427.0,pes,long,long,,
680,427.0,-,,space,,
681,427.0,se,short,short,,
682,427.0,cent,UNK,short,,
683,427.0,-,,space,,
684,428.0,hinc,UNK,short,,
685,428.0,-,,space,,
686,428.0,au,UNK,long,,
687,428.0,ra,short,short,,
688,428.0,-,,space,,
689,428.0,pri,long,long,,
690,428.0,mo,UNK,long,,
691,428.0,-,,space,,
692,428.0,le,long,long,,
693,428.0,nis,short,short,,
694,428.0,-,,space,,
695,428.0,im,long,long,,
696,428.0,pel,UNK,short,,
697,428.0,lit,long,long,,
698,428.0,-,,space,,
699,428.0,ra,short,short,,
700,428.0,tes,UNK,long,,
701,428.0,-,,space,,
702,429.0,ad,UNK,short,,
703,429.0,lap,long,long,,
704,429.0,sa,short,short,,
705,429.0,-,,space,,
706,429.0,ve,long,long,,
707,429.0,lis,UNK,long,,
708,429.0,-,,space,,
709,429.0,un,long,long,,
710,429.0,da,short,short,,
711,429.0,-,,space,,
712,429.0,vix,long,long,,
713,429.0,-,,space,,
714,429.0,ac,UNK,long,,
715,429.0,tu,long,long,,
716,429.0,-,,space,,
717,429.0,le,short,short,,
718,429.0,vi,UNK,long,,
719,429.0,-,,space,,
720,430.0,splen,UNK,short,,
721,430.0,det,long,long,,
722,430.0,que,short,short,,
723,430.0,-,,space,,
724,430.0,clas,long,long,,
725,430.0,se,UNK,short,,
726,430.0,-,,space,,
727,430.0,pe,short,short,,
728,430.0,la,short,short,,
729,430.0,gus,short,short,,
730,430.0,-,,space,,
731,430.0,et,long,long,,
732,430.0,-,,space,,
733,430.0,pa,short,short,,
734,430.0,ri,short,short,,
735,430.0,ter,long,long,,
736,430.0,-,,space,,
737,430.0,la,short,short,,
738,430.0,tet,UNK,short,,
739,430.0,-,,space,,
740,431.0,iu,UNK,short,,
741,431.0,vat,long,long,,
742,431.0,-,,space,,
743,431.0,vi,short,short,,
744,431.0,de,long,long,,
745,431.0,re,UNK,short,,
746,431.0,-,,space,,
747,431.0,nu,long,long,,
748,431.0,da,short,short,,
749,431.0,-,,space,,
750,431.0,tro,long,long,,
751,431.0,iae,UNK,long,,
752,431.0,-,,space,,
753,431.0,li,long,long,,
754,431.0,to,short,short,,
755,431.0,ra,UNK,short,,
756,431.0,-,,space,,
757,432.0,iu,UNK,short,,
758,432.0,vat,long,long,,
759,432.0,-,,space,,
760,432.0,re,short,short,,
761,432.0,lic,long,long,,
762,432.0,ti,UNK,long,,
763,432.0,-,,space,,
764,432.0,so,long,long,,
765,432.0,la,short,short,,
766,432.0,-,,space,,
767,432.0,si,long,long,,
768,432.0,gei,UNK,long,,
769,432.0,-,,space,,
770,432.0,lo,short,short,,
771,432.0,ca,UNK,short,,
772,432.0,-,,space,,
773,433.0,pro,short,short,,
774,433.0,pe,short,short,,
775,433.0,rat,long,long,,
776,433.0,-,,space,,
777,433.0,iu,short,short,,
778,433.0,ven,long,long,,
779,433.0,tus,UNK,short,,
780,433.0,-,,space,,
781,433.0,om,long,long,,
782,433.0,nis,short,short,,
783,433.0,-,,space,,
784,433.0,ad,long,long,,
785,433.0,duc,UNK,short,,
786,433.0,tos,long,long,,
787,433.0,-,,space,,
788,433.0,si,short,short,,
789,433.0,mul,UNK,short,,
790,433.0,-,,space,,
791,434.0,len,UNK,short,,
792,434.0,ta,long,long,,
793,434.0,re,short,short,,
794,434.0,-,,space,,
795,434.0,re,long,long,,
796,434.0,mos,UNK,long,,
797,434.0,-,,space,,
798,434.0,ad,long,long,,
799,434.0,iu,short,short,,
800,434.0,vat,long,long,,
801,434.0,-,,space,,
802,434.0,ven,UNK,short,,
803,434.0,tos,long,long,,
804,434.0,-,,space,,
805,434.0,ma,short,short,,
806,434.0,nu,UNK,long,,
807,434.0,-,,space,,
808,435.0,et,UNK,short,,
809,435.0,-,,space,,
810,435.0,va,short,short,,
811,435.0,li,short,short,,
812,435.0,da,short,short,,
813,435.0,-,,space,,
814,435.0,ni,long,long,,
815,435.0,su,UNK,long,,
816,435.0,-,,space,,
817,435.0,brac,long,long,?,syllable?
818,435.0,chi,short,short,,
819,435.0,a,elision,elision,,
820,435.0,-,,space,,
821,435.0,al,long,long,,
822,435.0,ter,UNK,short,,
823,435.0,no,long,long,,
824,435.0,-,,space,,
825,435.0,mo,short,short,,
826,435.0,vet,UNK,short,,
827,435.0,-,,space,,
828,436.0,di,short,short,,
829,436.0,ri,short,short,,
830,436.0,munt,long,long,,
831,436.0,que,short,short,,
832,436.0,-,,space,,
833,436.0,ca,long,long,,
834,436.0,nae,UNK,long,,
835,436.0,-,,space,,
836,436.0,cae,UNK,long,,
837,436.0,ru,short,short,,
838,436.0,lum,long,long,,
839,436.0,-,,space,,
840,436.0,spu,UNK,long,,
841,436.0,mae,UNK,long,,
842,436.0,-,,space,,
843,436.0,ma,short,short,,
844,436.0,re,UNK,short,,
845,436.0,-,,space,,
846,437.0,ut,UNK,short,,
847,437.0,-,,space,,
848,437.0,au,UNK,long,,
849,437.0,ra,short,short,,
850,437.0,-,,space,,
851,437.0,ple,long,long,,
852,437.0,nos,UNK,long,,
853,437.0,-,,space,,
854,437.0,for,long,long,,
855,437.0,ti,short,short,,
856,437.0,or,long,long,,
857,437.0,-,,space,,
858,437.0,ten,UNK,short,,
859,437.0,dit,long,long,,
860,437.0,-,,space,,
861,437.0,si,short,short,,
862,437.0,nus,UNK,short,,
863,437.0,-,,space,,
864,438.0,po,short,short,,
865,438.0,su,short,short,,
866,438.0,e,long,long,,
867,438.0,re,short,short,,
868,438.0,-,,space,,
869,438.0,ton,long,long,,
870,438.0,sas,UNK,long,,
871,438.0,-,,space,,
872,438.0,cre,long,long,,
873,438.0,di,short,short,,
874,438.0,ta,elision,elision,,
875,438.0,-,,space,,
876,438.0,est,long,long,,
877,438.0,-,,space,,
878,438.0,ven,UNK,short,,
879,438.0,to,long,long,,
880,438.0,-,,space,,
881,438.0,ra,short,short,,
882,438.0,tis,UNK,short,?,nom right?
883,438.0,-,,space,,
884,439.0,fu,UNK,long,,
885,439.0,sus,long,long,,
886,439.0,que,short,short,,
887,439.0,-,,space,,
888,439.0,tran,long,long,,
889,439.0,stris,UNK,long,?,syllable?
890,439.0,-,,space,,
891,439.0,mi,long,long,,
892,439.0,les,short,short,,
893,439.0,-,,space,,
894,439.0,aut,UNK,long,?,diphthong?
895,439.0,-,,space,,
896,439.0,ter,UNK,short,,
897,439.0,ras,long,long,,
898,439.0,-,,space,,
899,439.0,pro,short,short,,
900,439.0,cul,UNK,short,,
901,439.0,-,,space,,
902,440.0,quan,UNK,short,,
903,440.0,tum,long,long,,
904,440.0,-,,space,,
905,440.0,re,short,short,,
906,440.0,ce,long,long,,
907,440.0,dunt,UNK,short,,
908,440.0,-,,space,,
909,440.0,ve,long,long,,
910,440.0,la,short,short,,
911,440.0,-,,space,,
912,440.0,fu,short,short,,
913,440.0,gi,short,short,,
914,440.0,en,UNK,short,,
915,440.0,tes,long,long,,
916,440.0,-,,space,,
917,440.0,no,short,short,,
918,440.0,tat,UNK,short,,
919,440.0,-,,space,,
920,441.0,aut,UNK,short,?,
921,441.0,-,,space,,
922,441.0,bel,long,long,,
923,441.0,la,short,short,,
924,441.0,-,,space,,
925,441.0,nar,long,long,,
926,441.0,rat,UNK,short,,
927,441.0,-,,space,,
928,441.0,hec,long,long,,
929,441.0,to,short,short,,
930,441.0,ris,long,long,,
931,441.0,-,,space,,
932,441.0,for,UNK,short,,
933,441.0,tis,long,long,,
934,441.0,-,,space,,
935,441.0,mi,short,short,,
936,441.0,nas,UNK,long,,
937,441.0,-,,space,,
938,442.0,cur,UNK,short,,
939,442.0,rus,long,long,,
940,442.0,que,elision,elision,,
941,442.0,-,,space,,
942,442.0,et,short,short,,
943,442.0,-,,space,,
944,442.0,emp,long,long,?,syllable?
945,442.0,to,UNK,long,,
946,442.0,-,,space,,
947,442.0,red,long,long,,
948,442.0,di,short,short,,
949,442.0,tum,long,long,,
950,442.0,-,,space,,
951,442.0,cor,UNK,short,,
952,442.0,pus,long,long,,
953,442.0,-,,space,,
954,442.0,ro,short,short,,
955,442.0,go,UNK,long,,
956,442.0,-,,space,,
957,443.0,spar,UNK,short,,
958,443.0,sum,long,long,,
959,443.0,-,,space,,
960,443.0,cru,short,short,,
961,443.0,o,long,long,,
962,443.0,re,UNK,short,,
963,443.0,-,,space,,
964,443.0,re,long,long,,
965,443.0,gis,short,short,,
966,443.0,-,,space,,
967,443.0,her,long,long,,
968,443.0,ce,UNK,short,?,no wikitionary entry
969,443.0,um,long,long,,
970,443.0,-,,space,,
971,443.0,io,short,short,,
972,443.0,vem,UNK,short,,
973,443.0,-,,space,,
974,444.0,tunc,UNK,short,,
975,444.0,-,,space,,
976,444.0,qui,long,long,,
977,444.0,-,,space,,
978,444.0,ia,short,short,,
979,444.0,cen,long,long,,
980,444.0,te,UNK,short,,
981,444.0,-,,space,,
982,444.0,re,short,short,,
983,444.0,ci,short,short,,
984,444.0,pro,short,short,,
985,444.0,cus,long,long,,
986,444.0,-,,space,,
987,444.0,lu,UNK,long,,
988,444.0,dit,long,long,,
989,444.0,-,,space,,
990,444.0,sa,short,short,,
991,444.0,lo,UNK,long,,
992,444.0,-,,space,,
993,445.0,tu,short,short,,
994,445.0,mi,short,short,,
995,445.0,dum,long,long,,
996,445.0,que,short,short,,
997,445.0,-,,space,,
998,445.0,pan,long,long,,
999,445.0,do,UNK,long,,
1000,445.0,-,,space,,
1001,445.0,tran,long,long,,
1002,445.0,si,short,short,,
1003,445.0,lit,long,long,,
1004,445.0,-,,space,,
1005,445.0,dor,UNK,short,,
1006,445.0,so,long,long,,
1007,445.0,-,,space,,
1008,445.0,ma,short,short,,
1009,445.0,re,UNK,short,,
1010,445.0,-,,space,,
1011,446.0,tyr,UNK,UNK,,
1012,446.0,rhe,long,long,,
1013,446.0,nus,short,short,,
1014,446.0,-,,space,,
1015,446.0,om,long,long,,
1016,446.0,ni,UNK,short,,
1017,446.0,-,,space,,
1018,446.0,pis,long,long,,
1019,446.0,cis,short,short,,
1020,446.0,-,,space,,
1021,446.0,ex,long,long,,
1022,446.0,ul,UNK,short,,
1023,446.0,tat,long,long,,
1024,446.0,-,,space,,
1025,446.0,fre,short,short,,
1026,446.0,to,UNK,long,,
1027,446.0,-,,space,,
1028,447.0,a,short,short,,
1029,447.0,gi,short,short,,
1030,447.0,tat,long,long,,
1031,447.0,que,short,short,,
1032,447.0,-,,space,,
1033,447.0,gy,long,long,,
1034,447.0,ros,UNK,long,,
1035,447.0,-,,space,,
1036,447.0,et,long,long,,
1037,447.0,-,,space,,
1038,447.0,co,short,short,,
1039,447.0,mes,long,long,,
1040,447.0,-,,space,,
1041,447.0,la,short,short,,
1042,447.0,te,short,short,,
1043,447.0,ri,elision,elision,,
1044,447.0,-,,space,,
1045,447.0,ad,long,long,,
1046,447.0,na,short,short,,
1047,447.0,tat,UNK,short,,
1048,447.0,-,,space,,
1049,448.0,an,UNK,short,,
1050,448.0,tei,long,long,,
1051,448.0,re,short,short,,
1052,448.0,-,,space,,
1053,448.0,na,long,long,,
1054,448.0,ves,UNK,long,,
1055,448.0,-,,space,,
1056,448.0,lae,UNK,long,,
1057,448.0,tus,short,short,,
1058,448.0,-,,space,,
1059,448.0,et,long,long,,
1060,448.0,-,,space,,
1061,448.0,rur,UNK,long,,
1062,448.0,sus,long,long,,
1063,448.0,-,,space,,
1064,448.0,se,short,short,,
1065,448.0,qui,UNK,long,,
1066,448.0,-,,space,,
1067,449.0,nunc,UNK,short,,
1068,449.0,-,,space,,
1069,449.0,pri,long,long,,
1070,449.0,ma,short,short,,
1071,449.0,-,,space,,
1072,449.0,tan,long,long,,
1073,449.0,gens,UNK,long,,
1074,449.0,-,,space,,
1075,449.0,ros,long,long,,
1076,449.0,tra,short,short,,
1077,449.0,-,,space,,
1078,449.0,las,long,long,,
1079,449.0,ci,UNK,long,,
1080,449.0,vit,long,long,,
1081,449.0,-,,space,,
1082,449.0,cho,short,short,,
1083,449.0,rus,UNK,short,,
1084,449.0,-,,space,,
1085,450.0,mil,UNK,long,,
1086,450.0,le,long,long,,
1087,450.0,si,short,short,,
1088,450.0,mam,long,long,,
1089,450.0,-,,space,,
1090,450.0,nunc,UNK,short,,
1091,450.0,-,,space,,
1092,450.0,am,long,long,,
1093,450.0,bit,short,short,,
1094,450.0,-,,space,,
1095,450.0,et,long,long,,
1096,450.0,-,,space,,
1097,450.0,lus,UNK,long,,
1098,450.0,trat,long,long,,
1099,450.0,-,,space,,
1100,450.0,ra,short,short,,
1101,450.0,tem,UNK,short,,
1102,451.0,iam,UNK,short,,
1103,451.0,-,,space,,
1104,451.0,li,long,long,,
1105,451.0,tus,short,short,,
1106,451.0,-,,space,,
1107,451.0,om,long,long,,
1108,451.0,ne,UNK,short,,
1109,451.0,-,,space,,
1110,451.0,te,short,short,,
1111,451.0,gi,short,short,,
1112,451.0,tur,short,short,,
1113,451.0,-,,space,,
1114,451.0,et,long,long,,
1115,451.0,-,,space,,
1116,451.0,cam,UNK,short,,
1117,451.0,pi,long,long,,
1118,451.0,-,,space,,
1119,451.0,la,short,short,,
1120,451.0,tent,UNK,short,,
1121,451.0,-,,space,,
1122,452.0,et,UNK,short,,
1123,452.0,-,,space,,
1124,452.0,du,short,short,,
1125,452.0,bi,short,short,,
1126,452.0,a,short,short,,
1127,452.0,-,,space,,
1128,452.0,pe,short,short,,
1129,452.0,re,short,short,,
1130,452.0,unt,UNK,short,,
1131,452.0,-,,space,,
1132,452.0,mon,long,long,,
1133,452.0,tis,short,short,,
1134,452.0,-,,space,,
1135,452.0,i,long,long,,
1136,452.0,dae,UNK,long,,
1137,452.0,i,long,long,,
1138,452.0,-,,space,,
1139,452.0,iu,short,short,,
1140,452.0,ga,UNK,short,,
1141,452.0,-,,space,,
1142,453.0,et,UNK,short,,
1143,453.0,-,,space,,
1144,453.0,vix,long,long,,
1145,453.0,-,,space,,
1146,453.0,quod,short,short,,
1147,453.0,-,,space,,
1148,453.0,u,long,long,,
1149,453.0,num,UNK,short,,
1150,453.0,-,,space,,
1151,453.0,per,long,long,,
1152,453.0,vi,short,short,,
1153,453.0,cax,long,long,,
1154,453.0,-,,space,,
1155,453.0,a,short,short,,
1156,453.0,ci,short,short,,
1157,453.0,es,long,long,,
1158,453.0,-,,space,,
1159,453.0,vi,short,short,,
1160,453.0,det,UNK,short,,
1161,453.0,-,,space,,
1162,454.0,i,UNK,long,,
1163,454.0,li,short,short,,
1164,454.0,a,short,short,,
1165,454.0,cus,short,short,,
1166,454.0,-,,space,,
1167,454.0,a,long,long,,
1168,454.0,tra,UNK,long,?,ablative?
1169,454.0,-,,space,,
1170,454.0,fu,long,long,,
1171,454.0,mus,short,short,,
1172,454.0,-,,space,,
1173,454.0,ap,long,long,,
1174,454.0,pa,UNK,long,,
1175,454.0,ret,long,long,,
1176,454.0,-,,space,,
1177,454.0,no,short,short,,
1178,454.0,ta,UNK,long,?,ablative?
1179,454.0,-,,space,,
1180,455.0,iam,UNK,short,,
1181,455.0,-,,space,,
1182,455.0,las,long,long,,
1183,455.0,sa,short,short,,
1184,455.0,-,,space,,
1185,455.0,ti,long,long,,
1186,455.0,tan,UNK,long,?,Pinkster says long
1187,455.0,-,,space,,
1188,455.0,col,long,long,,
1189,455.0,la,short,short,,
1190,455.0,-,,space,,
1191,455.0,re,short,short,,
1192,455.0,le,short,short,,
1193,455.0,va,UNK,long,,
1194,455.0,bat,long,long,,
1195,455.0,-,,space,,
1196,455.0,iu,short,short,,
1197,455.0,go,UNK,long,,
1198,455.0,-,,space,,
1199,456.0,in,UNK,short,,
1200,456.0,-,,space,,
1201,456.0,as,long,long,,
1202,456.0,tra,short,short,,
1203,456.0,-,,space,,
1204,456.0,iam,long,long,,
1205,456.0,-,,space,,
1206,456.0,lux,UNK,long,,
1207,456.0,-,,space,,
1208,456.0,pro,long,long,,
1209,456.0,na,short,short,,
1210,456.0,-,,space,,
1211,456.0,iam,long,long,,
1212,456.0,-,,space,,
1213,456.0,prae,UNK,long,,
1214,456.0,ceps,long,long,,
1215,456.0,di,short,short,,
1216,456.0,es,UNK,long,,
1217,456.0,-,,space,,
1218,457.0,ex,UNK,short,,
1219,457.0,i,short,short,,
1220,457.0,gu,short,short,,
1221,457.0,a,short,short,,
1222,457.0,-,,space,,
1223,457.0,nu,long,long,,
1224,457.0,bes,UNK,long,,
1225,457.0,-,,space,,
1226,457.0,sor,long,long,,
1227,457.0,di,short,short,,
1228,457.0,do,long,long,,
1229,457.0,-,,space,,
1230,457.0,cres,UNK,long,,
1231,457.0,cens,long,long,,
1232,457.0,-,,space,,
1233,457.0,glo,short,short,,
1234,457.0,bo,UNK,long,,
1235,457.0,-,,space,,
1236,458.0,ni,short,short,,
1237,458.0,ti,short,short,,
1238,458.0,dum,long,long,,
1239,458.0,-,,space,,
1240,458.0,ca,short,short,,
1241,458.0,den,long,long,,
1242,458.0,tis,UNK,short,,
1243,458.0,-,,space,,
1244,458.0,in,long,long,,
1245,458.0,qui,short,short,,
1246,458.0,nat,long,long,,
1247,458.0,-,,space,,
1248,458.0,phoe,UNK,long,?,diphthong?
1249,458.0,bi,long,long,,
1250,458.0,-,,space,,
1251,458.0,iu,short,short,,
1252,458.0,bar,UNK,short,,
1253,458.0,-,,space,,
1254,459.0,sus,UNK,short,,
1255,459.0,pec,long,long,,
1256,459.0,ta,short,short,,
1257,459.0,-,,space,,
1258,459.0,va,short,short,,
1259,459.0,ri,short,short,,
1260,459.0,us,UNK,short,,
1261,459.0,-,,space,,
1262,459.0,oc,long,long,,
1263,459.0,ci,short,short,,
1264,459.0,dens,long,long,,
1265,459.0,-,,space,,
1266,459.0,fe,UNK,long,,
1267,459.0,cit,long,long,,
1268,459.0,-,,space,,
1269,459.0,fre,short,short,,
1270,459.0,ta,UNK,short,,
1271,459.0,-,,space,,
1272,460.0,nox,UNK,short,,
1273,460.0,-,,space,,
1274,460.0,pri,long,long,,
1275,460.0,ma,short,short,,
1276,460.0,-,,space,,
1277,460.0,cae,UNK,long,,
1278,460.0,lum,UNK,short,,
1279,460.0,-,,space,,
1280,460.0,spar,long,long,,
1281,460.0,se,short,short,,
1282,460.0,rat,long,long,,
1283,460.0,-,,space,,
1284,460.0,stel,UNK,long,,
1285,460.0,lis,long,long,,
1286,460.0,-,,space,,
1287,460.0,ia,short,short,,
1288,460.0,cent,UNK,short,,
1289,460.0,-,,space,,
1290,461.0,de,UNK,UNK,,
1291,461.0,ser,long,long,,
1292,461.0,ta,short,short,,
1293,461.0,-,,space,,
1294,461.0,ven,long,long,,
1295,461.0,to,UNK,long,,
1296,461.0,-,,space,,
1297,461.0,ve,long,long,,
1298,461.0,la,short,short,,
1299,461.0,-,,space,,
1300,461.0,tum,long,long,,
1301,461.0,-,,space,,
1302,461.0,mur,UNK,short,,
1303,461.0,mur,long,long,,
1304,461.0,-,,space,,
1305,461.0,gra,short,short,,
1306,461.0,ve,UNK,short,,
1307,461.0,-,,space,,
1308,462.0,ma,UNK,long,,
1309,462.0,io,long,long,,
1310,462.0,ra,short,short,,
1311,462.0,-,,space,,
1312,462.0,mi,short,short,,
1313,462.0,ni,short,short,,
1314,462.0,tans,UNK,long,,
1315,462.0,-,,space,,
1316,462.0,col,long,long,,
1317,462.0,li,short,short,,
1318,462.0,bus,long,long,,
1319,462.0,-,,space,,
1320,462.0,sum,UNK,short,,
1321,462.0,mis,long,long,,
1322,462.0,-,,space,,
1323,462.0,ca,short,short,,
1324,462.0,dit,UNK,short,,
1325,462.0,-,,space,,
1326,463.0,trac,UNK,short,,
1327,463.0,tu,long,long,,
1328,463.0,que,short,short,,
1329,463.0,-,,space,,
1330,463.0,lon,long,long,,
1331,463.0,go,UNK,long,,
1332,463.0,-,,space,,
1333,463.0,li,long,long,,
1334,463.0,tus,short,short,,
1335,463.0,-,,space,,
1336,463.0,ac,long,long,,
1337,463.0,-,,space,,
1338,463.0,pe,UNK,short,,
1339,463.0,trae,UNK,long,,
1340,463.0,-,,space,,
1341,463.0,ge,short,short,,
1342,463.0,munt,UNK,short,,
1343,463.0,-,,space,,
1344,464.0,a,short,short,,
1345,464.0,gi,short,short,,
1346,464.0,ta,long,long,,
1347,464.0,ta,short,short,,
1348,464.0,-,,space,,
1349,464.0,ven,long,long,,
1350,464.0,tis,UNK,long,,
1351,464.0,-,,space,,
1352,464.0,un,long,long,,
1353,464.0,da,short,short,,
1354,464.0,-,,space,,
1355,464.0,ven,long,long,,
1356,464.0,tu,UNK,long,,
1357,464.0,ris,long,long,,
1358,464.0,-,,space,,
1359,464.0,tu,short,short,,
1360,464.0,met,UNK,short,,
1361,464.0,-,,space,,
1362,465.0,nec,UNK,short,,
1363,465.0,-,,space,,
1364,465.0,u,long,long,,
1365,465.0,na,short,short,,
1366,465.0,-,,space,,
1367,465.0,nox,long,long,,
1368,465.0,-,,space,,
1369,465.0,est,UNK,short,,
1370,465.0,-,,space,,
1371,465.0,den,long,long,,
1372,465.0,sa,short,short,,
1373,465.0,-,,space,,
1374,465.0,te,short,short,,
1375,465.0,ne,short,short,,
1376,465.0,bras,UNK,long,,
1377,465.0,-,,space,,
1378,465.0,ob,long,long,,
1379,465.0,ru,short,short,,
1380,465.0,it,UNK,short,,
1381,465.0,-,,space,,
1382,466.0,ca,UNK,long,,
1383,466.0,li,long,long,,
1384,466.0,go,elision,elision,,
1385,466.0,-,,space,,
1386,466.0,et,short,short,,
1387,466.0,-,,space,,
1388,466.0,om,long,long,,
1389,466.0,ni,UNK,long,,
1390,466.0,-,,space,,
1391,466.0,lu,long,long,,
1392,466.0,ce,short,short,,
1393,466.0,-,,space,,
1394,466.0,sub,long,long,,
1395,466.0,duc,UNK,short,,
1396,466.0,ta,long,long,,
1397,466.0,-,,space,,
1398,466.0,fre,short,short,,
1399,466.0,tum,UNK,short,,
1400,466.0,-,,space,,
1401,467.0,cae,UNK,long,,
1402,467.0,lum,long,long,,
1403,467.0,que,short,short,,
1404,467.0,-,,space,,
1405,467.0,mis,long,long,,
1406,467.0,cet,UNK,short,,
1407,467.0,-,,space,,
1408,467.0,un,long,long,,
1409,467.0,di,short,short,,
1410,467.0,que,elision,elision,,
1411,467.0,-,,space,,
1412,467.0,in,long,long,,
1413,467.0,cum,UNK,short,,
1414,467.0,bunt,long,long,,
1415,467.0,-,,space,,
1416,467.0,si,short,short,,
1417,467.0,mul,UNK,short,,
1418,467.0,-,,space,,
1419,468.0,ra,short,short,,
1420,468.0,pi,short,short,,
1421,468.0,unt,long,long,,
1422,468.0,que,short,short,,
1423,468.0,-,,space,,
1424,468.0,pe,short,short,,
1425,468.0,la,short,short,,
1426,468.0,gus,UNK,short,,
1427,468.0,-,,space,,
1428,468.0,in,long,long,,
1429,468.0,fi,short,short,,
1430,468.0,mo,elision,elision,,
1431,468.0,-,,space,,
1432,468.0,e,long,long,,
1433,468.0,ver,UNK,short,,
1434,468.0,sum,long,long,,
1435,468.0,-,,space,,
1436,468.0,so,short,short,,
1437,468.0,lo,UNK,long,,
1438,468.0,-,,space,,
1439,469.0,ad,UNK,short,,
1440,469.0,ver,long,long,,
1441,469.0,sus,short,short,,
1442,469.0,-,,space,,
1443,469.0,eu,short,short,,
1444,469.0,ro,short,short,,
1445,469.0,-,,space,,
1446,469.0,zep,short,short,,
1447,469.0,hy,short,short,,
1448,469.0,rus,short,short,,
1449,469.0,-,,space,,
1450,469.0,et,long,long,,
1451,469.0,-,,space,,
1452,469.0,bo,short,short,,
1453,469.0,re,short,short,,
1454,469.0,ae,UNK,long,,
1455,469.0,-,,space,,
1456,469.0,no,short,short,,
1457,469.0,tus,UNK,short,?,name? Wind?
1458,469.0,-,,space,,
1459,470.0,su,short,short,,
1460,470.0,a,short,short,,
1461,470.0,-,,space,,
1462,470.0,quis,long,long,,
1463,470.0,que,short,short,,
1464,470.0,-,,space,,
1465,470.0,mit,long,long,,
1466,470.0,tunt,UNK,short,,
1467,470.0,-,,space,,
1468,470.0,te,long,long,,
1469,470.0,la,elision,elision,,
1470,470.0,-,,space,,
1471,470.0,et,short,short,,
1472,470.0,-,,space,,
1473,470.0,in,long,long,,
1474,470.0,fes,UNK,short,,
1475,470.0,ti,long,long,,
1476,470.0,-,,space,,
1477,470.0,fre,short,short,,
1478,470.0,tum,UNK,short,,
1479,470.0,-,,space,,
1480,471.0,e,UNK,long,,
1481,471.0,mo,long,long,,
1482,471.0,li,short,short,,
1483,471.0,un,long,long,,
1484,471.0,tur,UNK,short,,
1485,471.0,-,,space,,
1486,471.0,tur,long,long,,
1487,471.0,bo,short,short,,
1488,471.0,-,,space,,
1489,471.0,con,long,long,,
1490,471.0,vo,UNK,short,,
1491,471.0,lit,long,long,,
1492,471.0,-,,space,,
1493,471.0,ma,short,short,,
1494,471.0,re,UNK,short,,
1495,471.0,-,,space,,
1496,472.0,li,short,short,,
1497,472.0,by,short,short,,
1498,472.0,cus,long,long,,
1499,472.0,-,,space,,
1500,472.0,que,elision,elision,,
1501,472.0,ha,short,short,,
1502,472.0,re,long,long,,
1503,472.0,nas,UNK,long,,
1504,472.0,-,,space,,
1505,472.0,aus,UNK,long,,
1506,472.0,ter,short,short,,
1507,472.0,-,,space,,
1508,472.0,ac,long,long,,
1509,472.0,-,,space,,
1510,472.0,syr,UNK,short,,
1511,472.0,tes,long,long,,
1512,472.0,-,,space,,
1513,472.0,a,short,short,,
1514,472.0,git,UNK,short,,
1515,472.0,-,,space,,
1516,473.0,nec,UNK,short,,
1517,473.0,-,,space,,
1518,473.0,ma,short,short,,
1519,473.0,net,short,short,,
1520,473.0,-,,space,,
1521,473.0,in,short,short,,
1522,473.0,-,,space,,
1523,473.0,aus,UNK,long,,
1524,473.0,tro,UNK,long,,
1525,473.0,-,,space,,
1526,473.0,fit,long,long,,
1527,473.0,gra,short,short,,
1528,473.0,vis,long,long,,
1529,473.0,-,,space,,
1530,473.0,nim,UNK,short,,
1531,473.0,bis,long,long,,
1532,473.0,-,,space,,
1533,473.0,no,short,short,,
1534,473.0,tus,UNK,short,,
1535,473.0,-,,space,,
1536,474.0,im,UNK,short,,
1537,474.0,bre,elision,elision,,
1538,474.0,-,,space,,
1539,474.0,au,UNK,long,,
1540,474.0,get,short,short,,
1541,474.0,-,,space,,
1542,474.0,un,long,long,,
1543,474.0,das,UNK,long,,
1544,474.0,-,,space,,
1545,474.0,eu,long,long,,
1546,474.0,rus,short,short,,
1547,474.0,-,,space,,
1548,474.0,o,short,short,,
1549,474.0,ri,short,short,,
1550,474.0,en,UNK,short,,
1551,474.0,tem,long,long,,
1552,474.0,-,,space,,
1553,474.0,mo,short,short,,
1554,474.0,vet,UNK,short,,
1555,474.0,-,,space,,
1556,475.0,na,short,short,,
1557,475.0,ba,short,short,,
1558,475.0,tae,UNK,long,,
1559,475.0,a,short,short,,
1560,475.0,-,,space,,
1561,475.0,qua,short,short,,
1562,475.0,ti,short,short,,
1563,475.0,ens,UNK,long,,
1564,475.0,-,,space,,
1565,475.0,reg,long,long,,
1566,475.0,na,elision,elision,,
1567,475.0,-,,space,,
1568,475.0,et,short,short,,
1569,475.0,-,,space,,
1570,475.0,e,long,long,,
1571,475.0,o,UNK,short,?,
1572,475.0,os,long,long,,
1573,475.0,-,,space,,
1574,475.0,si,short,short,,
1575,475.0,nus,UNK,short,,
1576,475.0,-,,space,,
1577,476.0,quid,UNK,short,,
1578,476.0,ra,short,short,,
1579,476.0,bi,short,short,,
1580,476.0,dus,short,short,,
1581,476.0,-,,space,,
1582,476.0,o,long,long,,
1583,476.0,ra,UNK,long,?,Plural accusative?
1584,476.0,-,,space,,
1585,476.0,co,long,long,,
1586,476.0,rus,short,short,,
1587,476.0,-,,space,,
1588,476.0,o,long,long,,
1589,476.0,ce,short,short,,
1590,476.0,a,short,short,,
1591,476.0,no,elision,elision,,
1592,476.0,-,,space,,
1593,476.0,ex,long,long,,
1594,476.0,e,short,short,,
1595,476.0,rens,UNK,long,,
1596,476.0,-,,space,,
1597,477.0,mun,UNK,short,,
1598,477.0,dum,long,long,,
1599,477.0,-,,space,,
1600,477.0,re,short,short,,
1601,477.0,vel,long,long,,
1602,477.0,li,UNK,long,,
1603,477.0,-,,space,,
1604,477.0,se,long,long,,
1605,477.0,di,short,short,,
1606,477.0,bus,long,long,,
1607,477.0,-,,space,,
1608,477.0,to,UNK,long,,
1609,477.0,tum,long,long,,
1610,477.0,-,,space,,
1611,477.0,su,short,short,,
1612,477.0,is,UNK,long,,
1613,477.0,-,,space,,
1614,478.0,ip,UNK,short,,
1615,478.0,sos,long,long,,
1616,478.0,que,short,short,,
1617,478.0,-,,space,,
1618,478.0,rup,long,long,,
1619,478.0,to,UNK,long,,
1620,478.0,-,,space,,
1621,478.0,cre,long,long,,
1622,478.0,de,short,short,,
1623,478.0,res,long,long,,
1624,478.0,-,,space,,
1625,478.0,cae,UNK,long,,
1626,478.0,lo,long,long,,
1627,478.0,-,,space,,
1628,478.0,de,short,short,,
1629,478.0,os,UNK,long,,
1630,478.0,-,,space,,
1631,479.0,de,UNK,long,,
1632,479.0,ci,short,short,,
1633,479.0,de,short,short,,
1634,479.0,re,elision,elision,,
1635,479.0,-,,space,,
1636,479.0,et,short,short,,
1637,479.0,-,,space,,
1638,479.0,a,long,long,,
1639,479.0,trum,UNK,short,,
1640,479.0,-,,space,,
1641,479.0,re,long,long,,
1642,479.0,bus,short,short,,
1643,479.0,-,,space,,
1644,479.0,in,long,long,,
1645,479.0,-,,space,,
1646,479.0,du,UNK,long,,
1647,479.0,ci,long,long,,
1648,479.0,-,,space,,
1649,479.0,cha,short,short,,
1650,479.0,os,UNK,short,,
1651,479.0,-,,space,,
1652,480.0,ven,UNK,short,,
1653,480.0,to,long,long,,
1654,480.0,-,,space,,
1655,480.0,re,short,short,,
1656,480.0,sis,long,long,,
1657,480.0,tit,UNK,short,,
1658,480.0,-,,space,,
1659,480.0,aes,UNK,long,,
1660,480.0,tus,short,short,,
1661,480.0,-,,space,,
1662,480.0,et,long,long,,
1663,480.0,-,,space,,
1664,480.0,ven,UNK,short,,
1665,480.0,tus,long,long,,
1666,480.0,-,,space,,
1667,480.0,re,short,short,,
1668,480.0,tro,UNK,long,,
1669,480.0,-,,space,,
1670,481.0,aes,UNK,long,,
1671,481.0,tum,long,long,,
1672,481.0,-,,space,,
1673,481.0,re,short,short,,
1674,481.0,vo,long,long,,
1675,481.0,lit,UNK,short,,
1676,481.0,-,,space,,
1677,481.0,non,long,long,,
1678,481.0,-,,space,,
1679,481.0,ca,short,short,,
1680,481.0,pit,long,long,,
1681,481.0,-,,space,,
1682,481.0,se,UNK,long,,
1683,481.0,se,long,long,,
1684,481.0,-,,space,,
1685,481.0,ma,short,short,,
1686,481.0,re,UNK,short,,
1687,481.0,-,,space,,
1688,482.0,in,UNK,short,,
1689,482.0,-,,space,,
1690,482.0,as,long,long,,
1691,482.0,tra,short,short,,
1692,482.0,-,,space,,
1693,482.0,pon,long,long,,
1694,482.0,tus,UNK,short,,
1695,482.0,-,,space,,
1696,482.0,tol,long,long,,
1697,482.0,li,short,short,,
1698,482.0,tur,long,long,,
1699,482.0,-,,space,,
1700,482.0,cae,UNK,long,,
1701,482.0,lum,long,long,,
1702,482.0,-,,space,,
1703,482.0,pe,short,short,,
1704,482.0,rit,UNK,short,,
1705,482.0,-,,space,,
1706,483.0,un,UNK,short,,
1707,483.0,das,long,long,,
1708,483.0,que,short,short,,
1709,483.0,-,,space,,
1710,483.0,mis,long,long,,
1711,483.0,cent,UNK,short,,
1712,483.0,-,,space,,
1713,483.0,im,long,long,,
1714,483.0,ber,short,short,,
1715,483.0,-,,space,,
1716,483.0,et,long,long,,
1717,483.0,-,,space,,
1718,483.0,fluc,UNK,long,,
1719,483.0,tus,long,long,,
1720,483.0,-,,space,,
1721,483.0,su,short,short,,
1722,483.0,as,UNK,long,,
1723,483.0,-,,space,,
1724,484.0,nec,UNK,short,,
1725,484.0,-,,space,,
1726,484.0,hoc,long,long,,
1727,484.0,-,,space,,
1728,484.0,le,short,short,,
1729,484.0,va,long,long,,
1730,484.0,men,UNK,short,,
1731,484.0,-,,space,,
1732,484.0,de,long,long,,
1733,484.0,ni,short,short,,
1734,484.0,que,elision,elision,,
1735,484.0,-,,space,,
1736,484.0,ae,UNK,long,,
1737,484.0,rum,UNK,short,,
1738,484.0,nis,long,long,,
1739,484.0,-,,space,,
1740,484.0,da,short,short,,
1741,484.0,tur,UNK,short,,
1742,484.0,-,,space,,
1743,485.0,pre,UNK,short,,
1744,485.0,munt,long,long,,
1745,485.0,-,,space,,
1746,485.0,te,short,short,,
1747,485.0,ne,long,long,,
1748,485.0,brae,UNK,long,,
1749,485.0,-,,space,,
1750,485.0,lu,long,long,,
1751,485.0,mi,short,short,,
1752,485.0,na,elision,elision,,
1753,485.0,-,,space,,
1754,485.0,et,long,long,,
1755,485.0,-,,space,,
1756,485.0,di,UNK,long,,
1757,485.0,rae,UNK,long,,
1758,485.0,-,,space,,
1759,485.0,sty,short,short,,
1760,485.0,gis,UNK,short,,
1761,485.0,-,,space,,
1762,486.0,in,UNK,long,,
1763,486.0,fer,long,long,,
1764,486.0,na,short,short,,
1765,486.0,-,,space,,
1766,486.0,nox,long,long,,
1767,486.0,-,,space,,
1768,486.0,est,UNK,short,,
1769,486.0,-,,space,,
1770,486.0,ex,long,long,,
1771,486.0,ci,short,short,,
1772,486.0,dunt,long,long,,
1773,486.0,-,,space,,
1774,486.0,ig,UNK,short,,
1775,486.0,nes,long,long,,
1776,486.0,-,,space,,
1777,486.0,ta,short,short,,
1778,486.0,men,UNK,short,,
1779,486.0,-,,space,,
1780,487.0,et,UNK,short,,
1781,487.0,-,,space,,
1782,487.0,nu,long,long,,
1783,487.0,be,short,short,,
1784,487.0,-,,space,,
1785,487.0,di,long,long,,
1786,487.0,rum,UNK,short,,
1787,487.0,-,,space,,
1788,487.0,ful,long,long,,
1789,487.0,men,short,short,,
1790,487.0,-,,space,,
1791,487.0,e,long,long,,
1792,487.0,li,UNK,long,,
1793,487.0,sa,long,long,,
1794,487.0,-,,space,,
1795,487.0,mi,short,short,,
1796,487.0,cat,UNK,short,,
1797,487.0,-,,space,,
1798,488.0,mi,short,short,,
1799,488.0,se,short,short,,
1800,488.0,ris,long,long,,
1801,488.0,que,short,short,,
1802,488.0,-,,space,,
1803,488.0,lu,long,long,,
1804,488.0,cis,UNK,short,,
1805,488.0,-,,space,,
1806,488.0,tan,long,long,,
1807,488.0,ta,short,short,,
1808,488.0,-,,space,,
1809,488.0,dul,long,long,,
1810,488.0,ce,UNK,short,,
1811,488.0,do,elision,elision,,
1812,488.0,-,,space,,
1813,488.0,est,long,long,,
1814,488.0,-,,space,,
1815,488.0,ma,short,short,,
1816,488.0,lae,UNK,long,,
1817,488.0,-,,space,,
1818,489.0,hoc,UNK,short,,
1819,489.0,-,,space,,
1820,489.0,lu,long,long,,
1821,489.0,men,short,short,,
1822,489.0,-,,space,,
1823,489.0,op,long,long,,
1824,489.0,tant,UNK,short,,
1825,489.0,-,,space,,
1826,489.0,ip,long,long,,
1827,489.0,sa,short,short,,
1828,489.0,-,,space,,
1829,489.0,se,long,long,,
1830,489.0,-,,space,,
1831,489.0,clas,UNK,short,,
1832,489.0,sis,long,long,,
1833,489.0,-,,space,,
1834,489.0,pre,short,short,,
1835,489.0,mit,UNK,short,,
1836,489.0,-,,space,,
1837,490.0,il,UNK,short,,
1838,490.0,lam,long,long,,
1839,490.0,-,,space,,
1840,490.0,de,short,short,,
1841,490.0,his,long,long,,
1842,490.0,cens,UNK,long,,
1843,490.0,-,,space,,
1844,490.0,pon,long,long,,
1845,490.0,tus,short,short,,
1846,490.0,-,,space,,
1847,490.0,in,long,long,,
1848,490.0,-,,space,,
1849,490.0,prae,UNK,long,,
1850,490.0,ceps,long,long,,
1851,490.0,-,,space,,
1852,490.0,ra,short,short,,
1853,490.0,pit,UNK,short,,
1854,490.0,-,,space,,
1855,491.0,hau,UNK,long,,
1856,491.0,rit,long,long,,
1857,491.0,que,elision,elision,,
1858,491.0,-,,space,,
1859,491.0,et,short,short,,
1860,491.0,-,,space,,
1861,491.0,al,long,long,,
1862,491.0,to,UNK,long,,
1863,491.0,-,,space,,
1864,491.0,red,long,long,,
1865,491.0,di,short,short,,
1866,491.0,tam,long,long,,
1867,491.0,-,,space,,
1868,491.0,re,short,short,,
1869,491.0,vo,short,short,,
1870,491.0,mit,long,long,,
1871,491.0,-,,space,,
1872,491.0,ma,short,short,,
1873,491.0,ri,UNK,long,,
1874,491.0,-,,space,,
1875,492.0,haec,UNK,long,?,diphthong?
1876,492.0,-,,space,,
1877,492.0,o,short,short,,
1878,492.0,ne,short,short,,
1879,492.0,re,short,short,,
1880,492.0,-,,space,,
1881,492.0,si,long,long,,
1882,492.0,dit,UNK,short,,
1883,492.0,-,,space,,
1884,492.0,il,long,long,,
1885,492.0,la,short,short,,
1886,492.0,-,,space,,
1887,492.0,con,long,long,,
1888,492.0,vul,UNK,short,,
1889,492.0,sum,long,long,,
1890,492.0,-,,space,,
1891,492.0,la,short,short,,
1892,492.0,tus,UNK,short,,
1893,492.0,-,,space,,
1894,493.0,sub,UNK,short,,
1895,493.0,mit,long,long,,
1896,493.0,tit,short,short,,
1897,493.0,-,,space,,
1898,493.0,un,long,long,,
1899,493.0,dis,UNK,long,,
1900,493.0,-,,space,,
1901,493.0,fluc,long,long,,
1902,493.0,tus,short,short,,
1903,493.0,-,,space,,
1904,493.0,hanc,long,long,,
1905,493.0,-,,space,,
1906,493.0,de,short,short,,
1907,493.0,ci,short,short,,
1908,493.0,mus,long,long,,
1909,493.0,-,,space,,
1910,493.0,te,short,short,,
1911,493.0,git,UNK,short,?,diphthong?
1912,493.0,-,,space,,
1913,494.0,haec,UNK,long,?,diphthong?
1914,494.0,-,,space,,
1915,494.0,la,short,short,,
1916,494.0,ce,short,short,,
1917,494.0,ra,elision,elision,,
1918,494.0,-,,space,,
1919,494.0,et,short,short,,
1920,494.0,-,,space,,
1921,494.0,om,long,long,,
1922,494.0,ni,UNK,long,,
1923,494.0,-,,space,,
1924,494.0,de,short,short,,
1925,494.0,co,short,short,,
1926,494.0,re,short,short,,
1927,494.0,-,,space,,
1928,494.0,po,short,short,,
1929,494.0,pu,short,short,,
1930,494.0,la,UNK,long,,
1931,494.0,to,long,long,,
1932,494.0,-,,space,,
1933,494.0,le,short,short,,
1934,494.0,vis,UNK,short,?,nom?
1935,494.0,-,,space,,
1936,495.0,flu,short,short,,
1937,495.0,i,short,short,,
1938,495.0,tat,long,long,,
1939,495.0,-,,space,,
1940,495.0,nec,short,short,,
1941,495.0,-,,space,,
1942,495.0,il,long,long,,
1943,495.0,li,UNK,short,?,adverb?
1944,495.0,-,,space,,
1945,495.0,ve,long,long,,
1946,495.0,la,short,short,,
1947,495.0,-,,space,,
1948,495.0,nec,long,long,,
1949,495.0,-,,space,,
1950,495.0,ton,UNK,long,,
1951,495.0,sae,UNK,long,,
1952,495.0,-,,space,,
1953,495.0,ma,short,short,,
1954,495.0,nent,UNK,short,,
1955,495.0,-,,space,,
1956,496.0,nec,UNK,short,,
1957,496.0,-,,space,,
1958,496.0,rec,long,long,,
1959,496.0,tus,short,short,,
1960,496.0,-,,space,,
1961,496.0,al,long,long,,
1962,496.0,tas,UNK,long,,
1963,496.0,-,,space,,
1964,496.0,ma,long,long,,
1965,496.0,lus,short,short,,
1966,496.0,-,,space,,
1967,496.0,an,long,long,,
1968,496.0,tem,UNK,short,,
1969,496.0,nas,long,long,,
1970,496.0,-,,space,,
1971,496.0,fe,short,short,,
1972,496.0,rens,UNK,long,,
1973,496.0,-,,space,,
1974,497.0,nil,UNK,long,,
1975,497.0,-,,space,,
1976,497.0,ra,short,short,,
1977,497.0,ti,short,short,,
1978,497.0,o,elision,elision,,
1979,497.0,-,,space,,
1980,497.0,et,short,short,,
1981,497.0,-,,space,,
1982,497.0,u,long,long,,
1983,497.0,sus,UNK,short,,
1984,497.0,-,,space,,
1985,497.0,au,UNK,long,,
1986,497.0,det,short,short,,
1987,497.0,-,,space,,
1988,497.0,ars,long,long,,
1989,497.0,-,,space,,
1990,497.0,ces,UNK,short,,
1991,497.0,sit,long,long,,
1992,497.0,-,,space,,
1993,497.0,ma,short,short,,
1994,497.0,lis,UNK,long,,
1995,497.0,-,,space,,
1996,498.0,te,short,short,,
1997,498.0,net,short,short,,
1998,498.0,-,,space,,
1999,498.0,hor,long,long,,
2000,498.0,ror,short,short,,
2001,498.0,-,,space,,
2002,498.0,ar,long,long,,
2003,498.0,tus,UNK,short,,
2004,498.0,-,,space,,
2005,498.0,om,long,long,,
2006,498.0,nis,short,short,,
2007,498.0,-,,space,,
2008,498.0,of,long,long,,
2009,498.0,fi,short,short,,
2010,498.0,ci,short,short,,
2011,498.0,o,long,long,,
2012,498.0,-,,space,,
2013,498.0,stu,short,short,,
2014,498.0,pet,UNK,short,,
2015,498.0,-,,space,,
2016,499.0,na,UNK,long,,
2017,499.0,vi,short,short,,
2018,499.0,ta,short,short,,
2019,499.0,-,,space,,
2020,499.0,re,short,short,,
2021,499.0,lic,long,long,,
2022,499.0,to,UNK,long,,
2023,499.0,-,,space,,
2024,499.0,re,long,long,,
2025,499.0,mus,short,short,,
2026,499.0,-,,space,,
2027,499.0,ef,long,long,,
2028,499.0,fu,UNK,short,,
2029,499.0,git,long,long,,
2030,499.0,-,,space,,
2031,499.0,ma,short,short,,
2032,499.0,nus,UNK,short,,
2033,499.0,-,,space,,
2034,500.0,in,UNK,short,,
2035,500.0,-,,space,,
2036,500.0,vo,long,long,,
2037,500.0,ta,short,short,,
2038,500.0,-,,space,,
2039,500.0,mi,short,short,,
2040,500.0,se,short,short,,
2041,500.0,ros,UNK,long,,
2042,500.0,-,,space,,
2043,500.0,ul,long,long,,
2044,500.0,ti,short,short,,
2045,500.0,mus,long,long,,
2046,500.0,-,,space,,
2047,500.0,co,UNK,long,,
2048,500.0,git,long,long,,
2049,500.0,-,,space,,
2050,500.0,ti,short,short,,
2051,500.0,mor,UNK,short,,
2052,500.0,-,,space,,
2053,501.0,e,short,short,,
2054,501.0,a,short,short,,
2055,501.0,dem,long,long,,
2056,501.0,que,short,short,,
2057,501.0,-,,space,,
2058,501.0,su,short,short,,
2059,501.0,pe,short,short,,
2060,501.0,ros,UNK,long,,
2061,501.0,-,,space,,
2062,501.0,tro,long,long,,
2063,501.0,es,short,short,,
2064,501.0,-,,space,,
2065,501.0,et,long,long,,
2066,501.0,-,,space,,
2067,501.0,da,short,short,,
2068,501.0,na,short,short,,
2069,501.0,i,long,long,,
2070,501.0,-,,space,,
2071,501.0,ro,short,short,,
2072,501.0,gant,UNK,short,,
2073,501.0,-,,space,,
2074,502.0,quid,UNK,short,,
2075,502.0,fa,long,long,,
2076,502.0,ta,short,short,,
2077,502.0,-,,space,,
2078,502.0,pos,long,long,,
2079,502.0,sunt,UNK,short,,
2080,502.0,-,,space,,
2081,502.0,in,long,long,,
2082,502.0,vi,short,short,,
2083,502.0,det,long,long,,
2084,502.0,-,,space,,
2085,502.0,pyr,UNK,short,,
2086,502.0,rhus,long,long,,
2087,502.0,-,,space,,
2088,502.0,pa,short,short,,
2089,502.0,tri,UNK,long,,
2090,502.0,-,,space,,
2091,503.0,a,UNK,UNK,,
2092,503.0,ia,long,long,,
2093,503.0,ci,elision,elision,,
2094,503.0,-,,space,,
2095,503.0,u,short,short,,
2096,503.0,li,long,long,,
2097,503.0,xes,UNK,long,?,long?
2098,503.0,-,,space,,
2099,503.0,hec,long,long,,
2100,503.0,to,short,short,,
2101,503.0,ri,elision,elision,,
2102,503.0,-,,space,,
2103,503.0,a,long,long,,
2104,503.0,tri,UNK,short,?,short?
2105,503.0,des,long,long,,
2106,503.0,-,,space,,
2107,503.0,mi,short,short,,
2108,503.0,nor,UNK,short,,
2109,503.0,-,,space,,
2110,504.0,a,short,short,,
2111,504.0,ga,short,short,,
2112,504.0,mem,long,long,,
2113,504.0,no,short,short,,
2114,504.0,-,,space,,
2115,504.0,pri,short,short,,
2116,504.0,a,short,short,,
2117,504.0,mo,UNK,long,,
2118,504.0,-,,space,,
2119,504.0,quis,long,long,,
2120,504.0,quis,short,short,,
2121,504.0,-,,space,,
2122,504.0,ad,long,long,,
2123,504.0,-,,space,,
2124,504.0,tro,UNK,short,?,troia syllabification?
2125,504.0,iam,long,long,,
2126,504.0,-,,space,,
2127,504.0,ia,short,short,,
2128,504.0,cet,UNK,short,,
2129,504.0,-,,space,,
2130,505.0,fe,UNK,long,,
2131,505.0,lix,long,long,,
2132,505.0,-,,space,,
2133,505.0,vo,short,short,,
2134,505.0,ca,long,long,,
2135,505.0,tur,UNK,short,,
2136,505.0,-,,space,,
2137,505.0,ca,short,short,,
2138,505.0,de,short,short,,
2139,505.0,re,short,short,,
2140,505.0,-,,space,,
2141,505.0,qui,long,long,,
2142,505.0,-,,space,,
2143,505.0,me,short,short,,
2144,505.0,ru,short,short,,
2145,505.0,it,long,long,,
2146,505.0,-,,space,,
2147,505.0,gra,short,short,,
2148,505.0,du,UNK,long,,
2149,505.0,-,,space,,
2150,506.0,quem,UNK,short,,
2151,506.0,-,,space,,
2152,506.0,fa,long,long,,
2153,506.0,ma,short,short,,
2154,506.0,-,,space,,
2155,506.0,se,long,long,,
2156,506.0,vat,UNK,short,,
2157,506.0,-,,space,,
2158,506.0,vic,long,long,,
2159,506.0,ta,short,short,,
2160,506.0,-,,space,,
2161,506.0,quem,long,long,,
2162,506.0,-,,space,,
2163,506.0,tel,UNK,short,,
2164,506.0,lus,long,long,?,I scanned most -us as short.
2165,506.0,-,,space,,
2166,506.0,te,short,short,,
2167,506.0,git,UNK,short,,
2168,506.0,-,,space,,
2169,507.0,nil,UNK,short,,
2170,507.0,-,,space,,
2171,507.0,no,long,long,,
2172,507.0,bi,short,short,,
2173,507.0,le,elision,elision,,
2174,507.0,-,,space,,
2175,507.0,au,UNK,long,,
2176,507.0,sos,UNK,long,,
2177,507.0,-,,space,,
2178,507.0,pon,long,long,,
2179,507.0,tus,short,short,,
2180,507.0,-,,space,,
2181,507.0,at,long,long,,
2182,507.0,que,elision,elision,,
2183,507.0,-,,space,,
2184,507.0,un,UNK,short,,
2185,507.0,dae,UNK,long,,
2186,507.0,-,,space,,
2187,507.0,fe,short,short,,
2188,507.0,rent,UNK,short,,
2189,507.0,-,,space,,
2190,508.0,ig,UNK,short,,
2191,508.0,na,long,long,,
2192,508.0,va,short,short,,
2193,508.0,-,,space,,
2194,508.0,for,long,long,,
2195,508.0,tes,UNK,long,,
2196,508.0,-,,space,,
2197,508.0,fa,long,long,,
2198,508.0,ta,short,short,,
2199,508.0,-,,space,,
2200,508.0,con,long,long,,
2201,508.0,su,UNK,long,,
2202,508.0,ment,long,long,,
2203,508.0,-,,space,,
2204,508.0,vi,short,short,,
2205,508.0,ros,UNK,long,,
2206,508.0,-,,space,,
2207,509.0,per,UNK,short,,
2208,509.0,den,long,long,,
2209,509.0,da,short,short,,
2210,509.0,-,,space,,
2211,509.0,mors,long,long,,
2212,509.0,-,,space,,
2213,509.0,est,UNK,short,,
2214,509.0,-,,space,,
2215,509.0,quis,long,long,,
2216,509.0,quis,short,short,,
2217,509.0,-,,space,,
2218,509.0,es,long,long,,
2219,509.0,-,,space,,
2220,509.0,non,UNK,long,,
2221,509.0,dum,long,long,,
2222,509.0,-,,space,,
2223,509.0,ma,short,short,,
2224,509.0,lis,UNK,long,,
2225,509.0,-,,space,,
2226,510.0,sa,short,short,,
2227,510.0,ti,short,short,,
2228,510.0,a,long,long,,
2229,510.0,te,short,short,,
2230,510.0,-,,space,,
2231,510.0,tan,long,long,,
2232,510.0,tis,UNK,long,,
2233,510.0,-,,space,,
2234,510.0,cae,UNK,long,,
2235,510.0,li,short,short,,
2236,510.0,tum,long,long,,
2237,510.0,-,,space,,
2238,510.0,tan,UNK,short,,
2239,510.0,dem,long,long,,
2240,510.0,-,,space,,
2241,510.0,tu,short,short,,
2242,510.0,um,UNK,short,,
2243,510.0,-,,space,,
2244,511.0,nu,UNK,long,,
2245,511.0,men,long,long,,
2246,511.0,-,,space,,
2247,511.0,se,short,short,,
2248,511.0,re,long,long,,
2249,511.0,na,UNK,short,,
2250,511.0,-,,space,,
2251,511.0,cla,long,long,,
2252,511.0,di,short,short,,
2253,511.0,bus,long,long,,
2254,511.0,-,,space,,
2255,511.0,nos,UNK,short,,
2256,511.0,tris,long,long,,
2257,511.0,-,,space,,
2258,511.0,da,short,short,,
2259,511.0,ret,UNK,short,,
2260,511.0,-,,space,,
2261,512.0,vel,UNK,short,,
2262,512.0,tro,long,long,,
2263,512.0,ia,short,short,,
2264,512.0,-,,space,,
2265,512.0,la,short,short,,
2266,512.0,cri,short,short,,
2267,512.0,mas,UNK,long,,
2268,512.0,-,,space,,
2269,512.0,o,short,short,,
2270,512.0,di,short,short,,
2271,512.0,a,short,short,,
2272,512.0,-,,space,,
2273,512.0,si,long,long,,
2274,512.0,-,,space,,
2275,512.0,du,UNK,long,,
2276,512.0,rant,long,long,,
2277,512.0,-,,space,,
2278,512.0,tu,short,short,,
2279,512.0,a,UNK,short,,
2280,512.0,-,,space,,
2281,513.0,pla,UNK,short,,
2282,513.0,cet,long,long,,
2283,513.0,que,short,short,,
2284,513.0,-,,space,,
2285,513.0,mit,long,long,,
2286,513.0,ti,UNK,long,,
2287,513.0,-,,space,,
2288,513.0,do,long,long,,
2289,513.0,ri,short,short,,
2290,513.0,cum,elision,elision,,
2291,513.0,-,,space,,
2292,513.0,ex,long,long,,
2293,513.0,i,short,short,,
2294,513.0,ti,short,short,,
2295,513.0,o,long,long,,
2296,513.0,-,,space,,
2297,513.0,ge,short,short,,
2298,513.0,nus,UNK,long,,
2299,513.0,-,,space,,
2300,514.0,quid,UNK,short,,
2301,514.0,-,,space,,
2302,514.0,hos,long,long,,
2303,514.0,-,,space,,
2304,514.0,si,short,short,,
2305,514.0,mul,long,long,,
2306,514.0,-,,space,,
2307,514.0,pe,UNK,short,,
2308,514.0,ri,long,long,,
2309,514.0,re,short,short,,
2310,514.0,-,,space,,
2311,514.0,no,long,long,,
2312,514.0,bis,UNK,long,,
2313,514.0,cum,long,long,,
2314,514.0,-,,space,,
2315,514.0,iu,short,short,,
2316,514.0,vat,UNK,short,,
2317,514.0,-,,space,,
2318,515.0,qui,UNK,short,,
2319,515.0,bus,long,long,,
2320,515.0,-,,space,,
2321,515.0,pe,short,short,,
2322,515.0,ri,long,long,,
2323,515.0,mus,UNK,short,,
2324,515.0,-,,space,,
2325,515.0,sis,long,long,,
2326,515.0,ti,short,short,,
2327,515.0,te,elision,elision,,
2328,515.0,-,,space,,
2329,515.0,in,long,long,,
2330,515.0,fes,UNK,long,,
2331,515.0,tum,long,long,,
2332,515.0,-,,space,,
2333,515.0,ma,short,short,,
2334,515.0,re,UNK,short,,
2335,515.0,-,,space,,
2336,516.0,ve,short,short,,
2337,516.0,hit,short,short,,
2338,516.0,-,,space,,
2339,516.0,is,long,long,,
2340,516.0,ta,short,short,,
2341,516.0,-,,space,,
2342,516.0,da,short,short,,
2343,516.0,na,short,short,,
2344,516.0,os,UNK,long,,
2345,516.0,-,,space,,
2346,516.0,clas,long,long,,
2347,516.0,sis,short,short,,
2348,516.0,-,,space,,
2349,516.0,et,long,long,,
2350,516.0,-,,space,,
2351,516.0,tro,UNK,long,,
2352,516.0,as,long,long,,
2353,516.0,-,,space,,
2354,516.0,ve,short,short,,
2355,516.0,hit,UNK,short,,
2356,516.0,-,,space,,
2357,517.0,nec,UNK,short,,
2358,517.0,-,,space,,
2359,517.0,plu,long,long,,
2360,517.0,ra,short,short,,
2361,517.0,-,,space,,
2362,517.0,pos,long,long,,
2363,517.0,sunt,UNK,short,,
2364,517.0,-,,space,,
2365,517.0,oc,long,long,,
2366,517.0,cu,short,short,,
2367,517.0,pat,long,long,,
2368,517.0,-,,space,,
2369,517.0,vo,UNK,long,,
2370,517.0,cem,long,long,,
2371,517.0,-,,space,,
2372,517.0,ma,short,short,,
2373,517.0,re,UNK,short,,
2374,517.0,-,,space,,
2375,518.0,ec,UNK,short,,
2376,518.0,ce,elision,elision,,
2377,518.0,-,,space,,
2378,518.0,a,short,short,,
2379,518.0,li,short,short,,
2380,518.0,a,short,short,,
2381,518.0,-,,space,,
2382,518.0,cla,long,long,,
2383,518.0,des,UNK,long,,
2384,518.0,-,,space,,
2385,518.0,ful,long,long,,
2386,518.0,mi,short,short,,
2387,518.0,ne,elision,elision,,
2388,518.0,-,,space,,
2389,518.0,i,long,long,,
2390,518.0,ra,UNK,long,,
2391,518.0,ti,long,long,,
2392,518.0,-,,space,,
2393,518.0,io,short,short,,
2394,518.0,vis,UNK,short,,
2395,518.0,-,,space,,
2396,519.0,ar,UNK,short,,
2397,519.0,ma,long,long,,
2398,519.0,ta,short,short,,
2399,519.0,-,,space,,
2400,519.0,pal,long,long,,
2401,519.0,las,UNK,long,?,Greek?
2402,519.0,-,,space,,
2403,519.0,quid,long,long,,
2404,519.0,quid,short,short,,
2405,519.0,-,,space,,
2406,519.0,aut,UNK,long,?,
2407,519.0,-,,space,,
2408,519.0,has,UNK,short,,
2409,519.0,ta,long,long,,
2410,519.0,-,,space,,
2411,519.0,mi,short,short,,
2412,519.0,nax,UNK,long,,
2413,519.0,-,,space,,
2414,520.0,aut,UNK,long,?,
2415,520.0,-,,space,,
2416,520.0,ae,UNK,long,,
2417,520.0,gi,short,short,,
2418,520.0,de,elision,elision,,
2419,520.0,-,,space,,
2420,520.0,et,long,long,,
2421,520.0,-,,space,,
2422,520.0,fu,UNK,short,,
2423,520.0,ro,long,long,,
2424,520.0,re,short,short,,
2425,520.0,-,,space,,
2426,520.0,gor,long,long,,
2427,520.0,go,short,short,,
2428,520.0,ne,short,short,,
2429,520.0,o,long,long,,
2430,520.0,-,,space,,
2431,520.0,po,short,short,,
2432,520.0,test,UNK,short,,
2433,520.0,-,,space,,
2434,521.0,hoc,UNK,long,?,abl?
2435,521.0,-,,space,,
2436,521.0,ig,long,long,,
2437,521.0,ne,short,short,,
2438,521.0,-,,space,,
2439,521.0,pa,short,short,,
2440,521.0,tri,short,short,,
2441,521.0,o,UNK,long,,
2442,521.0,-,,space,,
2443,521.0,temp,long,long,,
2444,521.0,tat,short,short,,
2445,521.0,-,,space,,
2446,521.0,et,long,long,,
2447,521.0,-,,space,,
2448,521.0,cae,UNK,long,,
2449,521.0,lo,long,long,,
2450,521.0,-,,space,,
2451,521.0,no,short,short,,
2452,521.0,vae,UNK,long,,
2453,521.0,-,,space,,
2454,522.0,spi,UNK,long,,
2455,522.0,rant,long,long,,
2456,522.0,-,,space,,
2457,522.0,pro,short,short,,
2458,522.0,cel,long,long,,
2459,522.0,lae,UNK,long,,
2460,522.0,-,,space,,
2461,522.0,so,long,long,,
2462,522.0,lus,short,short,,
2463,522.0,-,,space,,
2464,522.0,in,long,long,,
2465,522.0,vic,UNK,short,,
2466,522.0,tus,long,long,,
2467,522.0,-,,space,,
2468,522.0,ma,short,short,,
2469,522.0,lis,UNK,long,,
2470,522.0,-,,space,,
2471,523.0,luc,UNK,long,,
2472,523.0,ta,long,long,,
2473,523.0,tur,short,short,,
2474,523.0,-,,space,,
2475,523.0,a,long,long,,
2476,523.0,iax,UNK,long,,
2477,523.0,-,,space,,
2478,523.0,ve,long,long,,
2479,523.0,la,short,short,,
2480,523.0,-,,space,,
2481,523.0,co,long,long,,
2482,523.0,gen,UNK,short,,
2483,523.0,tem,elision,elision,,
2484,523.0,-,,space,,
2485,523.0,hunc,long,long,,
2486,523.0,su,short,short,,
2487,523.0,a,UNK,short,?,not abl?
2488,523.0,-,,space,,
2489,524.0,ten,UNK,short,?,tento?
2490,524.0,to,long,long,,
2491,524.0,-,,space,,
2492,524.0,ru,short,short,,
2493,524.0,den,long,long,,
2494,524.0,te,UNK,short,,
2495,524.0,-,,space,,
2496,524.0,flam,long,long,,
2497,524.0,ma,short,short,,
2498,524.0,-,,space,,
2499,524.0,per,long,long,,
2500,524.0,strin,UNK,long,,
2501,524.0,xit,long,long,,
2502,524.0,-,,space,,
2503,524.0,ca,short,short,,
2504,524.0,dens,UNK,long,,
2505,524.0,-,,space,,
2506,525.0,li,UNK,long,,
2507,525.0,bra,long,long,,
2508,525.0,tur,short,short,,
2509,525.0,-,,space,,
2510,525.0,a,short,short,,
2511,525.0,li,short,short,,
2512,525.0,ud,UNK,short,,
2513,525.0,-,,space,,
2514,525.0,ful,long,long,,
2515,525.0,men,short,short,,
2516,525.0,-,,space,,
2517,525.0,hoc,long,long,,
2518,525.0,-,,space,,
2519,525.0,to,UNK,long,,
2520,525.0,to,elision,elision,,
2521,525.0,-,,space,,
2522,525.0,im,long,long,,
2523,525.0,pe,short,short,,
2524,525.0,tu,UNK,long,,
2525,525.0,-,,space,,
2526,526.0,cer,UNK,short,,
2527,526.0,tum,long,long,,
2528,526.0,-,,space,,
2529,526.0,re,short,short,,
2530,526.0,duc,long,long,,
2531,526.0,ta,UNK,long,?,abl
2532,526.0,-,,space,,
2533,526.0,pal,long,long,,
2534,526.0,las,short,short,,
2535,526.0,-,,space,,
2536,526.0,ex,long,long,,
2537,526.0,cus,UNK,short,,
2538,526.0,sit,long,long,,
2539,526.0,-,,space,,
2540,526.0,ma,short,short,,
2541,526.0,nu,UNK,long,,
2542,526.0,-,,space,,
2543,527.0,i,short,short,,
2544,527.0,mi,short,short,,
2545,527.0,ta,long,long,,
2546,527.0,ta,short,short,,
2547,527.0,-,,space,,
2548,527.0,pa,long,long,,
2549,527.0,trem,UNK,short,,
2550,527.0,-,,space,,
2551,527.0,tran,long,long,,
2552,527.0,sit,short,short,,
2553,527.0,-,,space,,
2554,527.0,a,long,long,,
2555,527.0,ia,UNK,long,,
2556,527.0,cem,elision,elision,,
2557,527.0,-,,space,,
2558,527.0,et,long,long,,
2559,527.0,-,,space,,
2560,527.0,ra,short,short,,
2561,527.0,tem,UNK,short,,
2562,527.0,-,,space,,
2563,528.0,ra,UNK,short,,
2564,528.0,tis,long,long,,
2565,528.0,que,short,short,,
2566,528.0,-,,space,,
2567,528.0,par,long,long,,
2568,528.0,tem,UNK,short,,
2569,528.0,-,,space,,
2570,528.0,se,long,long,,
2571,528.0,cum,elision,elision,,
2572,528.0,-,,space,,
2573,528.0,et,short,short,,
2574,528.0,-,,space,,
2575,528.0,a,long,long,,
2576,528.0,ia,UNK,long,,
2577,528.0,cem,long,long,,
2578,528.0,-,,space,,
2579,528.0,tu,short,short,,
2580,528.0,lit,UNK,short,,
2581,528.0,-,,space,,
2582,529.0,nil,UNK,long,,
2583,529.0,-,,space,,
2584,529.0,il,long,long,,
2585,529.0,le,short,short,,
2586,529.0,-,,space,,
2587,529.0,mo,long,long,,
2588,529.0,tus,UNK,short,,
2589,529.0,-,,space,,
2590,529.0,ar,long,long,,
2591,529.0,du,short,short,,
2592,529.0,a,elision,elision,,
2593,529.0,-,,space,,
2594,529.0,ut,long,long,,
2595,529.0,-,,space,,
2596,529.0,cau,UNK,long,,
2597,529.0,tes,long,long,,
2598,529.0,-,,space,,
2599,529.0,sa,short,short,,
2600,529.0,lo,UNK,long,,
2601,529.0,-,,space,,
2602,530.0,am,UNK,short,,
2603,530.0,bus,long,long,,
2604,530.0,tus,short,short,,
2605,530.0,-,,space,,
2606,530.0,ex,long,long,,
2607,530.0,tat,UNK,short,,
2608,530.0,-,,space,,
2609,530.0,di,short,short,,
2610,530.0,ri,short,short,,
2611,530.0,mit,short,short,,
2612,530.0,-,,space,,
2613,530.0,in,long,long,,
2614,530.0,sa,UNK,long,,
2615,530.0,num,long,long,,
2616,530.0,-,,space,,
2617,530.0,ma,short,short,,
2618,530.0,re,UNK,short,,
2619,530.0,-,,space,,
2620,531.0,fluc,UNK,long,,
2621,531.0,tus,long,long,,
2622,531.0,que,short,short,,
2623,531.0,-,,space,,
2624,531.0,rum,long,long,,
2625,531.0,pit,UNK,short,,
2626,531.0,-,,space,,
2627,531.0,pec,long,long,,
2628,531.0,to,short,short,,
2629,531.0,re,elision,elision,,
2630,531.0,-,,space,,
2631,531.0,et,long,long,,
2632,531.0,-,,space,,
2633,531.0,na,UNK,long,,
2634,531.0,vem,long,long,,
2635,531.0,-,,space,,
2636,531.0,ma,short,short,,
2637,531.0,nu,UNK,long,,
2638,531.0,-,,space,,
2639,532.0,com,UNK,short,,
2640,532.0,ple,long,long,,
2641,532.0,xus,short,short,,
2642,532.0,-,,space,,
2643,532.0,ig,long,long,,
2644,532.0,nes,UNK,long,,
2645,532.0,-,,space,,
2646,532.0,tra,long,long,,
2647,532.0,xit,short,short,,
2648,532.0,-,,space,,
2649,532.0,et,long,long,,
2650,532.0,-,,space,,
2651,532.0,cae,UNK,long,,
2652,532.0,co,long,long,,
2653,532.0,-,,space,,
2654,532.0,ma,short,short,,
2655,532.0,ri,UNK,long,,
2656,532.0,-,,space,,
2657,533.0,con,UNK,short,,
2658,533.0,lu,long,long,,
2659,533.0,cet,short,short,,
2660,533.0,-,,space,,
2661,533.0,a,long,long,,
2662,533.0,iax,UNK,long,,
2663,533.0,-,,space,,
2664,533.0,om,long,long,,
2665,533.0,ne,short,short,,
2666,533.0,-,,space,,
2667,533.0,re,long,long,,
2668,533.0,splen,UNK,short,?,syllabification?
2669,533.0,det,long,long,,
2670,533.0,-,,space,,
2671,533.0,fre,short,short,,
2672,533.0,tum,UNK,short,,
2673,533.0,-,,space,,
2674,534.0,tan,UNK,short,,
2675,534.0,dem,elision,elision,,
2676,534.0,-,,space,,
2677,534.0,oc,long,long,,
2678,534.0,cu,short,short,,
2679,534.0,pa,long,long,,
2680,534.0,ta,UNK,long,,abl
2681,534.0,-,,space,,
2682,534.0,ru,long,long,,
2683,534.0,pe,short,short,,
2684,534.0,-,,space,,
2685,534.0,fu,short,short,,
2686,534.0,ri,short,short,,
2687,534.0,bun,UNK,short,,
2688,534.0,dum,elision,elision,,
2689,534.0,-,,space,,
2690,534.0,in,long,long,,
2691,534.0,to,short,short,,
2692,534.0,nat,UNK,short,,
2693,534.0,-,,space,,
2694,535.0,su,short,short,,
2695,535.0,pe,short,short,,
2696,535.0,ras,long,long,,
2697,535.0,se,short,short,,
2698,535.0,-,,space,,
2699,535.0,nunc,long,long,,
2700,535.0,-,,space,,
2701,535.0,pe,UNK,short,,
2702,535.0,la,long,long,,
2703,535.0,gus,short,short,,
2704,535.0,-,,space,,
2705,535.0,at,long,long,,
2706,535.0,que,elision,elision,,
2707,535.0,-,,space,,
2708,535.0,ig,UNK,short,,
2709,535.0,nes,long,long,,
2710,535.0,-,,space,,
2711,535.0,iu,short,short,,
2712,535.0,vat,UNK,short,,
2713,535.0,-,,space,,
2714,536.0,vi,UNK,long,,
2715,536.0,cis,long,long,,
2716,536.0,se,short,short,,
2717,536.0,-,,space,,
2718,536.0,cae,UNK,long,,
2719,536.0,lum,UNK,short,,
2720,536.0,-,,space,,
2721,536.0,pal,long,long,,
2722,536.0,la,short,short,,
2723,536.0,dem,long,long,,
2724,536.0,-,,space,,
2725,536.0,ful,UNK,short,,
2726,536.0,men,long,long,,
2727,536.0,-,,space,,
2728,536.0,ma,short,short,,
2729,536.0,re,UNK,short,,
2730,536.0,-,,space,,
2731,537.0,non,UNK,long,,
2732,537.0,-,,space,,
2733,537.0,me,long,long,,
2734,537.0,-,,space,,
2735,537.0,fu,short,short,,
2736,537.0,ga,long,long,,
2737,537.0,vit,UNK,short,,
2738,537.0,-,,space,,
2739,537.0,bel,long,long,,
2740,537.0,li,short,short,,
2741,537.0,ci,long,long,,
2742,537.0,-,,space,,
2743,537.0,ter,UNK,short,,
2744,537.0,ror,long,long,,
2745,537.0,-,,space,,
2746,537.0,de,short,short,,
2747,537.0,i,UNK,long,,
2748,537.0,-,,space,,
2749,538.0,et,UNK,short,,
2750,538.0,-,,space,,
2751,538.0,hec,long,long,,
2752,538.0,to,short,short,,
2753,538.0,rem,elision,elision,,
2754,538.0,-,,space,,
2755,538.0,u,long,long,,
2756,538.0,na,UNK,long,?,abl?
2757,538.0,-,,space,,
2758,538.0,so,long,long,,
2759,538.0,lus,short,short,,
2760,538.0,-,,space,,
2761,538.0,et,long,long,,
2762,538.0,-,,space,,
2763,538.0,mar,UNK,long,,
2764,538.0,tem,long,long,,
2765,538.0,-,,space,,
2766,538.0,tu,short,short,,
2767,538.0,li,UNK,long,,
2768,538.0,-,,space,,
2769,539.0,phoe,UNK,long,,
2770,539.0,be,long,long,,
2771,539.0,a,short,short,,
2772,539.0,-,,space,,
2773,539.0,nec,long,long,,
2774,539.0,-,,space,,
2775,539.0,me,UNK,long,,
2776,539.0,-,,space,,
2777,539.0,te,long,long,,
2778,539.0,la,short,short,,
2779,539.0,-,,space,,
2780,539.0,pe,short,short,,
2781,539.0,pu,short,short,,
2782,539.0,le,UNK,long,,
2783,539.0,runt,long,long,,
2784,539.0,-,,space,,
2785,539.0,gra,short,short,,
2786,539.0,du,UNK,long,,
2787,539.0,-,,space,,
2788,540.0,cum,UNK,short,,
2789,540.0,-,,space,,
2790,540.0,phry,short,short,,
2791,540.0,gi,short,short,,
2792,540.0,bus,short,short,,
2793,540.0,-,,space,,
2794,540.0,is,long,long,,
2795,540.0,tos,UNK,long,,
2796,540.0,-,,space,,
2797,540.0,vi,long,long,,
2798,540.0,ci,short,short,,
2799,540.0,mus,long,long,,
2800,540.0,-,,space,,
2801,540.0,te,UNK,short,,
2802,540.0,ne,elision,elision,,
2803,540.0,-,,space,,
2804,540.0,hor,long,long,,
2805,540.0,re,short,short,,
2806,540.0,am,UNK,short,,
2807,540.0,-,,space,,
2808,541.0,a,short,short,,
2809,541.0,li,short,short,,
2810,541.0,e,long,long,,
2811,541.0,na,elision,elision,,
2812,541.0,-,,space,,
2813,541.0,in,short,short,,
2814,541.0,er,long,long,,
2815,541.0,ti,UNK,long,,
2816,541.0,-,,space,,
2817,541.0,te,long,long,,
2818,541.0,la,short,short,,
2819,541.0,-,,space,,
2820,541.0,ia,short,short,,
2821,541.0,cu,short,short,,
2822,541.0,lan,UNK,short,,
2823,541.0,tem,long,long,,
2824,541.0,-,,space,,
2825,541.0,ma,short,short,,
2826,541.0,nu,UNK,long,,
2827,541.0,-,,space,,
2828,542.0,quid,UNK,short,,
2829,542.0,-,,space,,
2830,542.0,si,elision,elision,,
2831,542.0,-,,space,,
2832,542.0,ip,long,long,,
2833,542.0,se,short,short,,
2834,542.0,-,,space,,
2835,542.0,mit,long,long,,
2836,542.0,tat,UNK,short,,
2837,542.0,-,,space,,
2838,542.0,plu,long,long,,
2839,542.0,ra,short,short,,
2840,542.0,-,,space,,
2841,542.0,cum,elision,elision,,
2842,542.0,-,,space,,
2843,542.0,au,UNK,long,,
2844,542.0,de,UNK,long,,
2845,542.0,ret,long,long,,
2846,542.0,-,,space,,
2847,542.0,fu,short,short,,
2848,542.0,rens,UNK,long,,
2849,542.0,-,,space,,
2850,543.0,tri,UNK,short,,
2851,543.0,den,long,long,,
2852,543.0,te,short,short,,
2853,543.0,-,,space,,
2854,543.0,ru,long,long,,
2855,543.0,pem,UNK,short,,
2856,543.0,-,,space,,
2857,543.0,sub,long,long,,
2858,543.0,ru,short,short,,
2859,543.0,it,long,long,,
2860,543.0,-,,space,,
2861,543.0,pul,UNK,short,,
2862,543.0,sam,long,long,,
2863,543.0,-,,space,,
2864,543.0,pa,short,short,,
2865,543.0,ter,UNK,short,,
2866,543.0,-,,space,,
2867,544.0,nep,UNK,short,,
2868,544.0,tu,long,long,,
2869,544.0,nus,short,short,,
2870,544.0,-,,space,,
2871,544.0,i,long,long,,
2872,544.0,mis,UNK,long,,
2873,544.0,-,,space,,
2874,544.0,ex,long,long,,
2875,544.0,e,short,short,,
2876,544.0,rens,long,long,,
2877,544.0,-,,space,,
2878,544.0,un,UNK,short,,
2879,544.0,dis,long,long,,
2880,544.0,-,,space,,
2881,544.0,ca,short,short,,
2882,544.0,put,UNK,short,,
2883,544.0,-,,space,,
2884,545.0,sol,UNK,short,,
2885,545.0,vit,long,long,,
2886,545.0,que,short,short,,
2887,545.0,-,,space,,
2888,545.0,mon,long,long,,
2889,545.0,tem,UNK,short,,
2890,545.0,-,,space,,
2891,545.0,quem,long,long,,
2892,545.0,-,,space,,
2893,545.0,ca,short,short,,
2894,545.0,dens,long,long,,
2895,545.0,-,,space,,
2896,545.0,se,UNK,long,,
2897,545.0,cum,long,long,,
2898,545.0,-,,space,,
2899,545.0,tu,short,short,,
2900,545.0,lit,UNK,short,,
2901,545.0,-,,space,,
2902,546.0,ter,UNK,short,,
2903,546.0,ra,long,long,,
2904,546.0,que,elision,elision,,
2905,546.0,-,,space,,
2906,546.0,et,short,short,,
2907,546.0,-,,space,,
2908,546.0,ig,long,long,,
2909,546.0,ne,UNK,short,,
2910,546.0,-,,space,,
2911,546.0,vic,long,long,,
2912,546.0,tus,short,short,,
2913,546.0,-,,space,,
2914,546.0,et,long,long,,
2915,546.0,-,,space,,
2916,546.0,pe,short,short,,
2917,546.0,la,short,short,,
2918,546.0,go,long,long,,
2919,546.0,-,,space,,
2920,546.0,ia,short,short,,
2921,546.0,cet,UNK,short,,
2922,546.0,-,,space,,
2923,547.0,nos,UNK,long,,
2924,547.0,-,,space,,
2925,547.0,a,short,short,,
2926,547.0,li,short,short,,
2927,547.0,a,short,short,,
2928,547.0,-,,space,,
2929,547.0,ma,long,long,,
2930,547.0,ior,UNK,short,,
2931,547.0,-,,space,,
2932,547.0,nau,UNK,long,,
2933,547.0,fra,short,short,,
2934,547.0,gos,long,long,,
2935,547.0,-,,space,,
2936,547.0,pes,UNK,short,,
2937,547.0,tis,long,long,,
2938,547.0,-,,space,,
2939,547.0,vo,short,short,,
2940,547.0,cat,UNK,short,,
2941,547.0,-,,space,,
2942,548.0,est,UNK,short,,
2943,548.0,-,,space,,
2944,548.0,hu,short,short,,
2945,548.0,mi,short,short,,
2946,548.0,lis,short,short,,
2947,548.0,-,,space,,
2948,548.0,un,long,long,,
2949,548.0,da,UNK,short,,nom
2950,548.0,-,,space,,
2951,548.0,scru,long,long,,
2952,548.0,peis,short,short,,
2953,548.0,-,,space,,
2954,548.0,men,UNK,short,,
2955,548.0,dax,long,long,,
2956,548.0,-,,space,,
2957,548.0,va,short,short,,
2958,548.0,dis,UNK,long,,
2959,548.0,-,,space,,
2960,549.0,u,short,short,,
2961,549.0,bi,short,short,,
2962,549.0,-,,space,,
2963,549.0,sa,long,long,,
2964,549.0,xa,short,short,,
2965,549.0,-,,space,,
2966,549.0,ra,short,short,,
2967,549.0,pi,short,short,,
2968,549.0,dis,UNK,long,,
2969,549.0,-,,space,,
2970,549.0,clau,UNK,long,,
2971,549.0,sa,short,short,,
2972,549.0,-,,space,,
2973,549.0,ver,long,long,,
2974,549.0,ti,short,short,,
2975,549.0,ci,short,short,,
2976,549.0,bus,long,long,,
2977,549.0,-,,space,,
2978,549.0,te,short,short,,
2979,549.0,git,UNK,long,,
2980,549.0,-,,space,,
2981,550.0,fal,UNK,short,,
2982,550.0,lax,long,long,,
2983,550.0,-,,space,,
2984,550.0,cap,short,short,,
2985,550.0,he,long,long,,
2986,550.0,re,short,short,,
2987,550.0,us,short,short,,
2988,550.0,-,,space,,
2989,550.0,aes,UNK,long,,
2990,550.0,tu,short,short,,
2991,550.0,at,long,long,,
2992,550.0,-,,space,,
2993,550.0,sco,short,short,,
2994,550.0,pu,short,short,,
2995,550.0,lis,long,long,,
2996,550.0,-,,space,,
2997,550.0,fre,short,short,,
2998,550.0,tum,UNK,short,,
2999,550.0,-,,space,,
3000,551.0,fer,UNK,short,,
3001,551.0,vet,long,long,,
3002,551.0,que,short,short,,
3003,551.0,-,,space,,
3004,551.0,sem,long,long,,
3005,551.0,per,UNK,short,,
3006,551.0,-,,space,,
3007,551.0,fluc,long,long,,
3008,551.0,tus,short,short,,
3009,551.0,-,,space,,
3010,551.0,al,long,long,,
3011,551.0,ter,UNK,short,,
3012,551.0,na,long,long,,
3013,551.0,-,,space,,
3014,551.0,vi,short,short,,
3015,551.0,ce,UNK,short,,
3016,551.0,-,,space,,
3017,552.0,arx,UNK,short,,
3018,552.0,-,,space,,
3019,552.0,im,long,long,,
3020,552.0,mi,short,short,,
3021,552.0,net,long,long,,
3022,552.0,-,,space,,
3023,552.0,prae,UNK,long,,
3024,552.0,rup,long,long,,
3025,552.0,ta,short,short,,
3026,552.0,-,,space,,
3027,552.0,quae,UNK,long,?,diphthong?
3028,552.0,-,,space,,
3029,552.0,spec,UNK,short,,
3030,552.0,tat,long,long,,
3031,552.0,-,,space,,
3032,552.0,ma,short,short,,
3033,552.0,re,UNK,short,,
3034,552.0,-,,space,,
3035,553.0,u,UNK,short,,
3036,553.0,trim,long,long,,
3037,553.0,que,short,short,,
3038,553.0,-,,space,,
3039,553.0,ge,short,short,,
3040,553.0,mi,short,short,,
3041,553.0,num,UNK,short,,
3042,553.0,-,,space,,
3043,553.0,pe,short,short,,
3044,553.0,lo,short,short,,
3045,553.0,pis,short,short,,
3046,553.0,-,,space,,
3047,553.0,hinc,long,long,,
3048,553.0,-,,space,,
3049,553.0,o,UNK,long,,
3050,553.0,ras,long,long,,
3051,553.0,-,,space,,
3052,553.0,tu,short,short,,
3053,553.0,i,UNK,long,,
3054,553.0,-,,space,,
3055,554.0,hinc,UNK,short,,
3056,554.0,-,,space,,
3057,554.0,sce,short,short,,
3058,554.0,le,short,short,,
3059,554.0,re,short,short,,
3060,554.0,-,,space,,
3061,554.0,lem,long,long,,
3062,554.0,-,,space,,
3063,554.0,non,UNK,short,,
3064,554.0,no,long,long,,
3065,554.0,bi,short,short,,
3066,554.0,lem,elision,elision,,
3067,554.0,-,,space,,
3068,554.0,hinc,long,long,,
3069,554.0,-,,space,,
3070,554.0,an,UNK,short,,
3071,554.0,the,long,long,,
3072,554.0,do,short,short,,
3073,554.0,na,UNK,short,?,Greek word?
3074,554.0,-,,space,,
3075,555.0,tar,UNK,short,,
3076,555.0,dam,long,long,,
3077,555.0,que,short,short,,
3078,555.0,-,,space,,
3079,555.0,ra,short,short,,
3080,555.0,ti,short,short,,
3081,555.0,bus,UNK,short,,
3082,555.0,-,,space,,
3083,555.0,au,UNK,long,,
3084,555.0,li,short,short,,
3085,555.0,da,elision,elision,,
3086,555.0,-,,space,,
3087,555.0,hanc,long,long,,
3088,555.0,-,,space,,
3089,555.0,ar,UNK,short,,
3090,555.0,cem,elision,elision,,
3091,555.0,oc,long,long,,
3092,555.0,cu,short,short,,
3093,555.0,pat,UNK,short,,
3094,555.0,-,,space,,
3095,556.0,pa,short,short,,
3096,556.0,la,short,short,,
3097,556.0,me,long,long,,
3098,556.0,dis,short,short,,
3099,556.0,-,,space,,
3100,556.0,il,long,long,,
3101,556.0,le,UNK,short,,
3102,556.0,-,,space,,
3103,556.0,ge,short,short,,
3104,556.0,ni,short,short,,
3105,556.0,tor,short,short,,
3106,556.0,-,,space,,
3107,556.0,et,long,long,,
3108,556.0,-,,space,,
3109,556.0,cla,UNK,long,,
3110,556.0,rum,long,long,,
3111,556.0,-,,space,,
3112,556.0,ma,short,short,,
3113,556.0,nu,UNK,long,,
3114,556.0,-,,space,,
3115,557.0,lu,UNK,long,,
3116,557.0,men,long,long,,
3117,557.0,-,,space,,
3118,557.0,ne,short,short,,
3119,557.0,fan,long,long,,
3120,557.0,da,UNK,long,,abl
3121,557.0,-,,space,,
3122,557.0,ver,long,long,,
3123,557.0,ti,short,short,,
3124,557.0,ce,elision,elision,,
3125,557.0,-,,space,,
3126,557.0,e,long,long,,
3127,557.0,-,,space,,
3128,557.0,sum,UNK,short,,
3129,557.0,mo,elision,elision,,
3130,557.0,-,,space,,
3131,557.0,ef,long,long,,
3132,557.0,fe,short,short,,
3133,557.0,rens,UNK,long,,
3134,557.0,-,,space,,
3135,558.0,in,UNK,short,,
3136,558.0,-,,space,,
3137,558.0,sa,long,long,,
3138,558.0,xa,short,short,,
3139,558.0,-,,space,,
3140,558.0,du,long,long,,
3141,558.0,cit,UNK,short,,
3142,558.0,-,,space,,
3143,558.0,per,long,long,,
3144,558.0,fi,short,short,,
3145,558.0,da,long,long,,
3146,558.0,-,,space,,
3147,558.0,clas,UNK,short,,
3148,558.0,sem,long,long,,
3149,558.0,-,,space,,
3150,558.0,fa,short,short,,
3151,558.0,ce,UNK,short,,
3152,558.0,-,,space,,
3153,559.0,hae,UNK,long,,
3154,559.0,rent,long,long,,
3155,559.0,-,,space,,
3156,559.0,a,short,short,,
3157,559.0,cu,long,long,,
3158,559.0,tis,UNK,long,,
3159,559.0,-,,space,,
3160,559.0,ru,long,long,,
3161,559.0,pi,short,short,,
3162,559.0,bus,long,long,,
3163,559.0,-,,space,,
3164,559.0,fi,UNK,long,,
3165,559.0,xae,UNK,long,,
3166,559.0,-,,space,,
3167,559.0,ra,short,short,,
3168,559.0,tes,UNK,long,,
3169,559.0,-,,space,,
3170,560.0,has,UNK,long,,
3171,560.0,-,,space,,
3172,560.0,in,short,short,,
3173,560.0,o,short,short,,
3174,560.0,pis,short,short,,
3175,560.0,-,,space,,
3176,560.0,un,long,long,,
3177,560.0,dae,UNK,long,,
3178,560.0,-,,space,,
3179,560.0,bre,short,short,,
3180,560.0,vi,short,short,,
3181,560.0,a,short,short,,
3182,560.0,-,,space,,
3183,560.0,com,long,long,,
3184,560.0,mi,short,short,,
3185,560.0,nu,short,short,,
3186,560.0,unt,long,long,,
3187,560.0,-,,space,,
3188,560.0,va,short,short,,
3189,560.0,da,UNK,short,,
3190,560.0,-,,space,,
3191,561.0,pars,UNK,short,,
3192,561.0,-,,space,,
3193,561.0,ve,short,short,,
3194,561.0,hi,short,short,,
3195,561.0,tur,short,short,,
3196,561.0,-,,space,,
3197,561.0,hu,long,long,,
3198,561.0,ius,UNK,short,,?syllabification
3199,561.0,-,,space,,
3200,561.0,pri,long,long,,
3201,561.0,ma,short,short,,
3202,561.0,-,,space,,
3203,561.0,pars,long,long,,
3204,561.0,-,,space,,
3205,561.0,sco,short,short,,
3206,561.0,pu,short,short,,
3207,561.0,lo,long,long,,
3208,561.0,-,,space,,
3209,561.0,se,short,short,,
3210,561.0,det,UNK,short,,
3211,561.0,-,,space,,
3212,562.0,et,UNK,short,,
3213,562.0,-,,space,,
3214,562.0,frac,long,long,,
3215,562.0,ta,short,short,,
3216,562.0,-,,space,,
3217,562.0,fran,long,long,,
3218,562.0,git,UNK,short,,
3219,562.0,-,,space,,
3220,562.0,iam,long,long,,
3221,562.0,-,,space,,
3222,562.0,ti,short,short,,
3223,562.0,ment,long,long,,
3224,562.0,-,,space,,
3225,562.0,ter,UNK,short,,
3226,562.0,ram,long,long,,
3227,562.0,-,,space,,
3228,562.0,ra,short,short,,
3229,562.0,tes,UNK,long,,
3230,562.0,-,,space,,
3231,563.0,et,UNK,short,,
3232,563.0,-,,space,,
3233,563.0,ma,short,short,,
3234,563.0,ri,short,short,,
3235,563.0,a,short,short,,
3236,563.0,-,,space,,
3237,563.0,ma,long,long,,
3238,563.0,lunt,UNK,short,,
3239,563.0,-,,space,,
3240,563.0,ce,short,short,,
3241,563.0,ci,short,short,,
3242,563.0,dit,short,short,,
3243,563.0,-,,space,,
3244,563.0,in,long,long,,
3245,563.0,-,,space,,
3246,563.0,lu,UNK,long,,
3247,563.0,cem,long,long,,
3248,563.0,-,,space,,
3249,563.0,fu,short,short,,
3250,563.0,ror,UNK,short,,
3251,563.0,-,,space,,
3252,564.0,post,UNK,short,,
3253,564.0,quam,long,long,,
3254,564.0,-,,space,,
3255,564.0,li,short,short,,
3256,564.0,ta,long,long,,
3257,564.0,tum,elision,elision,,
3258,564.0,-,,space,,
3259,564.0,est,UNK,short,,
3260,564.0,-,,space,,
3261,564.0,i,long,long,,
3262,564.0,li,short,short,,
3263,564.0,o,long,long,,
3264,564.0,-,,space,,
3265,564.0,phoe,UNK,long,,
3266,564.0,bus,long,long,,
3267,564.0,-,,space,,
3268,564.0,re,short,short,,
3269,564.0,dit,UNK,short,,
3270,564.0,-,,space,,
3271,565.0,et,UNK,short,,
3272,565.0,-,,space,,
3273,565.0,dam,long,long,,
3274,565.0,na,short,short,,
3275,565.0,-,,space,,
3276,565.0,noc,long,long,,
3277,565.0,tis,UNK,short,,
3278,565.0,-,,space,,
3279,565.0,tris,long,long,,
3280,565.0,tis,short,short,,
3281,565.0,-,,space,,
3282,565.0,os,long,long,,
3283,565.0,ten,UNK,short,,
3284,565.0,dit,long,long,,
3285,565.0,-,,space,,
3286,565.0,di,short,short,,
3287,565.0,es,UNK,long,,
3288,565.0,-,,space,,
3289,566.0,u,UNK,short,,
3290,566.0,trum,long,long,,
3291,566.0,que,short,short,,
3292,566.0,-,,space,,
3293,566.0,do,short,short,,
3294,566.0,le,short,short,,
3295,566.0,am,UNK,short,,
3296,566.0,-,,space,,
3297,566.0,lae,UNK,long,,
3298,566.0,ter,short,short,,
3299,566.0,-,,space,,
3300,566.0,an,long,long,,
3301,566.0,-,,space,,
3302,566.0,re,short,short,,
3303,566.0,du,short,short,,
3304,566.0,cem,long,long,,
3305,566.0,-,,space,,
3306,566.0,vi,short,short,,
3307,566.0,rum,UNK,short,,
3308,566.0,-,,space,,
3309,567.0,re,short,short,,
3310,567.0,me,short,short,,
3311,567.0,as,long,long,,
3312,567.0,se,short,short,,
3313,567.0,-,,space,,
3314,567.0,lae,UNK,long,,
3315,567.0,tor,UNK,short,,
3316,567.0,-,,space,,
3317,567.0,vul,long,long,,
3318,567.0,nus,short,short,,
3319,567.0,-,,space,,
3320,567.0,et,long,long,,
3321,567.0,-,,space,,
3322,567.0,reg,UNK,long,,
3323,567.0,ni,long,long,,
3324,567.0,-,,space,,
3325,567.0,gra,short,short,,
3326,567.0,ve,UNK,short,,
3327,567.0,-,,space,,
3328,568.0,lu,UNK,long,,
3329,568.0,ge,long,long,,
3330,568.0,re,short,short,,
3331,568.0,-,,space,,
3332,568.0,co,long,long,,
3333,568.0,gor,UNK,short,,
3334,568.0,-,,space,,
3335,568.0,red,long,long,,
3336,568.0,de,short,short,,
3337,568.0,-,,space,,
3338,568.0,iam,long,long,,
3339,568.0,-,,space,,
3340,568.0,gra,UNK,long,?,Grai?
3341,568.0,is,long,long,,
3342,568.0,-,,space,,
3343,568.0,pa,short,short,,
3344,568.0,ter,UNK,short,,
3345,568.0,-,,space,,
3346,569.0,al,UNK,short,,
3347,569.0,ti,short,short,,
3348,569.0,so,short,short,,
3349,569.0,na,short,short,,
3350,569.0,-,,space,,
3351,569.0,qua,short,short,,
3352,569.0,ti,short,short,,
3353,569.0,ens,UNK,long,,
3354,569.0,-,,space,,
3355,569.0,reg,long,long,,
3356,569.0,na,short,short,,
3357,569.0,-,,space,,
3358,569.0,pla,long,long,,
3359,569.0,ca,UNK,long,,
3360,569.0,tos,long,long,,
3361,569.0,-,,space,,
3362,569.0,de,short,short,,
3363,569.0,os,UNK,long,,
3364,569.0,-,,space,,
3365,570.0,nunc,UNK,short,,
3366,570.0,-,,space,,
3367,570.0,om,long,long,,
3368,570.0,ne,short,short,,
3369,570.0,-,,space,,
3370,570.0,lae,UNK,long,,
3371,570.0,ta,UNK,short,,
3372,570.0,-,,space,,
3373,570.0,fron,long,long,,
3374,570.0,de,short,short,,
3375,570.0,-,,space,,
3376,570.0,ve,long,long,,
3377,570.0,le,UNK,long,,
3378,570.0,tur,long,long,,
3379,570.0,-,,space,,
3380,570.0,ca,short,short,,
3381,570.0,put,UNK,short,,
3382,570.0,-,,space,,
3383,571.0,sa,UNK,short,,
3384,571.0,cri,short,short,,
3385,571.0,fi,short,short,,
3386,571.0,ca,short,short,,
3387,571.0,-,,space,,
3388,571.0,dul,long,long,,
3389,571.0,ces,UNK,long,,
3390,571.0,-,,space,,
3391,571.0,ti,long,long,,
3392,571.0,bi,short,short,,
3393,571.0,a,elision,elision,,
3394,571.0,-,,space,,
3395,571.0,ef,long,long,,
3396,571.0,fun,UNK,short,,
3397,571.0,dat,long,long,,
3398,571.0,-,,space,,
3399,571.0,mo,short,short,,
3400,571.0,dos,UNK,long,,
3401,571.0,-,,space,,
3402,572.0,et,UNK,short,,
3403,572.0,-,,space,,
3404,572.0,ni,short,short,,
3405,572.0,ve,short,short,,
3406,572.0,a,short,short,,
3407,572.0,-,,space,,
3408,572.0,mag,long,long,,
3409,572.0,nas,UNK,long,,
3410,572.0,-,,space,,
3411,572.0,vic,long,long,,
3412,572.0,ti,short,short,,
3413,572.0,ma,elision,elision,,
3414,572.0,-,,space,,
3415,572.0,an,long,long,,
3416,572.0,te,elision,elision,,
3417,572.0,-,,space,,
3418,572.0,a,UNK,long,,
3419,572.0,ras,long,long,,
3420,572.0,-,,space,,
3421,572.0,ca,short,short,,
3422,572.0,dat,UNK,short,,
3423,572.0,-,,space,,
3424,573.0,sed,UNK,long,long,
3425,573.0,-,,space,,
3426,573.0,ec,long,long,,
3427,573.0,ce,short,short,,
3428,573.0,-,,space,,
3429,573.0,tur,long,long,,
3430,573.0,ba,UNK,short,,
3431,573.0,-,,space,,
3432,573.0,tris,long,long,,
3433,573.0,tis,short,short,,
3434,573.0,-,,space,,
3435,573.0,in,long,long,,
3436,573.0,comp,UNK,long,?,syllabification?
3437,573.0,tae,UNK,long,,
3438,573.0,-,,space,,
3439,573.0,co,short,short,,
3440,573.0,mas,UNK,long,,
3441,573.0,-,,space,,
3442,574.0,ef,UNK,short,,
3443,574.0,fre,long,long,,
3444,574.0,na,short,short,,
3445,574.0,-,,space,,
3446,574.0,phoe,UNK,long,,
3447,574.0,bas,UNK,long,,
3448,574.0,-,,space,,
3449,574.0,en,long,long,,
3450,574.0,the,short,short,,
3451,574.0,as,long,long,,
3452,574.0,-,,space,,
3453,574.0,lau,UNK,long,,
3454,574.0,rus,long,long,,
3455,574.0,-,,space,,
3456,574.0,qua,short,short,,
3457,574.0,tit,UNK,short,,
