line,syllable,label
1,ad,
1,sum,long
1,pro,short
1,fun,long
1,do,
1,tar,long
1,ta,short
1,ri,elision
1,e,long
1,mis,
1,sus,long
1,spe,short
1,cu,
2,in,
2,cer,long
2,tus,short
2,u,long
2,tras,
2,o,long
2,de,short
2,rim,long
2,se,
2,des,long
2,ma,short
2,gis,
3,fu,short
3,gi,short
3,o,long
3,thy,short
3,es,long
3,tes,
3,in,long
3,fe,short
3,ros,long
3,su,short
3,pe,short
3,ros,long
3,fu,short
3,go,
4,en,
4,hor,long
4,ret,short
4,a,short
4,ni,short
4,mus,
4,et,long
4,pa,short
4,vor,long
4,mem,
4,bra,elision
4,ex,long
4,cu,short
4,tit,
5,vi,short
5,de,short
5,o,long
5,pa,short
5,ter,long
5,nos,
5,im,long
5,mo,short
5,fra,long
5,ter,
5,nos,long
5,la,short
5,res,
6,hoc,
6,est,long
6,ve,short
6,tus,long
6,tum,
6,pe,short
6,lo,short
6,pi,short
6,ae,long
6,li,
6,men,long
6,do,short
6,mus,
7,hinc,
7,aus,long
7,pi,short
7,ca,long
7,ri,
7,re,long
7,gi,short
7,um,long
7,ca,short
7,pi,short
7,ti,long
7,de,short
7,cus,
8,mos,
8,est,long
8,pe,short
8,las,long
8,gis,
8,hoc,long
8,se,short
8,dent,long
8,al,
8,ti,long
8,to,short
8,ro,
9,qvi,
9,bus,long
9,su,short
9,per,long
9,ba,
9,scep,long
9,tra,short
9,ges,long
9,tan,
9,tur,long
9,ma,short
9,nu,
10,li,
10,bet,long
10,re,short
10,ver,long
10,ti,
10,non,long
10,ne,short
10,vel,long
10,tris,
10,tes,long
10,la,short
10,cus,
11,in,
11,co,short
11,le,short
11,re,short
11,sa,short
11,ti,short
11,us,
11,non,long
11,ne,short
11,cus,long
11,to,
11,dem,long
11,sty,short
11,gis,
12,tri,
12,ge,short
12,mi,short
12,na,short
12,ni,long
12,gris,
12,col,long
12,la,short
12,jac,long
12,tan,
12,tem,long
12,ju,short
12,bis,
13,u,
13,bi,elision
13,il,long
13,le,short
13,ce,short
13,le,short
13,ri,
13,cor,long
13,pus,short
13,e,long
13,vin,
13,ctus,long
13,ro,short
13,tae,long
14,re,short
14,deun,short
14,te,long
14,to,short
14,ti,short
14,ens,
14,lu,long
14,di,short
14,tur,long
14,sa,
14,xo,long
14,la,short
14,bor,
15,u,short
15,bi,short
15,ton,long
15,det,short
15,a,long
15,les,
15,a,short
15,vi,short
15,da,short
15,fe,long
15,cun,
15,dum,long
15,je,short
15,cur,
16,et,
16,in,long
16,ter,short
16,un,long
16,das,
16,fer,long
16,vi,short
16,da,elision
16,ex,long
16,us,
16,tus,long
16,si,short
16,ti,
17,aq,
17,vas,long
17,fu,short
17,ga,long
17,ces,
17,o,long
17,re,short
17,de,long
17,cep,
17,to,elision
17,ap,long
17,pe,short
17,tit,
18,poe,long
18,nas,long
18,da,short
18,tu,long
18,rus,
18,cae,long
18,li,short
18,tum,long
18,da,short
18,pi,short
18,bus,long
18,gra,short
18,ves,
19,sed,
19,il,long
19,le,short
19,nos,long
19,trae,long
19,pars,long
19,qvo,short
19,ta,elision
19,est,long
19,cul,
19,pae,long
19,se,short
19,nex,
20,re,short
20,pu,short
20,te,long
20,mus,short
20,om,long
20,nes,
20,qvos,long
20,ob,short
20,in,long
20,fan,
20,das,long
20,ma,short
20,nus,
21,qvae,long
21,si,long
21,tor,short
21,ur,long
21,na,
21,gno,long
21,si,short
21,us,long
21,ver,
21,sat,long
21,re,short
21,os,
22,vin,
22,cam,long
22,thy,short
22,es,long
22,tes,
22,sce,short
22,le,short
22,ri,short
22,bus,long
22,cun,
22,ctos,long
22,meis,short
23,a,
23,fra,long
23,tre,short
23,vin,long
23,car,
23,li,long
23,be,short
23,ris,long
23,ple,
23,nus,long
23,tri,short
23,bus,
24,in,
24,me,long
24,se,short
24,pul,long
24,tis,
24,vis,long
24,ce,short
24,ra,elision
24,ex,long
24,e,
24,di,long
24,me,short
24,a,
25,nec,
25,hac,long
25,te,short
25,nus,long
25,for,
25,tu,long
25,na,short
25,ma,short
25,cu,short
25,la,
25,vit,long
25,pa,short
25,trem,
26,gna,
26,tae,long
26,ne,short
26,fan,long
26,dos,
26,pe,short
26,te,short
26,re,short
26,con,long
26,cu,short
26,bi,short
26,tus,long
26,ju,short
26,bet,
27,non,
27,pa,short
27,vi,short
27,dus,short
27,hau,long
27,si,
27,dic,long
27,ta,short
27,sed,long
27,ce,
27,pi,long
27,ne,short
27,fas,
28,er,
28,go,elision
28,ut,long
28,per,short
28,om,long
28,nis,
28,li,long
28,be,short
28,ros,long
28,i,
28,rem,long
28,pa,short
28,rens,
29,co,
29,ac,long
29,ta,short
29,fa,long
29,tis,
29,gna,long
29,ta,short
29,fert,long
29,u,short
29,te,short
29,ro,long
29,gra,short
29,vi,
30,me,
30,pa,long
30,tre,short
30,dig,long
30,num,
30,ver,long
30,sa,short
30,na,long
30,tu,
30,ra,elision
30,est,long
30,re,short
30,tro,
31,a,
31,vo,long
31,pa,short
31,ren,long
31,tem,
31,pro,long
31,ne,short
31,fas,long
31,pa,
31,tri,long
31,vi,short
31,rum,
32,gna,
32,tis,long
32,ne,short
32,po,long
32,tes,
32,mis,long
32,cu,short
32,i,long
32,noc,
32,ti,long
32,di,short
32,em,
33,sed,
33,se,long
33,ra,short
33,tan,long
33,dem,
33,res,long
33,pi,short
33,cit,long
33,fes,
33,sos,long
33,ma,short
33,lis,
34,post,
34,fa,long
34,ta,short
34,de,long
34,mum,
34,sor,long
34,tis,short
34,in,long
34,cer,
34,tae,long
34,fi,short
34,des,
35,rex,
35,il,long
35,le,short
35,re,long
35,gum,
35,duc,long
35,tor,short
35,a,short
35,ga,short
35,mem,
35,non,long
35,du,short
35,cum,
36,cu,
36,jus,long
36,se,short
36,cu,long
36,tae,long
36,mil,long
36,le,short
36,ve,long
36,xil,
36,lum,long
36,ra,short
36,tes,
37,i,
37,li,short
37,a,short
37,ca,short
37,ve,long
37,lis,
37,ma,short
37,ri,short
37,a,short
37,te,long
37,xe,
37,runt,long
37,su,short
37,is,
38,post,
38,de,short
38,ci,short
38,ma,short
38,phoe,long
38,bi,
38,lus,long
38,tra,short
38,de,long
38,vic,
38,to,elision
38,i,long
38,li,short
38,o,
39,a,
39,des,long
39,tda,short
39,tu,long
39,rus,
39,con,long
39,ju,short
39,gi,long
39,ju,short
39,gu,short
39,lum,long
39,su,short
39,ae,long
40,jam,
40,jam,long
40,na,short
40,ta,long
40,bit,
40,san,long
40,gvi,short
40,ne,elision
40,al,long
40,ter,
40,no,long
40,do,short
40,mus,
41,en,
41,ses,long
41,se,short
41,cu,long
41,res,
41,te,long
41,la,short
41,di,long
41,vi,
41,sum,long
41,gra,short
41,vi,
42,ic,
42,tu,long
42,bi,short
42,pen,long
42,nis,
42,re,long
42,gi,short
42,um,long
42,vi,short
42,de,short
42,o,long
42,ca,short
42,put,
43,jam,
43,sce,short
43,le,short
43,ra,short
43,pro,short
43,pe,short
43,sunt,
43,jam,long
43,do,short
43,lus,long
43,cae,long
43,des,long
43,cru,short
43,or,
44,pa,
44,ran,long
44,tur,short
44,e,short
44,pu,short
44,lae,long
44,cau,long
44,sa,short
44,na,long
44,ta,
44,lis,long
44,tu,short
44,i,
45,ae,long
45,gis,long
45,the,short
45,ve,long
45,nit,
45,qvid,long
45,pu,short
45,dor,long
45,vul,
45,tus,long
45,gra,short
45,vat,
46,qvid,
46,dex,long
46,tra,short
46,du,short
46,bi,short
46,o,
46,tre,short
46,pi,short
46,da,short
46,con,long
46,si,short
46,li,short
46,o,long
46,la,short
46,bat,
47,qvid,
47,ip,long
47,se,short
47,te,long
47,met,
47,con,long
47,su,short
47,lis,long
47,tor,
47,qves,long
47,ro,short
47,gas,
48,an,
48,de,short
48,ce,short
48,at,short
48,hoc,long
48,te,
48,res,long
48,pi,short
48,ce,elision
48,ad,long
48,pa,
48,trem,long
48,de,short
48,cet,
49,sed,
49,cur,long
49,re,short
49,pen,long
49,te,
49,noc,long
49,tis,short
49,aes,long
49,ti,
49,vae,long
49,vi,short
49,ces,
50,hi,
50,ber,long
50,na,short
50,lon,long
50,ga,
50,spa,short
50,ti,short
50,a,short
50,pro,long
50,du,
50,cunt,long
50,mo,short
50,ra,
51,aut,long
51,qvid,long
51,ca,short
51,den,long
51,tes,
51,de,long
51,ti,short
51,net,long
51,stel,
51,las,long
51,po,short
51,lo,
52,phoe,long
52,bum,long
52,mo,short
52,ra,long
52,mur,
52,red,long
52,de,short
52,jam,long
52,mun,
52,do,long
52,di,short
52,em,
53,qvid,
53,seg,long
53,nis,short
53,a,short
53,ni,short
53,me,
53,tu,long
53,ta,short
53,con,long
53,si,short
53,li,short
53,a,elision
53,ex,long
53,pe,short
53,tis,
54,qvid,
54,fluc,long
54,tu,short
54,a,long
54,ris,
54,clau,long
54,sa,short
54,jam,long
54,me,short
54,li,short
54,or,long
54,vi,short
54,a,elision
54,est,
55,li,short
55,cu,short
55,it,long
55,pu,short
55,di,long
55,cos,
55,con,long
55,ju,short
55,gis,long
55,qvon,
55,dam,long
55,to,short
55,ros,
56,et,
56,scep,long
56,tra,short
56,cas,long
56,ta,
56,vi,short
56,du,short
56,a,short
56,tu,long
56,ta,
56,ri,long
56,fi,short
56,de,
57,pe,short
57,ri,short
57,e,long
57,re,short
57,mo,long
57,res,
57,jus,long
57,de,short
57,cus,long
57,pi,short
57,e,short
57,tas,long
57,fi,short
57,des,
58,et,
58,qvi,long
58,re,short
58,di,long
58,re,
58,cum,long
58,pe,short
58,rit,long
58,nes,
58,cit,long
58,pu,short
58,dor,
59,da,
59,fre,long
59,na,elision
59,et,short
59,om,long
59,nem,
59,pro,long
59,na,short
59,neq,long
59,vi,short
59,ti,short
59,am,elision
59,in,long
59,ci,short
59,ta,
60,per,
60,sce,short
60,le,short
60,ra,short
60,sem,long
60,per,
60,sce,short
60,le,short
60,ri,short
60,bus,long
60,tu,
60,tum,elision
60,est,long
60,i,short
60,ter,
61,te,
61,cum,elision
61,ip,long
61,sa,short
61,nunc,long
61,e,
61,vol,long
61,ve,short
61,fe,long
61,mi,short
61,ne,short
61,os,long
61,do,short
61,los,
62,qvod,
62,ul,long
62,la,short
62,con,long
62,junx,
62,per,long
62,fi,short
62,da,elision
62,at,long
62,qve,elision
62,im,
62,pos,long
62,su,short
62,i,
63,a,
63,mo,long
63,re,short
63,cae,long
63,co,
63,qvod,long
63,no,short
63,ver,long
63,ca,
63,les,long
63,ma,short
63,nus,
64,au,long
64,sae,long
64,qvod,short
64,ar,long
64,dens,
64,im,long
64,pi,short
64,a,long
64,vir,
64,go,long
64,fa,short
64,ce,
65,fer,
65,rum,long
65,ve,short
65,ne,long
65,na,
65,vel,long
65,my,short
65,ce,long
65,nae,long
65,as,long
65,do,short
65,mos,
66,con,
66,jun,long
66,cta,short
66,so,short
66,ci,short
66,o,
66,pro,short
66,fu,short
66,ge,short
66,fur,long
66,ti,
66,va,long
66,ra,short
66,te,
67,qvid,
67,ti,short
67,mi,short
67,da,short
67,loq,short
67,ve,short
67,ris,
67,fur,long
67,ta,elision
67,et,short
67,ex,long
67,i,short
67,li,short
67,um,elision
67,et,long
67,fu,short
67,gas,
68,so,short
68,ror,short
68,is,long
68,ta,short
68,fe,long
68,cit,
68,te,long
68,de,short
68,cet,long
68,ma,
68,jus,long
68,ne,short
68,fas,
69,re,
69,gi,long
69,na,short
69,da,short
69,naum,short
69,et,
69,in,long
69,cli,short
69,tum,long
69,le,
69,dae,long
69,ge,short
69,nus,
70,qvid,
70,ta,short
70,ci,short
70,ta,short
70,ver,long
70,sas,
70,qvi,long
70,du,short
70,con,long
70,si,short
70,li,short
70,i,elision
70,im,long
70,po,short
70,tens,
71,li,short
71,cet,short
71,ip,long
71,sa,short
71,si,short
71,le,short
71,as,
71,to,long
71,tus,short
71,in,long
71,vul,
71,tu,elision
71,est,long
71,do,short
71,lor,
72,ma,
72,jo,long
72,ra,short
72,cru,short
72,ci,short
72,ant,
72,qvam,elision
72,ut,long
72,mo,short
72,ras,long
72,pos,
72,sim,long
72,pa,short
72,ti,
73,flam,
73,mae,long
73,me,short
73,dul,long
73,las,
73,et,long
73,cor,short
73,ex,long
73,u,
73,runt,long
73,meum,short
74,mix,
74,tus,long
74,do,short
74,lo,long
74,ri,
74,sub,long
74,di,short
74,dit,long
74,sti,short
74,mu,short
74,los,long
74,ti,short
74,mor,
75,in,
75,vi,short
75,di,short
75,a,short
75,pul,long
75,sat,
75,pec,long
75,tus,short
75,hinc,long
75,a,short
75,ni,short
75,mum,long
75,ju,short
75,go,
76,pre,
76,mit,long
76,cu,short
76,pi,long
76,do,
76,tur,long
76,pis,short
76,et,long
76,vin,
76,ci,long
76,ve,short
76,tat,
77,et,
77,in,long
77,ter,short
77,is,long
77,tas,
77,men,long
77,tis,short
77,ob,long
77,ses,
77,sae,long
77,fa,short
77,ces,
78,fes,
78,sus,long
78,qvi,short
78,dem,elision
78,et,long
78,de,
78,jec,long
78,tus,short
78,et,long
78,pes,
78,sum,long
78,da,short
78,tus,
79,ut,
79,cum,elision
79,hinc,long
79,pro,short
79,fun,long
79,dum,
79,ven,long
79,tus,short
79,hinc,long
79,aes,long
79,tus,long
79,ra,short
79,pit,
80,pro,
80,in,long
80,de,elision
80,o,short
80,mi,long
80,si,
80,re,short
80,gi,short
80,men,short
80,e,long
80,ma,short
80,ni,short
80,bus,long
80,meis,short
81,qvo,
81,cum,long
81,qve,short
81,me,elision
81,i,long
81,ra,
81,qvo,long
81,do,short
81,lor,long
81,qvo,
81,spes,long
81,fe,short
81,ret,
82,hoc,
82,i,long
82,re,short
82,per,long
82,gam,
82,fluc,long
82,ti,short
82,bus,long
82,de,short
82,di,short
82,mus,long
82,ra,short
82,tem,
83,u,
83,bi,elision
83,a,short
83,ni,short
83,mus,short
83,er,long
83,rat,
83,op,long
83,ti,short
83,mum,elision
83,est,long
83,ca,
83,sum,long
83,seq,short
83,vi,
84,cae,long
84,ca,elision
84,est,long
84,te,short
84,me,short
84,ri,short
84,tas,
84,qvae,long
84,pe,short
84,tit,long
84,ca,
84,sum,long
84,du,short
84,cem,
85,cui,
85,ul,long
85,ti,short
85,ma,elision
85,est,long
85,for,
85,tu,long
85,na,short
85,qvid,long
85,du,short
85,bi,short
85,am,long
85,ti,short
85,met,
86,tu,
86,ta,elision
86,est,long
86,la,short
86,tet,long
86,qve,
86,cul,long
86,pa,short
86,si,long
86,pa,short
86,te,short
86,ris,long
86,tu,short
86,a,
87,per,
87,lu,long
87,cet,short
87,om,long
87,ne,
87,re,long
87,gi,short
87,ae,long
87,vi,short
87,ti,short
87,um,long
87,do,short
87,mus,
88,pi,
88,get,long
88,pri,short
88,o,long
88,ris,
88,et,long
88,no,short
88,vum,long
88,cri,
88,men,long
88,stru,short
88,is,
89,res,
89,est,long
89,pro,short
89,fec,long
89,to,
89,stul,long
89,ta,short
89,neq,long
89,vi,short
89,ti,short
89,ae,long
89,mo,short
89,dus,
90,et,
90,fer,long
90,rum,elision
90,et,short
90,ig,long
90,nis,
90,sae,long
90,pe,short
90,me,short
90,di,short
90,ci,
90,nae,long
90,lo,short
90,co,elision
90,est,
91,ex,
91,tre,long
91,ma,short
91,pri,long
91,mo,
91,ne,long
91,mo,short
91,tem,long
91,pta,
91,vit,long
91,lo,short
91,co,
92,ra,short
92,pi,short
92,en,long
92,da,short
92,re,long
92,bus,
92,in,long
92,ma,short
92,lis,long
92,prae,long
92,ceps,long
92,vi,short
92,a,elision
92,est,
93,at,
93,te,long
93,re,short
93,flec,long
93,tat,
93,con,long
93,ju,short
93,gi,long
93,no,
93,men,long
93,sa,short
93,crum,
94,de,
94,cem,long
94,per,short
94,an,long
94,nos,
94,vi,short
94,du,short
94,a,short
94,res,long
94,pi,short
94,ci,short
94,am,long
94,vi,short
94,rum,
95,me,short
95,mi,short
95,nis,long
95,se,short
95,de,long
95,bes,
95,so,short
95,bo,short
95,lis,short
95,ex,long
95,il,
95,lo,long
95,tu,short
95,ae,long
96,eq,short
96,vi,short
96,dem,elision
96,et,long
96,ju,short
96,ga,long
96,les,
96,fi,long
96,li,short
96,ae,long
96,me,short
96,mi,short
96,ni,long
96,fa,short
96,ces,
97,et,
97,ge,short
97,ne,short
97,rum,elision
97,ac,short
97,hil,long
97,lem,
97,praes,long
97,ti,short
97,tit,long
97,ma,
97,tri,long
97,fi,short
97,dem,
98,re,
98,de,long
98,mit,short
98,il,long
98,la,
98,clas,long
98,sis,short
98,im,long
98,mo,
98,tae,long
98,mo,short
98,ras,
99,et,
99,ma,short
99,ri,short
99,a,short
99,pi,long
99,gro,
99,fi,long
99,xa,short
99,lan,long
99,gvo,
99,re,elision
99,im,long
99,pu,short
99,lit,
100,pu,
100,det,long
100,do,short
100,let,long
100,qve,
100,tyn,long
100,da,short
100,ris,long
100,cae,long
100,li,long
100,ge,short
100,nus,
101,lus,
101,tra,long
101,le,short
101,clas,long
101,si,
101,do,long
101,ri,short
101,cae,long
101,pe,short
101,pe,short
101,ri,long
101,ca,short
101,put,
102,re,
102,vol,long
102,vit,short
102,a,short
102,ni,short
102,mus,
102,vir,long
102,gi,short
102,nis,long
102,tha,short
102,la,short
102,mos,long
102,me,short
102,ae,long
103,qvos,
103,il,long
103,le,short
103,dig,long
103,nos,
103,pe,short
103,lo,short
103,pi,short
103,a,long
103,fe,
103,cit,long
103,do,short
103,mo,
104,cum,
104,ste,short
104,tit,short
104,ad,short
104,a,long
104,ras,
104,o,long
104,re,short
104,sa,short
104,cri,short
104,fi,
104,co,long
104,pa,short
104,ter,
105,qvam,
105,nup,long
105,ti,short
105,a,long
105,lis,
105,hor,long
105,ru,short
105,it,long
105,cal,
105,chas,long
105,su,short
105,ae,long
106,res,
106,pon,long
106,sa,short
106,vo,long
106,cis,
106,et,long
106,re,short
106,ce,long
106,den,
106,tes,long
106,fo,short
106,cos,
107,o,
107,sce,short
107,le,short
107,ra,short
107,sem,long
107,per,
107,sce,short
107,le,short
107,ri,short
107,bus,long
107,vin,
107,cens,long
107,do,short
107,mus,
108,cru,
108,o,long
108,re,short
108,ven,long
108,tos,
108,e,long
108,mi,short
108,mus,long
108,bel,
108,lum,long
108,ne,short
108,ce,
109,sed,
109,ve,long
109,la,short
109,pa,short
109,ri,short
109,ter,
109,mil,long
109,le,short
109,fe,long
109,ce,
109,runt,long
109,ra,short
109,tes,
110,non,
110,est,long
110,so,short
110,lu,long
110,ta,
110,pros,long
110,pe,short
110,ro,long
110,clas,
110,sis,long
110,de,short
110,o,
111,sic,
111,aus,long
111,pi,short
111,ca,long
111,tus,
111,bel,long
111,la,short
111,non,long
111,me,short
111,li,short
111,us,long
111,ge,short
111,rit,
112,a,
112,mo,long
112,re,short
112,cap,long
112,tae,long
112,cap,long
112,tus,short
112,im,long
112,mo,
112,tus,long
112,pre,short
112,ce,
113,ar,
113,do,long
113,re,short
113,sa,long
113,crae,long
113,vir,long
113,gi,short
113,nis,long
113,jam,
113,tum,long
113,fu,short
113,rens,
114,non,
114,il,long
114,lum,elision
114,ac,short
114,hil,long
114,les,
114,fle,long
114,xit,short
114,in,long
114,do,short
114,mi,short
114,tus,long
114,mi,short
114,nis,
115,non,
115,il,long
115,le,short
115,so,long
115,lus,
115,fa,long
115,ta,short
115,qvi,long
115,mun,
115,di,long
115,vi,short
115,det,
116,in,
116,nos,long
116,fi,short
116,de,long
116,lis,
116,au,long
116,gur,short
116,in,long
116,cap,
116,tas,long
116,le,short
116,vis,
117,non,
117,po,short
117,pu,short
117,lus,short
117,ae,long
117,ger,
117,et,long
117,re,short
117,lu,long
117,cen,
117,tes,long
117,ro,short
117,gi,
118,in,
118,ter,long
118,ru,short
118,en,long
118,tis,
118,grae,long
118,ci,short
118,ae,long
118,stra,
118,gem,elision
118,ul,long
118,ti,short
118,mam,
119,si,
119,ne,elision
119,hos,long
119,te,short
119,vic,long
119,tus,
119,mar,long
119,cet,short
119,ac,long
119,ve,short
119,ne,short
119,ri,long
119,va,short
119,cat,
120,re,short
120,pa,short
120,rat,long
120,qve,elision
120,a,short
120,mo,long
120,res,
120,ne,long
120,ve,short
120,de,long
120,ser,
120,tus,long
120,fo,short
120,ret,
121,a,
121,pae,long
121,li,short
121,ce,elision
121,um,long
121,qvam,
121,bar,long
121,ba,short
121,ra,long
121,cae,long
121,lebs,long
121,to,short
121,rus,
122,a,
122,bla,long
122,tam,elision
122,ac,short
122,hil,long
122,li,
122,di,long
122,li,short
122,git,long
122,lyr,
122,ne,long
122,si,short
122,da,
123,en,
123,pa,short
123,ri,short
123,dis,short
123,hos,long
123,tem,
123,nunc,long
123,no,short
123,vum,long
123,vul,
123,nus,long
123,ge,short
123,rens,
124,a,
124,mo,long
124,re,short
124,ph,short
124,ry,short
124,gi,long
124,va,long
124,tis,short
124,in,long
124,cen,
124,sus,long
124,fu,short
124,rit,
125,et,
125,post,long
125,tro,short
125,pae,long
125,a,
125,tro,long
125,i,short
125,ca,elision
125,ac,long
125,ver,
125,sum,elision
125,i,long
125,li,short
125,um,
126,cap,
126,tae,long
126,ma,short
126,ri,long
126,tus,
126,re,short
126,me,short
126,at,short
126,et,long
126,pri,short
126,a,short
126,mi,long
126,ge,short
126,ner,
127,ac,
127,cin,long
127,ge,short
127,re,elision
127,a,short
127,ni,short
127,me,
127,bel,long
127,la,short
127,non,long
127,le,short
127,vi,short
127,a,elision
127,ap,long
127,pa,short
127,ras,
128,sce,short
128,lus,short
128,oc,long
128,cu,short
128,pan,long
128,dum,elision
128,est,
128,pi,long
128,gra,short
128,qvem,elision
128,ex,long
128,pec,
128,tas,long
128,di,short
128,em,
129,an,
129,te,long
129,mo,short
129,ran,long
129,tur,
129,vir,long
129,gi,short
129,nes,long
129,vi,short
129,du,short
129,ae,long
129,do,short
129,mi,
130,pa,
130,triq,long
130,ve,elision
130,o,short
130,res,long
130,tes,
130,si,short
130,mi,short
130,lis,short
130,ho,long
130,rum,
130,te,long
130,ma,short
130,la,
131,ven,
131,tu,long
131,ra,short
131,mo,short
131,ve,short
131,ant,
131,tur,long
131,bo,short
131,qvis,long
131,re,
131,rum,elision
131,im,long
131,mi,short
131,net,
132,qvid,
132,mi,short
132,se,short
132,ra,short
132,ces,long
132,sas,
132,en,long
132,a,short
132,dest,long
132,gna,
132,tis,long
132,tu,short
132,is,
133,fu,
133,rens,long
133,no,short
133,ver,long
133,ca,
133,per,long
133,tu,short
133,um,long
133,si,elision
133,a,short
133,li,short
133,ter,long
133,neq,short
133,vit,
134,la,short
134,tus,short
134,ex,long
134,i,short
134,ga,long
134,tur,
134,en,long
134,sis,short
134,et,long
134,pe,short
134,ri,short
134,mat,long
134,du,short
134,os,
135,mis,
135,ce,long
135,cru,short
135,o,long
135,rem,
135,per,long
135,de,short
135,pe,short
135,reun,short
135,do,
135,vi,short
135,rum,
136,mors,
136,mi,short
136,se,short
136,ra,short
136,non,long
136,est,
136,com,long
136,mo,short
136,ri,long
136,cum,
136,qvo,long
136,ve,short
136,lis,
137,re,
137,gi,long
137,na,short
137,fre,long
137,na,
137,te,long
137,met,short
137,et,long
137,sis,
137,te,elision
137,im,long
137,pe,short
137,tus,
138,et,
138,qvan,long
138,ta,short
138,tem,long
138,ptes,
138,co,long
138,gi,short
138,ta,long
138,vic,
138,tor,long
138,ve,short
138,nit,
139,a,short
139,si,short
139,ae,long
139,fe,short
139,ro,long
139,cis,
139,ul,long
139,tor,short
139,eu,short
139,ro,short
139,pae,
139,tra,short
139,hit,
140,cap,
140,ti,long
140,va,short
140,per,long
140,ga,
140,ma,elision
140,et,long
140,di,short
140,u,long
140,vic,
140,tos,long
140,ph,short
140,ry,
141,hunc,
141,frau,long
141,de,short
141,nunc,long
141,co,
141,na,long
141,ris,short
141,et,long
141,fur,
141,to,elision
141,ag,long
141,gre,short
141,di,
142,qvem,
142,non,long
142,ac,short
142,hil,long
142,les,
142,en,long
142,se,short
142,vi,short
142,o,short
142,la,
142,vit,long
142,fe,short
142,ro,
143,qvam,
143,vis,long
143,pro,short
143,ca,long
143,cem,
143,tor,long
143,vus,short
143,ar,long
143,mas,
143,set,long
143,ma,short
143,num,
144,non,
144,me,short
144,li,short
144,or,short
144,a,long
144,jax,
144,mor,long
144,te,short
144,de,long
144,cre,
144,ta,long
144,fu,short
144,rens,
145,non,
145,so,long
145,la,short
145,da,short
145,na,short
145,is,
145,hec,long
145,tor,short
145,et,long
145,bel,
145,lo,long
145,mo,short
145,ra,
146,non,
146,te,long
146,la,short
146,pa,short
146,ri,short
146,dis,
146,cer,long
146,ta,short
146,non,long
146,mem,
146,non,long
146,ni,short
146,ger,
147,non,
147,xan,long
147,thus,short
147,ar,long
147,mis,
147,cor,long
147,po,short
147,ra,elision
147,im,long
147,mix,
147,ta,elision
147,ag,long
147,ge,short
147,rens,
148,fluc,
148,tus,long
148,qve,short
148,si,short
148,mo,short
148,is,
148,cae,long
148,de,short
148,pur,long
148,pu,short
148,re,short
148,os,long
148,a,short
148,gens,
149,non,
149,ni,short
149,ve,short
149,a,short
149,pro,long
149,les,
149,cyc,long
149,nus,short
149,aeq,long
149,vo,short
149,rei,short
149,dei,short
150,non,
150,bel,long
150,li,short
150,co,long
150,so,
150,th,long
150,res,short
150,cum,long
150,rhe,
150,so,long
150,pha,short
150,lanx,
151,pel,
151,ta,long
151,ta,elision
151,a,short
151,ma,long
151,zon,
151,hunc,long
151,do,short
151,mi,long
151,re,short
151,du,short
151,cem,long
151,pa,short
151,ras,
152,mac,
152,ta,long
152,re,elision
152,et,short
152,a,long
152,ras,
152,cae,long
152,de,short
152,ma,short
152,cu,short
152,la,
152,re,elision
152,im,long
152,pi,short
152,a,
153,ul,
153,trix,long
153,in,short
153,ul,long
153,tum,
153,grae,long
153,ci,short
153,a,elision
153,hoc,long
153,fa,short
153,ci,short
153,nus,long
153,fe,short
153,ret,
154,eq,
154,vos,long
154,et,short
154,ar,long
154,ma,
154,clas,long
154,si,short
154,bus,long
154,qve,elision
154,hor,
154,rens,long
154,fre,short
154,tum,
155,pro,
155,po,long
155,ne,elision
155,et,short
155,al,long
155,to,
155,san,long
155,gvi,short
155,ne,elision
155,ex,long
155,un,
155,dans,long
155,so,short
155,lum,
156,et,
156,to,long
156,ta,short
156,cap,long
156,tae,long
156,fa,long
156,ta,short
156,dar,long
156,da,short
156,ni,short
156,ae,long
156,do,short
156,mus,
157,re,
157,ges,long
157,ta,short
157,da,short
157,na,short
157,is,
157,com,long
157,pri,short
157,me,elision
157,ad,long
157,fec,
157,tus,long
157,tru,short
157,ces,
158,qvod,
158,tem,long
158,pus,short
158,a,short
158,ni,short
158,mo,
158,sem,long
158,per,short
158,ac,long
158,men,
158,te,elision
158,hor,long
158,ru,short
158,i,
159,a,
159,dest,long
159,pro,short
159,fec,long
159,to,
159,re,long
159,bus,short
159,ex,long
159,tre,
159,mum,long
159,meis,short
160,qvid,
160,ter,long
160,ga,short
160,ver,long
160,tis,
160,a,short
160,ni,short
160,me,short
160,qvid,long
160,pri,
160,mo,elision
160,im,long
160,pe,short
160,tu,
161,de,
161,po,long
161,nis,short
161,ar,long
161,ma,
161,cre,long
161,de,short
161,per,long
161,ni,short
161,ci,short
161,em,long
161,ti,short
161,bi,
162,et,
162,di,long
162,ra,short
162,sae,long
162,vos,
162,fa,long
162,ta,short
162,mo,long
162,li,
162,ri,long
162,de,short
162,os,
163,op,
163,po,long
163,ne,short
163,cun,long
163,ctis,
163,vi,long
163,le,short
163,sup,long
163,pli,short
163,ci,short
163,is,long
163,ca,short
163,put,
164,fer,
164,rum,long
164,qve,elision
164,et,short
164,ig,long
164,nes,
164,pec,long
164,to,short
164,re,elision
164,ad,long
164,ver,
164,so,elision
164,ex,long
164,ci,short
164,pe,
165,ae,long
165,gis,long
165,the,short
165,non,long
165,est,
165,poe,long
165,na,short
165,sic,long
165,na,
165,to,long
165,mo,short
165,ri,
166,tu,
166,nos,long
166,pe,short
166,ri,long
166,cli,
166,so,short
166,ci,short
166,a,short
166,tu,long
166,le,
166,da,long
166,sa,short
166,ta,
167,co,short
167,mi,short
167,ta,long
167,re,short
167,tan,long
167,tum,
167,san,long
167,gvi,short
167,nem,long
167,red,
167,det,long
167,ti,short
167,bi,
168,ig,
168,na,long
168,vus,short
168,is,long
168,te,
168,duc,long
168,tor,short
168,ac,long
168,for,
168,tis,long
168,pa,short
168,ter,
169,sed,
169,qvid,long
169,tre,short
169,men,long
169,tis,
169,cir,long
169,cu,short
169,it,long
169,pal,
169,lor,long
169,ge,short
169,nas,
170,ja,
170,cen,long
170,sq,short
170,vul,long
170,tu,
170,lan,long
170,gvi,short
170,do,elision
170,op,long
170,tu,
170,tus,long
170,stu,short
170,pet,
171,a,
171,mor,long
171,ju,short
171,ga,long
171,lis,
171,vin,long
171,cit,short
171,ac,long
171,flec,
171,tit,long
171,re,short
171,tro,
172,a,
172,bi,long
172,re,short
172,sed,long
172,nunc,
172,cas,long
172,ta,short
172,re,short
172,pe,short
172,ta,
172,tur,long
172,fi,short
172,des,
173,nam,
173,se,long
173,ra,short
173,num,long
173,qvam,elision
173,est,
173,ad,long
173,bo,short
173,nos,long
173,mo,
173,res,long
173,vi,short
173,a,
174,qvem,
174,pae,long
174,ni,short
174,tet,long
174,pec,
174,cas,long
174,se,short
174,pae,long
174,ne,elision
174,est,
174,in,long
174,no,short
174,cens,
175,qvo,
175,ra,short
175,pe,short
175,ris,short
175,a,long
175,mens,
175,cre,long
175,dis,short
175,aut,long
175,spe,
175,ras,long
175,ti,short
175,bi,
176,a,short
176,ga,short
176,mem,long
176,no,short
176,nis,long
176,fi,
176,de,long
176,le,short
176,con,long
176,ju,short
176,gi,short
176,um,elision
176,ut,long
176,ni,short
176,hil,
177,su,
177,bes,long
177,set,short
177,a,short
177,ni,short
177,mo,
177,qvod,long
177,gra,short
177,ves,long
177,fa,short
177,ce,short
177,ret,long
177,me,short
177,tus,
178,ta,
178,men,long
178,su,short
178,per,long
178,ba,elision
178,et,
178,im,long
178,po,short
178,tens,long
178,fla,
178,tu,long
178,ni,short
178,mis,
179,for,
179,tu,long
179,na,short
179,mag,long
179,no,
179,spi,long
179,ri,short
179,tus,long
179,tu,short
179,mi,short
179,dos,long
179,da,short
179,ret,
180,tro,
180,jam,elision
180,ad,long
180,di,short
180,dis,long
180,se,
180,rex,long
180,my,short
180,ce,long
180,na,
180,rum,long
180,fu,short
180,it,
181,ve,short
181,ni,short
181,et,long
181,ty,short
181,ran,long
181,nus,
181,pros,long
181,pe,short
181,ra,elision
181,a,short
181,ni,short
181,mos,
181,ef,long
181,fe,short
181,runt,
182,ef,
182,fu,long
182,sa,short
182,cir,long
182,ca,
182,pae,long
182,li,short
182,cum,long
182,qvan,
182,to,long
182,ve,short
182,nit,
183,tur,
183,ba,elision
183,ap,long
183,pa,short
183,ra,long
183,tu,
183,so,long
183,la,short
183,sed,long
183,tur,
183,ba,elision
183,e,long
183,mi,short
183,net,
184,te,
184,net,long
184,qve,short
184,re,long
184,gem,
184,fa,short
184,mu,short
184,la,short
184,ve,long
184,ri,short
184,di,short
184,ci,long
184,dei,short
185,fe,
185,res,long
185,ne,short
185,tha,short
185,la,short
185,mi,
185,vic,long
185,ta,short
185,con,long
185,sor,
185,tem,long
185,tu,short
185,i,
186,at,
186,il,long
186,la,short
186,no,long
186,let,
186,ul,long
186,ti,short
186,mum,elision
186,est,long
186,nup,
186,tae,long
186,ma,short
186,lum,
187,pa,
187,lam,long
187,ma,short
187,ri,long
187,tam,
187,pos,long
187,si,short
187,dens,long
187,pae,long
187,lex,long
187,do,short
187,mum,
188,nec,
188,reg,long
188,na,short
188,so,short
188,ci,short
188,um,
188,fer,long
188,re,short
188,nec,long
188,tae,long
188,dae,long
188,sci,short
188,unt,
189,ae,long
189,gis,long
189,the,short
189,qvid,long
189,me,
189,rur,long
189,sus,short
189,in,long
189,prae,long
189,ceps,long
189,a,short
189,gis,
190,i,
190,ram,long
190,qve,short
190,flam,long
190,mis,
190,jam,long
190,re,short
190,si,long
190,den,
190,tem,elision
190,in,long
190,ci,short
190,tas,
191,per,
191,mi,long
191,sit,short
191,a,short
191,liq,short
191,vid,
191,vic,long
191,tor,short
191,in,long
191,cap,
191,tam,long
191,si,short
191,bi,
192,nec,
192,con,long
192,ju,short
192,gem,elision
192,hoc,long
192,res,
192,pi,short
192,ce,short
192,re,short
192,nec,long
192,do,short
192,mi,short
192,nam,long
192,de,short
192,cet,
193,lex,
193,a,short
193,li,short
193,a,short
193,so,short
193,li,short
193,o,elision
193,est,
193,a,short
193,li,short
193,a,short
193,pri,long
193,va,
193,to,elision
193,in,long
193,to,short
193,ro,
194,qvid,
194,qvod,long
194,se,short
194,ve,long
194,ras,
194,fer,long
194,re,short
194,me,long
194,le,
194,ges,long
194,vi,short
194,ro,
195,non,
195,pa,short
195,ti,short
195,tur,short
195,a,short
195,ni,short
195,mus,
195,tur,long
195,pis,short
195,ad,long
195,mis,
195,si,long
195,me,short
195,mor,
196,i,
196,ta,elision
196,est,long
196,pa,short
196,cis,long
196,ci,
196,mu,long
196,tu,short
196,am,long
196,ve,short
196,ni,short
196,am,long
196,li,short
196,cet,
197,ig,
197,no,long
197,ta,short
197,ti,short
197,bi,short
197,sunt,
197,ju,long
197,ra,short
197,reg,long
197,no,
197,rum,elision
197,aut,long
197,no,short
197,va,
198,no,
198,bis,long
198,ma,short
198,lig,long
198,ni,
198,ju,long
198,di,short
198,ces,long
198,aeq,long
198,vi,long
198,si,short
198,bi,
199,id,
199,es,long
199,se,short
199,reg,long
199,ni,
199,ma,long
199,xi,short
199,mum,long
199,pig,
199,nus,long
199,pu,short
199,tant,
200,si,
200,qvid,long
200,qvid,short
200,a,short
200,li,short
200,is,
200,non,long
200,li,short
200,cet,long
200,so,
200,lis,long
200,li,short
200,cet,
201,ig,
201,no,long
201,vit,short
201,he,short
201,le,short
201,nae,long
201,jun,long
201,cta,short
201,me,short
201,ne,short
201,la,
201,o,long
201,re,short
201,dit,
202,qvae,elision
202,eu,short
202,ro,short
202,pam,long
202,et,short
202,a,short
202,si,short
202,am,
202,pa,short
202,ri,short
202,bus,short
202,af,long
202,fli,
202,xit,long
202,ma,short
202,lis,
203,sed,
203,nul,long
203,la,elision
203,a,short
203,tri,long
203,den,
203,ve,short
203,ne,short
203,re,short
203,fur,long
203,ti,
203,va,elision
203,ab,long
203,stu,short
203,lit,
204,nec,
204,ce,long
204,pit,short
204,a,short
204,ni,short
204,mum,
204,con,long
204,ju,short
204,gi,elision
204,ob,long
204,stric,
204,tum,long
204,su,short
204,ae,long
205,jam,
205,cri,long
205,men,short
205,il,long
205,le,
205,qvae,long
205,rit,short
205,et,long
205,cau,long
205,sas,long
205,pa,short
205,rat,
206,nil,
206,es,long
206,se,short
206,cre,long
206,de,
206,tur,long
206,pe,short
206,com,long
206,mis,
206,sum,long
206,ti,short
206,bi,
207,qvid,short
207,ho,short
207,nes,long
207,ta,short
207,pro,long
207,dest,
207,vi,long
207,ta,short
207,fla,long
207,gi,short
207,ti,short
207,o,long
207,va,short
207,cans,
208,u,short
208,bi,short
208,do,short
208,mi,short
208,nus,short
208,o,long
208,dit,
208,fit,long
208,no,short
208,cens,long
208,non,
208,qvae,long
208,ri,short
208,tur,
209,spar,
209,ten,long
209,ne,short
209,re,short
209,pe,short
209,tes,
209,spre,long
209,ta,elision
209,et,short
209,eu,short
209,ro,short
209,tan,
209,tu,short
209,um,
210,pa,short
210,tri,short
210,as,long
210,qve,short
210,se,long
210,des,
210,pro,short
210,fu,short
210,ga,short
210,non,long
210,dant,
210,ex,long
210,i,short
210,tum,
211,de,
211,lic,long
211,ta,short
211,no,long
211,vit,
211,ne,long
211,mo,short
211,ni,short
211,si,short
211,fi,
211,dus,long
211,me,short
211,a,
212,non,
212,in,long
212,trat,short
212,um,long
212,qvam,
212,re,long
212,gi,short
212,um,long
212,li,
212,men,long
212,fi,short
212,des,
213,pre,short
213,ti,short
213,o,long
213,pa,short
213,ra,long
213,ta,
213,vin,long
213,ci,short
213,tur,long
213,pre,short
213,ti,short
213,o,long
213,fi,short
213,des,
214,sur,
214,git,long
214,re,short
214,si,short
214,du,short
214,us,
214,pris,long
214,ti,short
214,nae,long
214,men,
214,tis,long
214,pu,short
214,dor,
215,con,
215,si,short
215,li,short
215,a,short
215,dic,long
215,tas,
215,sci,long
215,li,short
215,cet,long
215,nu,
215,bam,long
215,ti,short
215,bi,
216,re,
216,gum,long
216,re,short
216,lic,long
216,to,
216,re,long
216,ge,short
216,ge,short
216,ne,short
216,ro,
216,sa,elision
216,ex,long
216,u,short
216,li,
217,et,
217,cur,long
217,a,short
217,tri,long
217,da,
217,vi,short
217,de,short
217,or,short
217,in,long
217,fe,short
217,ri,short
217,or,long
217,ti,short
217,bi,
218,gna,
218,tus,long
218,thy,short
218,es,long
218,tae,long
218,si,long
218,pa,short
218,rum,elision
218,est,long
218,ad,
218,de,elision
218,et,long
218,ne,short
218,pos,
219,auc,long
219,to,long
219,re,short
219,phoe,long
219,bo,
219,gig,long
219,nor,short
219,haud,long
219,ge,short
219,ne,short
219,ris,long
219,pu,short
219,det,
220,phoe,long
220,bum,long
220,ne,short
220,fan,long
220,dae,long
220,stir,long
220,pis,short
220,auc,long
220,to,
220,rem,long
220,vo,short
220,cas,
221,qvem,
221,noc,long
221,te,short
221,su,short
221,bi,short
221,ta,
221,fre,long
221,na,short
221,re,short
221,vo,short
221,can,
221,tem,long
221,su,short
221,a,
222,cae,long
222,lo,elision
222,ex,long
222,pu,short
222,lis,long
222,tis,
222,qvid,long
222,de,short
222,os,long
222,pro,
222,bro,elision
222,ad,long
222,di,short
222,mus,
223,fa,
223,ces,long
223,se,short
223,pro,short
223,pe,short
223,re,elision
223,ac,
223,de,long
223,de,short
223,cus,long
223,nos,
223,trae,long
223,do,short
223,mus,
224,as,
224,por,long
224,ta,elision
224,ab,short
224,o,short
224,cu,short
224,lis,
224,haec,long
224,va,short
224,cat,long
224,re,
224,gi,elision
224,ac,long
224,vi,short
224,ro,
225,si,
225,tu,elision
225,im,long
225,pe,short
225,ras,long
225,re,
225,gi,long
225,na,short
225,non,long
225,tan,
225,tum,long
225,do,short
225,mo,
226,ar,
226,gi,long
226,su,short
226,ce,long
226,do,
226,nil,long
226,mo,short
226,ror,long
226,jus,
226,su,long
226,tu,short
226,o,
227,a,short
227,pe,short
227,ri,long
227,re,short
227,fer,long
227,ro,
227,pec,long
227,tus,short
227,ae,long
227,rum,
227,nis,long
227,gra,short
227,ve,
228,siq,short
228,vi,short
228,dem,elision
228,hoc,long
228,cru,short
228,en,long
228,ta,
228,tyn,long
228,da,short
228,ris,long
228,fi,short
228,e,short
228,ri,long
228,si,short
228,nam,
229,qvae,long
229,jun,long
229,cta,short
229,pec,long
229,cat,
229,de,long
229,bet,short
229,et,long
229,cul,
229,pae,long
229,fi,short
229,dem,
230,se,
230,ce,long
230,de,short
230,me,long
230,cum,
230,po,short
230,ti,short
230,us,short
230,ut,long
230,re,
230,rum,long
230,sta,short
230,tum,
231,du,short
231,bi,short
231,um,elision
231,ac,long
231,mi,short
231,na,long
231,cem,
231,jun,long
231,cta,short
231,con,long
231,si,short
231,li,short
231,a,elision
231,ex,long
231,pli,short
231,cent,
232,sed,
232,ec,long
232,ce,short
232,vas,long
232,to,
232,con,long
232,ci,short
232,tus,long
232,mi,
232,les,long
232,gra,short
232,du,
233,ma,short
233,ni,short
233,fes,long
233,ta,short
233,pro,short
233,pe,short
233,rat,
233,sig,long
233,na,short
233,lae,long
233,ti,short
233,ti,short
233,ae,long
233,fe,short
233,rens,
234,nam,
234,qve,elision
234,has,long
234,ta,short
234,sum,long
234,mo,
234,lau,long
234,re,short
234,am,long
234,fer,
234,ro,long
234,ge,short
234,rit,
235,de,
235,lu,long
235,bra,elision
235,et,short
235,a,long
235,ras,
235,cae,long
235,li,short
235,tum,elision
235,et,long
235,pa,short
235,tri,short
235,os,long
235,la,short
235,res,
236,post,
236,lon,long
236,ga,short
236,fes,long
236,sus,
236,spa,short
236,ti,short
236,a,short
236,vix,long
236,cre,
236,dens,long
236,mi,short
236,hi,
237,sup,
237,plex,long
237,a,short
237,do,long
237,ro,
237,vo,long
237,ta,short
237,su,short
237,pe,short
237,ris,
237,sol,long
237,vi,short
237,te,
238,tel,
238,lu,long
238,ris,short
238,al,long
238,tum,
238,re,short
238,me,short
238,at,short
238,ar,long
238,go,short
238,li,short
238,cae,long
238,de,short
238,cus,
239,tan,
239,dem,elision
239,ad,long
239,pe,short
239,na,long
239,tes,
239,vic,long
239,tor,short
239,a,short
239,ga,short
239,mem,
239,non,long
239,su,short
239,os,
240,fe,
240,lix,long
240,ad,short
240,au,long
240,res,
240,nun,long
240,ti,short
240,us,long
240,ve,
240,nit,long
240,me,short
240,as,
241,u,short
241,bi,short
241,nam,long
241,pe,short
241,ti,long
241,tus,
241,per,long
241,de,short
241,cem,long
241,con,
241,junx,long
241,mi,short
241,hi,
242,an,
242,nos,long
242,mo,short
242,ra,long
242,tur,
242,pe,short
242,la,short
242,gus,short
242,an,long
242,ter,
242,ras,long
242,pre,short
242,mit,
243,in,
243,co,short
243,lu,short
243,mis,short
243,auc,long
243,tus,
243,glo,long
243,ri,short
243,a,long
243,lau,long
243,de,elision
243,in,long
243,cli,short
243,tus,
244,re,short
244,du,short
244,cem,elision
244,ex,long
244,pe,short
244,ti,long
244,to,
244,li,long
244,to,short
244,ri,elision
244,im,long
244,pres,
244,sit,long
244,pe,short
244,dem,
245,sa,
245,cris,long
245,co,short
245,la,long
245,mus,
245,pros,long
245,pe,short
245,rum,long
245,tan,
245,dem,long
245,di,short
245,em,
246,et,
246,si,long
246,pro,short
246,pi,short
246,ti,short
246,os,
246,at,long
246,ta,short
246,men,long
246,len,
246,tos,long
246,de,short
246,os,
247,tu,
247,pan,long
247,de,short
247,vi,long
247,vat,
247,con,long
247,ju,short
247,gis,long
247,fra,
247,ter,long
247,mei,short
248,et,
248,pan,long
248,de,short
248,te,short
248,ne,short
248,at,
248,qvas,long
248,so,short
248,ror,long
248,se,
248,des,long
248,me,short
248,a,
249,me,short
249,li,short
249,o,long
249,ra,short
249,vo,long
249,tis,
249,pos,long
249,co,elision
249,et,short
249,ob,long
249,tes,
249,tor,long
249,de,short
249,os,
250,nam,
250,cer,long
250,ta,short
250,fa,long
250,ri,
250,sors,long
250,ma,short
250,ris,long
250,du,short
250,bi,short
250,i,long
250,ve,short
250,tat,
251,ut,
251,spar,long
251,sa,short
251,tu,short
251,mi,short
251,dum,
251,clas,long
251,sis,short
251,ex,long
251,ce,
251,pit,long
251,ma,short
251,re,
252,qvin,
252,ip,long
252,se,elision
252,a,short
252,tri,long
252,des,
252,aeq,long
252,vo,short
252,re,elision
252,im,long
252,men,
252,so,long
252,va,short
252,gus,
253,gra,short
253,vi,short
253,o,long
253,ra,short
253,pe,short
253,la,short
253,go,
253,dam,long
253,na,short
253,qvam,long
253,bel,
253,lo,long
253,tu,short
253,lit,
254,re,short
254,me,short
254,at,long
254,qve,short
254,vic,long
254,to,
254,si,short
254,mi,short
254,lis,short
254,ex,long
254,i,short
254,gu,short
254,as,long
254,tra,short
254,hens,
255,la,short
255,ce,short
255,ras,long
255,qve,short
255,vic,long
255,tor,
255,clas,long
255,se,short
255,de,long
255,tan,
255,ta,long
255,ra,short
255,tes,
256,qvis,
256,fa,long
256,re,short
256,nos,long
256,tras,
256,hau,long
256,se,short
256,rit,long
256,ca,
256,sus,long
256,ra,short
256,tes,
257,aut,long
257,qvae,long
257,ma,short
257,ris,long
257,for,
257,tu,long
257,na,short
257,dis,long
257,pu,short
257,le,short
257,rit,long
257,du,short
257,ces,
258,a,
258,cer,long
258,ba,short
258,fa,long
258,tu,
258,pos,long
258,cis,short
258,in,long
258,faus,long
258,tum,long
258,ju,short
258,bes,
259,mens,
259,ae,long
259,gra,short
259,tan,long
259,tis,
259,at,long
259,qve,elision
259,in,short
259,hor,long
259,res,
259,cit,long
259,ma,short
259,lis,
260,ex,
260,pro,long
260,me,short
260,cla,long
260,des,
260,sci,long
260,re,short
260,qvi,long
260,re,short
260,fu,short
260,git,long
260,su,short
260,as,
261,gra,
261,vat,long
261,ti,short
261,mo,long
261,rem,
261,du,short
261,bi,short
261,a,short
261,plus,long
261,tor,
261,qvent,long
261,ma,short
261,la,
262,ut,
262,per,long
262,ga,short
262,mum,elision
262,om,long
262,ne,
262,do,long
262,ri,short
262,ca,short
262,ce,short
262,ci,
262,dit,long
262,fa,short
262,ce,
263,di,
263,vi,long
263,sa,short
263,prae,long
263,da,elision
263,est,
263,ma,short
263,ri,short
263,a,short
263,pro,short
263,pe,short
263,ran,
263,tes,long
263,pe,short
263,tunt,
264,ne,
264,glec,long
264,ta,short
264,sum,long
264,mas,
264,scu,long
264,ta,short
264,per,long
264,pup,
264,pes,long
264,ja,short
264,cent,
265,ad,
265,mi,long
265,li,short
265,ta,long
265,res,
265,re,long
265,mus,short
265,ap,long
265,ta,
265,tur,long
265,ma,short
265,nus,
266,om,
266,nis,long
266,qve,short
266,ni,short
266,mi,short
266,um,
266,lon,long
266,ga,short
266,pro,short
266,pe,short
266,ran,
266,ti,long
266,mo,short
266,ra,elision
266,est,
267,sig,
267,num,long
267,re,short
267,cur,long
267,sus,
267,re,long
267,gi,short
267,a,elision
267,ut,long
267,ful,
267,sit,long
267,ra,short
267,te,
268,et,
268,cla,long
268,ra,short
268,lae,long
268,tum,
268,re,long
268,mi,short
268,gem,long
268,mo,short
268,nu,short
268,it,long
268,tu,short
268,ba,
269,au,long
269,ra,long
269,ta,short
269,pri,long
269,mas,
269,pro,long
269,ra,short
269,de,long
269,sig,
269,nat,long
269,vi,short
269,as,
270,a,short
270,pe,short
270,rit,long
270,qve,short
270,cur,long
270,sus,
270,mil,long
270,le,short
270,qvos,long
270,pup,
270,pes,long
270,se,short
270,cent,
271,hinc,
271,au,long
271,ra,short
271,pri,long
271,mo,
271,le,long
271,nis,short
271,im,long
271,pel,
271,lit,long
271,ra,short
271,tes,
272,a,
272,dlap,long
272,sa,short
272,ve,long
272,lis,
272,un,long
272,da,short
272,vix,long
272,ac,
272,tu,long
272,le,short
272,vi,
273,splen,
273,det,long
273,qve,short
273,clas,long
273,se,
273,pe,short
273,la,short
273,gus,short
273,et,long
273,pa,short
273,ri,short
273,ter,long
273,la,short
273,tet,
274,ju,
274,vat,long
274,vi,short
274,de,long
274,re,
274,nu,long
274,da,short
274,tro,long
274,jae,long
274,li,long
274,to,short
274,ra,
275,ju,
275,vat,long
275,re,short
275,lic,long
275,ti,
275,so,long
275,la,short
275,si,long
275,gei,
275,lo,short
275,ca,
276,pro,short
276,pe,short
276,rat,long
276,ju,short
276,ven,long
276,tus,
276,om,long
276,nis,short
276,ad,long
276,duc,
276,tos,long
276,si,short
276,mul,
277,len,
277,ta,long
277,re,short
277,re,long
277,mos,
277,ad,long
277,ju,short
277,vat,long
277,ven,
277,tos,long
277,ma,short
277,nu,
278,et,
278,va,short
278,li,short
278,da,short
278,ni,long
278,su,
278,brac,long
278,chi,short
278,a,elision
278,al,long
278,ter,
278,no,long
278,mo,short
278,vet,
279,di,short
279,ri,short
279,mun,long
279,tq,short
279,ca,long
279,nae,long
279,cae,long
279,ru,short
279,lum,long
279,spu,
279,mae,long
279,ma,short
279,re,
280,ut,
280,au,long
280,ra,short
280,ple,long
280,nos,
280,for,long
280,ti,short
280,or,long
280,ten,
280,dit,long
280,si,short
280,nus,
281,po,short
281,su,short
281,e,long
281,re,short
281,ton,long
281,sas,
281,cre,long
281,di,short
281,ta,elision
281,est,long
281,ven,
281,to,long
281,ra,short
281,tis,
282,fu,
282,sus,long
282,qve,short
282,tran,long
282,stris,
282,mi,long
282,les,short
282,aut,long
282,ter,
282,ras,long
282,pro,short
282,cul,
283,qvan,
283,tum,long
283,re,short
283,ce,long
283,dunt,
283,ve,long
283,la,short
283,fu,short
283,gi,short
283,en,
283,tes,long
283,no,short
283,tat,
284,aut,long
284,bel,long
284,la,short
284,nar,long
284,rat,
284,hec,long
284,to,short
284,ris,long
284,for,
284,tis,long
284,mi,short
284,nas,
285,cur,
285,rus,long
285,qve,elision
285,et,short
285,em,long
285,pto,
285,red,long
285,di,short
285,tum,long
285,cor,
285,pus,long
285,ro,short
285,go,
286,spar,
286,sum,long
286,cru,short
286,o,long
286,re,
286,re,long
286,gis,short
286,her,long
286,ceum,
286,jo,short
286,vem,
287,tunc,
287,qvi,long
287,ja,short
287,cen,long
287,te,
287,re,short
287,ci,short
287,pro,short
287,cus,long
287,lu,
287,dit,long
287,sa,short
287,lo,
288,tu,short
288,mi,short
288,dum,long
288,qve,short
288,pan,long
288,do,
288,tran,long
288,si,short
288,lit,long
288,dor,
288,so,long
288,ma,short
288,re,
289,tyr,
289,rhe,long
289,nus,short
289,om,long
289,ni,
289,pis,long
289,cis,short
289,ex,long
289,ul,
289,tat,long
289,fre,short
289,to,
290,a,short
290,gi,short
290,tat,long
290,qve,short
290,gy,long
290,ros,
290,et,long
290,co,short
290,mes,long
290,la,short
290,te,short
290,ri,elision
290,ad,long
290,na,short
290,tat,
291,an,
291,tej,long
291,re,short
291,na,long
291,ves,
291,lae,long
291,tus,short
291,et,long
291,rur,
291,sus,long
291,seq,short
291,vi,
292,nunc,
292,pri,long
292,ma,short
292,tan,long
292,gens,
292,ros,long
292,tra,short
292,las,long
292,ci,
292,vit,long
292,cho,short
292,rus,
293,mil,
293,le,long
293,si,short
293,mam,long
293,nunc,
293,am,long
293,bit,short
293,et,long
293,lus,
293,trat,long
293,ra,short
293,tem,
294,jam,
294,li,long
294,tus,short
294,om,long
294,ne,
294,te,short
294,gi,short
294,tur,short
294,et,long
294,cam,
294,pi,long
294,la,short
294,tent,
295,et,
295,du,short
295,bi,short
295,a,short
295,pe,short
295,reunt,short
295,mon,long
295,tis,short
295,i,long
295,daei,long
295,ju,short
295,ga,
296,et,
296,vix,long
296,qvod,short
296,u,long
296,num,
296,per,long
296,vi,short
296,cax,long
296,a,short
296,ci,short
296,es,long
296,vi,short
296,det,
297,i,
297,li,short
297,a,short
297,cus,short
297,a,long
297,tra,
297,fu,long
297,mus,short
297,ap,long
297,pa,
297,ret,long
297,no,short
297,ta,
298,jam,
298,las,long
298,sa,short
298,ti,long
298,tan,
298,col,long
298,la,short
298,re,short
298,le,short
298,va,
298,bat,long
298,ju,short
298,go,
299,in,
299,as,long
299,tra,short
299,jam,long
299,lux,
299,pro,long
299,na,short
299,jam,long
299,prae,long
299,ceps,long
299,di,short
299,es,
300,ex,
300,i,short
300,gu,short
300,a,short
300,nu,long
300,bes,
300,sor,long
300,di,short
300,do,long
300,cres,
300,cens,long
300,glo,short
300,bo,
301,ni,short
301,ti,short
301,dum,long
301,ca,short
301,den,long
301,tis,
301,in,long
301,qvi,short
301,nat,long
301,phoe,long
301,bi,long
301,ju,short
301,bar,
302,sus,
302,pec,long
302,ta,short
302,va,short
302,ri,short
302,us,
302,oc,long
302,ci,short
302,dens,long
302,fe,
302,cit,long
302,fre,short
302,ta,
303,nox,
303,pri,long
303,ma,short
303,cae,long
303,lum,
303,spar,long
303,se,short
303,rat,long
303,stel,
303,lis,long
303,ja,short
303,cent,
304,de,
304,ser,long
304,ta,short
304,ven,long
304,to,
304,ve,long
304,la,short
304,tum,long
304,mur,
304,mur,long
304,gra,short
304,ve,
305,ma,
305,jo,long
305,ra,short
305,mi,short
305,ni,short
305,tans,
305,col,long
305,li,short
305,bus,long
305,sum,
305,mis,long
305,ca,short
305,dit,
306,trac,
306,tuq,long
306,ve,short
306,lon,long
306,go,
306,li,long
306,tus,short
306,ac,long
306,pe,
306,trae,long
306,ge,short
306,munt,
307,a,short
307,gi,short
307,ta,long
307,ta,short
307,ven,long
307,tis,
307,un,long
307,da,short
307,ven,long
307,tu,
307,ris,long
307,tu,short
307,met,
308,nec,
308,u,long
308,na,short
308,nox,long
308,est,
308,den,long
308,sa,short
308,te,short
308,ne,short
308,bras,
308,ob,long
308,ru,short
308,it,
309,ca,
309,li,long
309,go,elision
309,et,short
309,om,long
309,ni,
309,lu,long
309,ce,short
309,sub,long
309,duc,
309,ta,long
309,fre,short
309,tum,
310,cae,long
310,lum,long
310,qve,short
310,mis,long
310,cet,
310,un,long
310,diq,short
310,ve,elision
310,in,long
310,cum,
310,bunt,long
310,si,short
310,mul,
311,ra,short
311,pi,short
311,un,long
311,tq,short
311,pe,short
311,la,short
311,gus,
311,in,long
311,fi,short
311,mo,elision
311,e,long
311,ver,
311,sum,long
311,so,short
311,lo,
312,ad,
312,ver,long
312,sus,short
312,eu,short
312,ro,short
312,zep,short
312,hy,short
312,rus,short
312,et,long
312,bo,short
312,re,short
312,ae,long
312,no,short
312,tus,
313,su,short
313,a,short
313,qvis,long
313,qve,short
313,mit,long
313,tunt,
313,te,long
313,la,elision
313,et,short
313,in,long
313,fes,
313,ti,long
313,fre,short
313,tum,
314,e,
314,mo,long
314,li,short
314,un,long
314,tur,
314,tur,long
314,bo,short
314,con,long
314,vol,
314,vit,long
314,ma,short
314,re,
315,li,short
315,by,short
315,cus,long
315,qve,elision
315,ha,short
315,re,long
315,nas,
315,aus,long
315,ter,short
315,ac,long
315,syr,
315,tes,long
315,a,short
315,git,
316,im,
316,bre,elision
316,au,long
316,get,short
316,un,long
316,das,
316,ev,long
316,rus,short
316,o,short
316,ri,short
316,en,
316,tem,long
316,mo,short
316,vet,
317,na,short
317,ba,short
317,tae,long
317,a,short
317,qva,short
317,ti,short
317,ens,
317,reg,long
317,na,elision
317,et,short
317,e,long
317,o,
317,os,long
317,si,short
317,nus,
318,qvid,
318,ra,short
318,bi,short
318,dus,short
318,o,long
318,ra,
318,co,long
318,rus,short
318,o,long
318,ce,short
318,a,short
318,no,elision
318,ex,long
318,e,short
318,rens,
319,mun,
319,dum,long
319,re,short
319,vel,long
319,li,
319,se,long
319,di,short
319,bus,long
319,to,
319,tum,long
319,su,short
319,is,
320,ip,
320,sos,long
320,qve,short
320,rup,long
320,to,
320,cre,long
320,de,short
320,res,long
320,cae,long
320,lo,long
320,de,short
320,os,
321,de,
321,ci,short
321,de,short
321,re,elision
321,et,short
321,a,long
321,trum,
321,re,long
321,bus,short
321,in,long
321,du,
321,ci,long
321,cha,short
321,os,
322,ven,
322,to,long
322,re,short
322,sis,long
322,tit,
322,aes,long
322,tus,short
322,et,long
322,ven,
322,tus,long
322,re,short
322,tro,
323,aes,long
323,tum,long
323,re,short
323,vol,long
323,vit,
323,non,long
323,ca,short
323,pit,long
323,se,
323,se,long
323,ma,short
323,re,
324,in,
324,as,long
324,tra,short
324,pon,long
324,tus,
324,tol,long
324,li,short
324,tur,long
324,cae,long
324,lum,long
324,pe,short
324,rit,
325,un,
325,das,long
325,qve,short
325,mis,long
325,cent,
325,im,long
325,ber,short
325,et,long
325,fluc,
325,tus,long
325,su,short
325,as,
326,nec,
326,hoc,long
326,le,short
326,va,long
326,men,
326,de,long
326,niq,short
326,ve,elision
326,ae,long
326,rum,
326,nis,long
326,da,short
326,tur,
327,pre,
327,munt,long
327,te,short
327,ne,long
327,brae,long
327,lu,long
327,mi,short
327,na,elision
327,et,long
327,di,
327,rae,long
327,sty,short
327,gis,
328,in,
328,fer,long
328,na,short
328,nox,long
328,est,
328,ex,long
328,ci,short
328,dunt,long
328,ig,
328,nes,long
328,ta,short
328,men,
329,et,
329,nu,long
329,be,short
329,di,long
329,rum,
329,ful,long
329,men,short
329,e,long
329,li,
329,sa,long
329,mi,short
329,cat,
330,mi,short
330,se,short
330,ris,long
330,qve,short
330,lu,long
330,cis,
330,tan,long
330,ta,short
330,dul,long
330,ce,
330,do,elision
330,est,long
330,ma,short
330,lae,long
331,hoc,
331,lu,long
331,men,short
331,op,long
331,tant,
331,ip,long
331,sa,short
331,se,long
331,clas,
331,sis,long
331,pre,short
331,mit,
332,il,
332,lam,long
332,de,short
332,his,long
332,cens,
332,pon,long
332,tus,short
332,in,long
332,prae,long
332,ceps,long
332,ra,short
332,pit,
333,hau,long
333,rit,long
333,qve,elision
333,et,short
333,al,long
333,to,
333,red,long
333,di,short
333,tam,long
333,re,short
333,vo,short
333,mit,long
333,ma,short
333,ri,
334,haec,long
334,o,short
334,ne,short
334,re,short
334,si,long
334,dit,
334,il,long
334,la,short
334,con,long
334,vul,
334,sum,long
334,la,short
334,tus,
335,sub,
335,mit,long
335,tit,short
335,un,long
335,dis,
335,fluc,long
335,tus,short
335,hanc,long
335,de,short
335,ci,short
335,mus,long
335,te,short
335,git,
336,haec,long
336,la,short
336,ce,short
336,ra,elision
336,et,short
336,om,long
336,ni,
336,de,short
336,co,short
336,re,short
336,po,short
336,pu,short
336,la,
336,to,long
336,le,short
336,vis,
337,flu,short
337,i,short
337,tat,long
337,nec,short
337,il,long
337,li,
337,ve,long
337,la,short
337,nec,long
337,ton,
337,sae,long
337,ma,short
337,nent,
338,nec,
338,rec,long
338,tus,short
338,al,long
338,tas,
338,ma,long
338,lus,short
338,an,long
338,tem,
338,nas,long
338,fe,short
338,rens,
339,nil,
339,ra,short
339,ti,short
339,o,elision
339,et,short
339,u,long
339,sus,
339,au,long
339,det,short
339,ars,long
339,ces,
339,sit,long
339,ma,short
339,lis,
340,te,short
340,net,short
340,hor,long
340,ror,short
340,ar,long
340,tus,
340,om,long
340,nis,short
340,of,long
340,fi,short
340,ci,short
340,o,long
340,stu,short
340,pet,
341,na,
341,vi,short
341,ta,short
341,re,short
341,lic,long
341,to,
341,re,long
341,mus,short
341,ef,long
341,fu,
341,git,long
341,ma,short
341,nus,
342,in,
342,vo,long
342,ta,short
342,mi,short
342,se,short
342,ros,
342,ul,long
342,ti,short
342,mus,long
342,co,
342,git,long
342,ti,short
342,mor,
343,e,short
343,a,short
343,dem,long
343,qve,short
343,su,short
343,pe,short
343,ros,
343,troes,long
343,et,long
343,da,short
343,na,short
343,i,long
343,ro,short
343,gant,
344,qvid,
344,fa,long
344,ta,short
344,pos,long
344,sunt,
344,in,long
344,vi,short
344,det,long
344,pyr,
344,rhus,long
344,pa,short
344,tri,
345,a,
345,ja,long
345,ci,elision
345,u,short
345,li,long
345,xes,
345,hec,long
345,to,short
345,ri,elision
345,a,long
345,tri,
345,des,long
345,mi,short
345,nor,
346,a,short
346,ga,short
346,mem,long
346,no,short
346,pri,short
346,a,short
346,mo,
346,qvis,long
346,qvis,short
346,ad,long
346,tro,
346,jam,long
346,ja,short
346,cet,
347,fe,
347,lix,long
347,vo,short
347,ca,long
347,tur,
347,ca,short
347,de,short
347,re,short
347,qvi,long
347,me,short
347,ru,short
347,it,long
347,gra,short
347,du,
348,qvem,
348,fa,long
348,ma,short
348,ser,long
348,vat,
348,vic,long
348,ta,short
348,qvem,long
348,tel,
348,lus,long
348,te,short
348,git,
349,nil,
349,no,long
349,bi,short
349,le,elision
349,au,long
349,sos,
349,pon,long
349,tus,short
349,at,long
349,qve,elision
349,un,
349,dae,long
349,fe,short
349,rent,
350,ig,
350,na,long
350,va,short
350,for,long
350,tes,
350,fa,long
350,ta,short
350,con,long
350,su,
350,ment,long
350,vi,short
350,ros,
351,per,
351,den,long
351,da,short
351,mors,long
351,est,
351,qvis,long
351,qvis,short
351,es,long
351,non,
351,dum,long
351,ma,short
351,lis,
352,sa,short
352,ti,short
352,a,long
352,te,short
352,tan,long
352,tis,
352,cae,long
352,li,short
352,tum,long
352,tan,
352,dem,long
352,tu,short
352,um,
353,nu,
353,men,long
353,se,short
353,re,long
353,na,
353,cla,long
353,di,short
353,bus,long
353,nos,
353,tris,long
353,da,short
353,ret,
354,vel,
354,tro,long
354,ja,short
354,la,short
354,cri,short
354,mas,
354,o,short
354,di,short
354,a,short
354,si,long
354,du,
354,rant,long
354,tu,short
354,a,
355,pla,
355,cet,long
355,qve,short
355,mit,long
355,ti,
355,do,long
355,ri,short
355,cum,elision
355,ex,long
355,i,short
355,ti,short
355,o,long
355,ge,short
355,nus,
356,qvid,
356,hos,long
356,si,short
356,mul,long
356,pe,
356,ri,long
356,re,short
356,no,long
356,bis,
356,cum,long
356,ju,short
356,vat,
357,qvi,
357,bus,long
357,pe,short
357,ri,long
357,mus,
357,sis,long
357,ti,short
357,te,elision
357,in,long
357,fes,
357,tum,long
357,ma,short
357,re,
358,ve,short
358,hit,short
358,is,long
358,ta,short
358,da,short
358,na,short
358,os,
358,clas,long
358,sis,short
358,et,long
358,tro,
358,as,long
358,ve,short
358,hit,
359,nec,
359,plu,long
359,ra,short
359,pos,long
359,sunt,
359,oc,long
359,cu,short
359,pat,long
359,vo,
359,cem,long
359,ma,short
359,re,
360,ec,
360,ce,elision
360,a,short
360,li,short
360,a,short
360,cla,long
360,des,
360,ful,long
360,mi,short
360,ne,elision
360,i,long
360,ra,
360,ti,long
360,jo,short
360,vis,
361,ar,
361,ma,long
361,ta,short
361,pal,long
361,las,
361,qvid,long
361,qvid,short
361,aut,long
361,has,
361,ta,long
361,mi,short
361,nax,
362,aut,long
362,ae,long
362,gi,short
362,de,elision
362,et,long
362,fu,
362,ro,long
362,re,short
362,gor,long
362,go,short
362,ne,short
362,o,long
362,po,short
362,test,
363,hoc,
363,ig,long
363,ne,short
363,pa,short
363,tri,short
363,o,
363,tem,long
363,ptat,short
363,et,long
363,cae,long
363,lo,long
363,no,short
363,vae,long
364,spi,
364,rant,long
364,pro,short
364,cel,long
364,lae,long
364,so,long
364,lus,short
364,in,long
364,vic,
364,tus,long
364,ma,short
364,lis,
365,luc,
365,ta,long
365,tur,short
365,a,long
365,jax,
365,ve,long
365,la,short
365,co,long
365,gen,
365,tem,elision
365,hunc,long
365,su,short
365,a,
366,ten,
366,to,long
366,ru,short
366,den,long
366,te,
366,flam,long
366,ma,short
366,per,long
366,strin,
366,xit,long
366,ca,short
366,dens,
367,li,
367,bra,long
367,tur,short
367,a,short
367,li,short
367,ud,
367,ful,long
367,men,short
367,hoc,long
367,to,
367,to,elision
367,im,long
367,pe,short
367,tu,
368,cer,
368,tum,long
368,re,short
368,duc,long
368,ta,
368,pal,long
368,las,short
368,ex,long
368,cus,
368,sit,long
368,ma,short
368,nu,
369,i,short
369,mi,short
369,ta,long
369,ta,short
369,pa,long
369,trem,
369,tran,long
369,sit,short
369,a,long
369,ja,
369,cem,elision
369,et,long
369,ra,short
369,tem,
370,ra,
370,tis,long
370,qve,short
370,par,long
370,tem,
370,se,long
370,cum,elision
370,et,short
370,a,long
370,ja,
370,cem,long
370,tu,short
370,lit,
371,nil,
371,il,long
371,le,short
371,mo,long
371,tus,
371,ar,long
371,du,short
371,a,elision
371,ut,long
371,cau,long
371,tes,long
371,sa,short
371,lo,
372,am,
372,bus,long
372,tus,short
372,ex,long
372,tat,
372,di,short
372,ri,short
372,mit,short
372,in,long
372,sa,
372,num,long
372,ma,short
372,re,
373,fluc,
373,tus,long
373,qve,short
373,rum,long
373,pit,
373,pec,long
373,to,short
373,re,elision
373,et,long
373,na,
373,vem,long
373,ma,short
373,nu,
374,com,
374,ple,long
374,xus,short
374,ig,long
374,nes,
374,tra,long
374,xit,short
374,et,long
374,cae,long
374,co,long
374,ma,short
374,ri,
375,con,
375,lu,long
375,cet,short
375,a,long
375,jax,
375,om,long
375,ne,short
375,res,long
375,plen,
375,det,long
375,fre,short
375,tum,
376,tan,
376,dem,elision
376,oc,long
376,cu,short
376,pa,long
376,ta,
376,ru,long
376,pe,short
376,fu,short
376,ri,short
376,bun,
376,dum,elision
376,in,long
376,to,short
376,nat,
377,su,short
377,pe,short
377,ras,long
377,se,short
377,nunc,long
377,pe,
377,la,long
377,gus,short
377,at,long
377,qve,elision
377,ig,
377,nes,long
377,ju,short
377,vat,
378,vi,
378,cis,long
378,se,short
378,cae,long
378,lum,
378,pal,long
378,la,short
378,dem,long
378,ful,
378,men,long
378,ma,short
378,re,
379,non,
379,me,long
379,fu,short
379,ga,long
379,vit,
379,bel,long
379,li,short
379,ci,long
379,ter,
379,ror,long
379,dei,short
380,phoe,long
380,be,long
380,a,short
380,nec,long
380,me,
380,te,long
380,la,short
380,pe,short
380,pu,short
380,le,
380,runt,long
380,gra,short
380,du,
381,cum,
381,ph,short
381,ry,short
381,gi,short
381,is,long
381,tos,
381,vi,long
381,ci,short
381,mus,long
381,te,
381,ne,elision
381,hor,long
381,re,short
381,am,
382,a,short
382,li,short
382,e,long
382,na,elision
382,in,short
382,er,long
382,ti,
382,te,long
382,la,short
382,ja,short
382,cu,short
382,lan,
382,tem,long
382,ma,short
382,nu,
383,qvid,
383,si,elision
383,ip,long
383,se,short
383,mit,long
383,tat,
383,plu,long
383,ra,short
383,cum,elision
383,au,long
383,de,
383,ret,long
383,fu,short
383,rens,
384,tri,
384,den,long
384,te,short
384,ru,long
384,pem,
384,su,long
384,bru,short
384,it,long
384,pul,
384,sam,long
384,pa,short
384,ter,
385,nep,
385,tu,long
385,nus,short
385,i,long
385,mis,
385,ex,long
385,e,short
385,rens,long
385,un,
385,dis,long
385,ca,short
385,put,
386,sol,
386,vit,long
386,qve,short
386,mon,long
386,tem,
386,qvem,long
386,ca,short
386,dens,long
386,se,
386,cum,long
386,tu,short
386,lit,
387,ter,
387,raq,long
387,ve,elision
387,et,short
387,ig,long
387,ne,
387,vic,long
387,tus,short
387,et,long
387,pe,short
387,la,short
387,go,long
387,ja,short
387,cet,
388,nos,
388,a,short
388,li,short
388,a,short
388,ma,long
388,jor,
388,nau,long
388,fra,short
388,gos,long
388,pes,
388,tis,long
388,vo,short
388,cat,
389,est,
389,hu,short
389,mi,short
389,lis,short
389,un,long
389,da,
389,scru,long
389,peis,short
389,men,
389,dax,long
389,va,short
389,dis,
390,u,short
390,bi,short
390,sa,long
390,xa,short
390,ra,short
390,pi,short
390,dis,
390,clau,long
390,sa,short
390,ver,long
390,ti,short
390,ci,short
390,bus,long
390,te,short
390,git,
391,fal,
391,lax,long
391,cap,short
391,he,long
391,reus,short
391,aes,long
391,tu,short
391,at,long
391,sco,short
391,pu,short
391,lis,long
391,fre,short
391,tum,
392,fer,
392,vet,long
392,qve,short
392,sem,long
392,per,
392,fluc,long
392,tus,short
392,al,long
392,ter,
392,na,long
392,vi,short
392,ce,
393,arx,
393,im,long
393,mi,short
393,net,long
393,prae,long
393,rup,long
393,ta,short
393,qvae,long
393,spec,
393,tat,long
393,ma,short
393,re,
394,u,
394,trim,long
394,qve,short
394,ge,short
394,mi,short
394,num,
394,pe,short
394,lo,short
394,pis,short
394,hinc,long
394,o,
394,ras,long
394,tu,short
394,i,
395,hinc,
395,sce,short
395,le,short
395,re,short
395,lem,long
395,non,
395,no,long
395,bi,short
395,lem,elision
395,hinc,long
395,an,
395,the,long
395,do,short
395,na,
396,tar,
396,dam,long
396,qve,short
396,ra,short
396,ti,short
396,bus,
396,au,long
396,li,short
396,da,elision
396,hanc,long
396,ar,
396,cem,elision
396,oc,long
396,cu,short
396,pat,
397,pa,short
397,la,short
397,me,long
397,dis,short
397,il,long
397,le,
397,ge,short
397,ni,short
397,tor,short
397,et,long
397,cla,
397,rum,long
397,ma,short
397,nu,
398,lu,
398,men,long
398,ne,short
398,fan,long
398,da,
398,ver,long
398,ti,short
398,ce,elision
398,e,long
398,sum,
398,mo,elision
398,ef,long
398,fe,short
398,rens,
399,in,
399,sa,long
399,xa,short
399,du,long
399,cit,
399,per,long
399,fi,short
399,da,long
399,clas,
399,sem,long
399,fa,short
399,ce,
400,hae,long
400,rent,long
400,a,short
400,cu,long
400,tis,
400,ru,long
400,pi,short
400,bus,long
400,fi,
400,xae,long
400,ra,short
400,tes,
401,has,
401,in,short
401,o,short
401,pis,short
401,un,long
401,dae,long
401,bre,short
401,vi,short
401,a,short
401,com,long
401,mi,short
401,nu,short
401,unt,long
401,va,short
401,da,
402,pars,
402,ve,short
402,hi,short
402,tur,short
402,hu,long
402,jus,
402,pri,long
402,ma,short
402,pars,long
402,sco,short
402,pu,short
402,lo,long
402,se,short
402,det,
403,et,
403,frac,long
403,ta,short
403,fran,long
403,git,
403,jam,long
403,ti,short
403,ment,long
403,ter,
403,ram,long
403,ra,short
403,tes,
404,et,
404,ma,short
404,ri,short
404,a,short
404,ma,long
404,lunt,
404,ce,short
404,ci,short
404,dit,short
404,in,long
404,lu,
404,cem,long
404,fu,short
404,ror,
405,pos,
405,tq,long
405,li,short
405,ta,long
405,tum,elision
405,est,
405,i,long
405,li,short
405,o,long
405,phoe,long
405,bus,long
405,re,short
405,dit,
406,et,
406,dam,long
406,na,short
406,noc,long
406,tis,
406,tris,long
406,tis,short
406,os,long
406,ten,
406,dit,long
406,di,short
406,es,
407,u,
407,trum,long
407,ne,short
407,do,short
407,le,short
407,am,
407,lae,long
407,ter,short
407,an,long
407,re,short
407,du,short
407,cem,long
407,vi,short
407,rum,
408,re,short
408,me,short
408,as,long
408,se,short
408,lae,long
408,tor,
408,vul,long
408,nus,short
408,et,long
408,reg,
408,ni,long
408,gra,short
408,ve,
409,lu,
409,ge,long
409,re,short
409,co,long
409,gor,
409,red,long
409,de,short
409,jam,long
409,gra,
409,is,long
409,pa,short
409,ter,
410,al,
410,ti,short
410,so,short
410,na,short
410,qva,short
410,ti,short
410,ens,
410,reg,long
410,na,short
410,pla,long
410,ca,
410,tos,long
410,de,short
410,os,
411,nunc,
411,om,long
411,ne,short
411,lae,long
411,ta,
411,fron,long
411,de,short
411,ve,long
411,le,
411,tur,long
411,ca,short
411,put,
412,sa,
412,cri,short
412,fi,short
412,ca,short
412,dul,long
412,ces,
412,ti,long
412,bi,short
412,a,elision
412,ef,long
412,fun,
412,dat,long
412,mo,short
412,dos,
413,et,
413,ni,short
413,ve,short
413,a,short
413,mag,long
413,nas,
413,vic,long
413,ti,short
413,ma,elision
413,an,long
413,te,elision
413,a,
413,ras,long
413,ca,short
413,dat,
414,sed,
414,ec,long
414,ce,short
414,tur,long
414,ba,
414,tris,long
414,tis,short
414,in,long
414,com,
414,ptae,long
414,co,short
414,mas,
415,ef,
415,fre,long
415,na,short
415,phoe,long
415,bas,
415,en,long
415,the,short
415,as,long
415,lau,long
415,rus,long
415,qva,short
415,tit,
416,co,short
416,hi,short
416,be,long
416,te,short
416,la,short
416,cri,short
416,mas,
416,om,long
416,ne,short
416,qvas,long
416,tem,
416,pus,long
416,pe,short
416,tet,
417,tro,
417,a,short
417,des,short
417,et,short
417,ip,long
417,sae,long
417,ves,long
417,tra,short
417,la,long
417,men,
417,ta,long
417,bi,short
417,li,
418,lu,
418,ge,long
418,te,short
418,ge,short
418,mi,short
418,tu,
418,fu,long
418,ne,short
418,ra,elision
418,ae,long
418,rum,
418,nae,long
418,me,short
418,ae,long
419,so,short
419,ci,short
419,um,long
419,re,short
419,cu,long
419,sant,
419,cla,long
419,di,short
419,bus,long
419,qves,
419,tus,long
419,meis,short
420,re,short
420,mo,short
420,ve,long
420,te,short
420,nos,long
420,tris,
420,ip,long
420,sa,short
420,suf,long
420,fi,short
420,ci,short
420,am,long
420,ma,short
420,lis,
421,sed,
421,cur,long
421,sa,short
421,cra,long
421,tas,
421,de,long
421,ri,short
421,pis,long
421,ca,short
421,pi,short
421,ti,elision
421,in,long
421,fu,short
421,las,
422,mi,short
422,se,short
422,ris,long
422,co,short
422,len,long
422,dos,
422,ma,long
422,xi,short
422,me,short
422,su,short
422,pe,
422,ros,long
422,pu,short
422,tem,
423,vi,
423,ce,long
423,re,short
423,nos,long
423,tra,
423,jam,long
423,me,short
423,tus,long
423,om,
423,nis,long
423,ma,short
423,la,
424,eq,short
424,vi,short
424,dem,long
424,nec,short
424,ul,long
424,la,
424,cae,long
424,li,short
424,tes,long
424,pla,
424,co,long
424,pre,short
424,ce,
425,for,
425,tu,long
425,na,short
425,vi,long
425,res,
425,ip,long
425,sa,short
425,con,long
425,sum,
425,psit,long
425,su,short
425,as,
426,qvae,long
426,pa,short
426,tri,short
426,a,short
426,res,long
426,tat,
426,qvis,long
426,pa,short
426,ter,long
426,qvae,long
426,jam,long
426,so,short
426,ror,
427,bi,
427,be,long
427,re,short
427,tu,short
427,mu,short
427,li,
427,san,long
427,gvi,short
427,nem,elision
427,at,long
427,qve,elision
427,a,
427,rae,long
427,meum,short
428,qvid,
428,il,long
428,la,short
428,fe,long
428,lix,
428,tur,long
428,ba,short
428,fra,long
428,ter,
428,ni,long
428,gre,short
428,gis,
429,ex,
429,haus,long
429,ta,short
429,nem,long
429,pe,
429,re,long
429,gi,short
429,a,short
429,mi,short
429,se,
429,ri,long
429,se,short
429,nes,
430,va,short
430,cu,short
430,a,long
430,re,short
430,lic,long
430,ti,
430,tot,long
430,qve,short
430,per,long
430,tha,short
430,la,short
430,mos,long
430,vi,short
430,dent,
431,prae,long
431,ter,long
431,la,short
431,cae,long
431,nam,
431,ce,long
431,te,short
431,ras,long
431,vi,short
431,du,short
431,as,long
431,nu,short
431,rus,
432,fe,
432,cun,long
432,da,elision
432,in,short
432,ig,long
432,nes,
432,he,short
432,cu,short
432,ba,short
432,fa,long
432,to,
432,rum,long
432,no,short
432,vas,
433,ex,
433,per,long
433,ta,short
433,le,long
433,ges,
433,in,long
433,du,short
433,it,long
433,vul,
433,tos,long
433,fe,short
433,ros,
434,cir,
434,ca,long
434,ru,short
434,i,long
434,nas,
434,ra,short
434,bi,short
434,da,short
434,la,long
434,tra,
434,vit,long
434,su,short
434,as,
435,tro,
435,jae,long
435,su,short
435,per,long
435,stes,
435,hec,long
435,to,short
435,ri,long
435,pri,short
435,a,short
435,mo,long
435,si,short
435,bi,
436,si,
436,let,long
436,re,short
436,pen,long
436,te,
436,phoe,long
436,bas,short
436,et,long
436,pal,
436,lor,long
436,ge,short
436,nas,
437,cre,
437,ber,long
437,qve,short
437,to,long
437,tum,
437,pos,long
437,si,short
437,det,long
437,cor,
437,pus,long
437,tre,short
437,mor,
438,ste,
438,te,long
438,re,short
438,vit,long
438,tae,long
438,mol,long
438,lis,short
438,hor,long
438,res,
438,cit,long
438,co,short
438,ma,
439,an,
439,he,long
439,la,short
439,cor,long
439,da,
439,mur,long
439,mu,short
439,re,elision
439,in,long
439,clu,
439,so,long
439,fre,short
439,munt,
440,in,
440,cer,long
440,ta,short
440,nu,long
440,tant,
440,lu,long
440,mi,short
440,na,elision
440,et,long
440,ver,
440,si,long
440,re,short
440,tro,
441,tor,
441,qven,long
441,tur,short
441,o,short
441,cu,short
441,li,
441,rur,long
441,sus,short
441,im,long
441,mo,
441,ti,long
441,ri,short
441,gent,
442,nunc,
442,le,short
442,vat,short
442,in,short
442,au,long
442,ras,
442,al,long
442,ti,short
442,or,long
442,so,short
442,li,short
442,to,long
442,ca,short
442,put,
443,gra,short
443,di,short
443,tur,long
443,qve,short
443,cel,long
443,sa,
443,nunc,long
443,re,short
443,luc,long
443,tan,
443,tis,long
443,pa,short
443,rat,
444,re,short
444,se,short
444,ra,long
444,re,short
444,fau,long
444,ces,
444,ver,long
444,ba,short
444,nunc,long
444,clau,long
444,so,long
444,ma,short
444,le,
445,cus,
445,to,long
445,dit,short
445,o,long
445,re,
445,mae,long
445,nas,short
445,im,long
445,pa,short
445,ti,short
445,ens,long
445,dei,short
446,qvid,
446,me,long
446,fu,short
446,ro,long
446,ris,
446,in,long
446,ci,short
446,tam,long
446,sti,short
446,mu,short
446,lis,long
446,no,short
446,vi,
447,qvid,
447,men,long
447,tis,short
447,in,short
447,o,short
447,pem,
447,sa,long
447,cra,short
447,par,long
447,na,
447,si,long
447,ju,short
447,ga,
448,ra,short
448,pi,short
448,tis,long
448,re,short
448,ce,long
448,de,
448,phoe,long
448,be,short
448,jam,long
448,non,
448,sum,long
448,tu,short
448,a,
449,ex,
449,tin,long
449,gve,short
449,flam,long
449,mas,
449,pec,long
449,to,short
449,ri,elision
449,in,long
449,fi,
449,xas,long
449,me,short
449,o,
450,cui,short
450,nunc,long
450,va,short
450,gor,long
450,ve,
450,sa,long
450,na,short
450,cui,short
450,bac,
450,chor,long
450,fu,short
450,rens,
451,jam,
451,tro,long
451,ja,short
451,ce,short
451,ci,short
451,dit,
451,fal,long
451,sa,short
451,qvid,long
451,va,
451,tes,long
451,a,short
451,gor,
452,u,short
452,bi,short
452,sum,long
452,fu,short
452,git,long
452,lux,
452,al,long
452,ma,elision
452,et,short
452,ob,long
452,scu,
452,rat,long
452,ge,short
452,nas,
453,nox,
453,al,long
453,ta,elision
453,et,short
453,aet,long
453,her,
453,ab,long
453,di,short
453,tus,long
453,te,short
453,ne,short
453,bris,long
453,la,short
453,tet,
454,sed,
454,ec,long
454,ce,short
454,ge,short
454,mi,short
454,no,
454,so,long
454,le,short
454,prae,long
454,ful,
454,get,long
454,di,short
454,es,
455,ge,short
455,mi,short
455,num,long
455,qve,short
455,du,short
455,pli,short
455,ces,
455,ar,long
455,gos,short
455,at,long
455,tol,
455,lit,long
455,do,short
455,mus,
456,i,
456,dae,long
456,a,short
456,cer,long
456,no,
456,ne,short
456,mo,short
456,ra,short
456,fa,long
456,ta,
456,lis,long
456,se,short
456,det,
457,in,
457,ter,long
457,po,short
457,ten,long
457,tes,
457,ar,long
457,bi,short
457,ter,long
457,pas,
457,tor,long
457,de,short
457,as,
458,a,
458,gres,long
458,tis,short
458,is,long
458,te,elision
458,a,
458,lum,long
458,nus,short
458,e,long
458,ver,
458,tet,long
458,do,short
458,mum,
459,des,
459,tric,long
459,ta,short
459,prae,long
459,fert,
459,qvem,long
459,pe,short
459,tit,long
459,dex,
459,tra,long
459,vi,short
459,rum,
460,la,
460,cae,long
460,na,short
460,cul,long
460,tu,
460,fer,long
460,rum,elision
460,a,short
460,ma,long
460,zo,short
460,ni,short
460,um,long
460,ge,short
460,rens,
461,qvae,long
461,ver,long
461,sat,short
461,o,short
461,cu,short
461,los,
461,a,short
461,li,short
461,a,short
461,nunc,long
461,fa,short
461,ci,short
461,es,long
461,me,short
461,os,
462,vic,
462,tor,long
462,fe,short
462,ra,long
462,rum,
462,col,long
462,la,short
462,su,long
462,bli,
462,mis,long
462,ja,short
462,cet,
463,ig,
463,no,long
463,bi,short
463,li,long
463,sub,
463,den,long
463,te,short
463,mar,long
463,ma,short
463,ri,short
463,cus,long
463,le,short
463,o,
464,mor,
464,sus,long
464,cru,short
464,en,long
464,tos,
464,pas,long
464,sus,short
464,au,long
464,da,
464,cis,long
464,le,short
464,ae,long
465,qvid,
465,me,long
465,vo,short
465,ca,long
465,tis,
465,sos,long
465,pi,short
465,tem,long
465,so,
465,lam,elision
465,e,long
465,meis,short
466,um,
466,brae,long
466,me,short
466,o,long
466,rum,
466,te,long
466,seq,short
466,vor,long
466,to,
466,ta,long
466,pa,short
466,ter,
467,ter,
467,ror,long
467,qve,short
467,da,short
467,naum,short
467,non,long
467,e,short
467,go,elision
467,an,long
467,tiq,
467,vum,long
467,de,short
467,cus,
468,vi,short
468,de,short
468,o,elision
468,aut,long
468,ca,short
468,len,long
468,tes,
468,ra,short
468,ti,short
468,bus,short
468,ex,long
468,us,
468,tis,long
468,ma,short
468,nus,
469,sed,
469,la,short
469,ce,short
469,ra,short
469,mem,long
469,bra,elision
469,et,
469,sau,long
469,ci,short
469,os,long
469,vin,
469,clo,long
469,gra,short
469,vi,
470,il,
470,los,long
470,la,short
470,cer,long
470,tos,
470,te,long
470,seq,short
470,vor,long
470,ni,short
470,mi,short
470,um,long
470,ci,short
470,to,
471,con,
471,gres,long
471,se,elision
471,ac,short
471,hil,long
471,li,
471,tro,long
471,i,short
471,le,elision
471,in,long
471,cer,
471,tos,long
471,ge,short
471,ris,
472,deip,
472,ho,short
472,be,short
472,vul,long
472,tus,
472,con,long
472,ju,short
472,gis,long
472,mu,
472,nus,long
472,no,short
472,vae,long
473,ju,
473,vat,long
473,per,short
473,ip,long
473,sos,
473,in,long
473,gre,short
473,di,long
473,sty,short
473,gi,short
473,os,long
473,la,short
473,cus,
474,ju,
474,vat,long
474,vi,short
474,de,long
474,re,
474,tar,long
474,ta,short
474,ri,long
474,sae,long
474,vum,long
474,ca,short
474,nem,
475,a,short
475,vi,short
475,diq,long
475,ve,short
475,reg,long
475,na,
475,di,long
475,tis,short
475,haec,long
475,ho,short
475,di,short
475,e,long
475,ra,short
475,tis,
476,ph,short
476,le,short
476,get,long
476,hon,short
476,a,long
476,tri,
476,re,long
476,gi,short
476,as,long
476,a,short
476,ni,short
476,mas,long
476,ve,short
476,het,
477,vic,
477,tam,long
477,qve,short
477,vic,long
477,tri,
477,cem,long
477,qve,short
477,vos,long
477,um,
477,brae,long
477,pre,short
477,cor,
478,ju,
478,ra,long
478,ta,short
478,su,short
478,pe,short
478,ris,
478,un,long
478,da,short
478,te,long
478,pa,short
478,ri,short
478,ter,long
478,pre,short
478,cor,
479,le,short
479,vis,short
479,ut,long
479,my,short
479,ce,long
479,nas,
479,tur,long
479,ba,short
479,pros,long
479,pi,short
479,ci,short
479,at,long
479,ph,short
479,ry,
480,spec,
480,ta,long
480,te,short
480,mi,short
480,se,short
480,ri,
480,fa,long
480,ta,short
480,se,long
480,ver,
480,tunt,long
480,re,short
480,tro,
481,jam,
481,per,long
481,va,short
481,ga,long
481,tus,
481,ip,long
481,se,short
481,se,long
481,fre,
481,git,long
481,fu,short
481,ror,
482,ca,
482,dit,long
482,qve,short
482,fle,long
482,xo,
482,qva,long
482,lis,short
482,an,long
482,te,elision
482,a,
482,ras,long
482,ge,short
482,nu,
483,cer,
483,vi,long
483,ce,short
483,tau,long
483,rus,
483,vul,long
483,nus,short
483,in,long
483,cer,
483,tum,long
483,ge,short
483,rens,
484,re,short
484,le,short
484,ve,long
484,mus,short
484,ar,long
484,tu,
484,sen,long
484,de,short
484,os,long
484,tan,
484,dem,long
484,su,short
484,os,
485,vic,
485,tri,long
485,ce,short
485,lav,long
485,ru,
485,cin,long
485,ctus,short
485,a,short
485,ga,short
485,mem,
485,non,long
485,a,short
485,dit,
486,et,
486,fes,long
486,ta,short
486,con,long
486,junx,
486,ob,long
486,vi,short
486,os,long
486,il,
486,li,long
486,tu,short
486,lit,
487,gres,
487,sus,long
487,re,short
487,dit,long
487,qve,
487,jun,long
487,cta,short
487,con,long
487,cor,
487,di,long
487,gra,short
487,du,
488,tan,
488,dem,long
488,re,short
488,ver,long
488,tor,
488,sos,long
488,pes,short
488,ad,long
488,pa,short
488,tri,short
488,os,long
488,la,short
488,res,
489,o,
489,ca,long
489,ra,short
489,sal,long
489,ve,
489,ter,long
489,ra,short
489,ti,short
489,bi,short
489,tot,
489,bar,long
489,ba,short
489,rae,long
490,de,
490,de,long
490,re,short
490,gen,long
490,tes,
490,spo,short
490,li,short
490,a,short
490,ti,short
490,bi,short
490,fe,
490,lix,long
490,di,short
490,u,
491,po,
491,ten,long
491,tis,short
491,a,short
491,si,short
491,ae,long
491,do,short
491,mi,short
491,na,short
491,sum,long
491,mi,
491,sit,long
491,ma,short
491,nus,
492,qvid,
492,is,long
492,ta,short
492,va,long
492,tes,
492,cor,long
492,pus,short
492,ef,long
492,fu,
492,sa,elision
492,ac,long
492,tre,short
492,mens,
493,du,short
493,bi,short
493,a,long
493,la,short
493,bat,long
493,cer,
493,vi,long
493,ce,short
493,fa,short
493,mu,short
493,li,elision
493,at,
493,tol,long
493,li,short
493,te,
494,re,short
494,fo,short
494,ve,long
494,te,short
494,ge,short
494,li,short
494,do,
494,la,short
494,ti,short
494,ce,short
494,jam,long
494,re,short
494,ci,short
494,pit,long
494,di,short
494,em,
495,mar,
495,cen,long
495,te,short
495,vi,long
495,su,
495,sus,long
495,ci,short
495,ta,long
495,sen,
495,sus,long
495,tu,short
495,os,
496,op,
496,ta,long
496,tus,short
496,il,long
496,le,
496,por,long
496,tus,short
496,ae,long
496,rum,
496,nis,long
496,a,short
496,dest,
497,fes,
497,tus,long
497,di,short
497,es,long
497,est,
497,fes,long
497,tus,short
497,et,long
497,tro,
497,jae,long
497,fu,short
497,it,
498,hanc,
498,fi,long
498,da,short
498,fa,short
498,mu,short
498,li,
498,tur,long
498,ba,short
498,dum,elision
498,ex,long
498,cu,short
498,ti,short
498,at,long
498,deum,short
499,re,short
499,ti,short
499,ne,long
499,te,short
499,ne,long
499,qvid,
499,im,long
499,po,short
499,tens,long
499,pec,
499,cet,long
499,fu,short
499,ror,
500,at,
500,te,long
500,pa,short
500,ter,long
500,qvi,
500,sae,long
500,va,short
500,tor,long
500,qves,
500,ful,long
500,mi,short
500,na,
501,pel,
501,lis,long
501,qve,short
501,nu,long
501,bes,
501,si,long
501,de,short
501,ra,elision
501,et,long
501,ter,
501,ras,long
501,re,short
501,gis,
502,ad,
502,qvem,long
502,tri,short
502,um,long
502,phi,
502,spo,short
502,li,short
502,a,short
502,vic,long
502,to,
502,res,long
502,fe,short
502,runt,
503,et,
503,te,long
503,so,short
503,ro,long
503,rem,
503,cun,long
503,cta,short
503,pol,long
503,len,
503,tis,long
503,vi,short
503,ri,
504,ar,
504,go,short
504,li,short
504,ca,short
504,ju,long
504,no,
504,pe,short
504,co,short
504,re,short
504,vo,long
504,ti,
504,vo,long
504,li,short
504,bens,
505,a,short
505,ra,short
505,bum,long
505,qve,short
505,do,long
505,nis,
505,sup,long
505,pli,short
505,ce,elision
505,et,long
505,fi,
505,bra,long
505,co,short
505,lam,
506,res,
506,a,short
506,gi,short
506,tur,short
506,in,long
506,tus,
506,mag,long
506,na,short
506,par,long
506,an,
506,nis,long
506,de,short
506,cem,
507,pre,short
507,ti,short
507,um,long
507,fu,short
507,ro,long
507,ris,
507,vi,long
507,ci,short
507,mus,long
507,vic,
507,ti,long
507,ph,short
507,ry,
508,be,
508,ne,elision
508,est,long
508,re,short
508,sur,long
508,gis,
508,tro,long
508,ja,short
508,tra,long
508,xis,
508,ti,long
508,ja,short
508,cens,
509,pa,
509,res,long
509,my,short
509,ce,long
509,nas,
509,ter,long
509,ga,short
509,dat,long
509,vic,
509,tor,long
509,tu,short
509,us,
510,tam,
510,cla,long
510,ra,short
510,num,long
510,qvam,
510,pro,long
510,vi,short
510,dae,long
510,men,
510,tis,long
510,fu,short
510,ror,
511,os,
511,ten,long
511,dit,short
511,o,short
511,cu,short
511,lis,
511,vi,short
511,de,short
511,o,elision
511,et,short
511,in,long
511,ter,
511,sum,elision
511,et,long
511,fru,short
511,or,
512,i,
512,ma,long
512,go,short
512,vi,long
512,sus,
512,du,short
512,bi,short
512,a,short
512,non,long
512,fal,
512,lit,long
512,me,short
512,os,
513,spec,
513,te,long
513,mus,short
513,e,short
513,pu,short
513,lae,long
513,re,long
513,gi,short
513,a,elision
513,in,long
513,struc,
513,tae,long
513,do,short
513,mo,
514,qva,
514,les,long
514,fu,short
514,e,long
514,runt,
514,ul,long
514,ti,short
514,mae,long
514,ph,short
514,ry,short
514,gi,long
514,da,short
514,pes,
515,ce,short
515,le,short
515,bran,long
515,tur,short
515,os,long
515,tro,
515,lec,long
515,tus,short
515,i,long
515,li,short
515,a,short
515,co,long
515,ni,short
515,tet,
516,me,
516,rum,long
516,qve,elision
516,in,short
516,au,long
516,ro,
516,ve,short
516,te,short
516,ris,short
516,as,long
516,sa,short
516,ra,short
516,ci,long
516,tra,short
516,hunt,
517,et,
517,ip,long
517,se,short
517,pic,long
517,ta,
517,ves,long
517,te,short
517,su,long
517,bli,
517,mis,long
517,ja,short
517,cet,
518,pri,short
518,a,short
518,mi,long
518,su,short
518,per,long
518,bas,
518,cor,long
518,po,short
518,re,elision
518,ex,long
518,u,short
518,vi,short
518,as,long
518,ge,short
518,rens,
519,de,
519,tra,short
519,he,short
519,re,short
519,cul,long
519,tus,
519,u,long
519,xor,short
519,hos,long
519,ti,
519,les,long
519,ju,short
519,bet,
520,in,
520,du,short
520,e,short
520,re,short
520,po,short
520,ti,short
520,us,
520,con,long
520,ju,short
520,gis,long
520,fi,
520,dae,long
520,ma,short
520,nu,
521,tex,
521,tos,long
521,a,short
521,mic,long
521,tus,
521,hor,long
521,re,short
521,o,elision
521,at,long
521,qve,elision
521,a,short
521,ni,short
521,mo,long
521,tre,short
521,mo,
522,re,
522,gem,long
522,ne,short
522,pe,short
522,ri,short
522,met,
522,ex,long
522,ul,short
522,et,short
522,a,short
522,dul,
522,ter,long
522,vi,short
522,rum,
523,ve,
523,ne,long
523,re,short
523,fa,long
523,ta,
523,san,long
523,gvi,short
523,nem,elision
523,ex,long
523,tre,
523,mae,long
523,da,short
523,pes,
524,do,short
524,mi,short
524,ni,long
524,vi,short
524,de,long
524,bunt,
524,et,long
524,cru,short
524,or,long
524,bac,
524,cho,elision
524,in,long
524,ci,short
524,det,
525,mor,
525,ti,short
525,fe,short
525,ra,short
525,vin,long
525,ctum,
525,per,long
525,fi,short
525,dae,long
525,tra,
525,dit,long
525,ne,short
525,ci,
526,in,
526,du,long
526,ta,short
526,ves,long
526,tis,
526,ex,long
526,i,short
526,tum,long
526,ma,short
526,ni,short
526,bus,long
526,ne,short
526,gant,
527,ca,
527,put,long
527,qve,short
527,la,long
527,xi,elision
527,et,
527,in,long
527,vi,short
527,i,long
527,clu,
527,dunt,long
527,si,short
527,nus,
528,hau,long
528,rit,long
528,tre,short
528,men,long
528,ti,
528,se,long
528,mi,short
528,vir,long
528,dex,
528,tra,long
528,la,short
528,tus,
529,nec,
529,pe,short
529,ni,short
529,tus,short
529,e,long
529,git,
529,vul,long
529,ne,short
529,re,elision
529,in,long
529,me,short
529,di,short
529,o,long
529,stu,short
529,pet,
530,at,
530,il,long
530,le,elision
530,ut,short
530,al,long
530,tis,
530,his,long
530,pi,short
530,dus,long
530,sil,
530,vis,long
530,a,short
530,per,
531,cum,
531,cas,long
531,se,short
531,vin,long
531,ctus,
531,tem,long
531,ptat,short
531,e,long
531,gres,
531,sus,long
531,ta,short
531,men,
532,ar,
532,tat,long
532,qve,short
532,mo,long
532,tu,
532,vin,long
532,cla,elision
532,et,short
532,in,long
532,cas,
532,sum,long
532,fu,short
532,rit,
533,cu,
533,pit,long
533,flu,short
533,en,long
533,tes,
533,un,long
533,diq,short
533,ve,elision
533,et,long
533,cae,long
533,cos,long
533,si,short
533,nus,
534,dis,
534,si,short
534,ce,short
534,re,elision
534,et,short
534,hos,long
534,tem,
534,qvae,long
534,rit,short
534,im,long
534,pli,short
534,ci,short
534,tus,long
534,su,short
534,um,
535,ar,
535,mat,long
535,bi,short
535,pen,long
535,ni,
535,tyn,long
535,da,short
535,ris,long
535,dex,
535,tram,long
535,fu,short
535,rens,
536,qva,
536,lis,long
536,qve,elision
536,ad,short
536,a,long
536,ras,
536,col,long
536,la,short
536,tau,long
536,ro,
536,rum,long
536,pri,short
536,us,
537,sic,
537,huc,long
537,et,short
537,il,long
537,luc,
537,im,long
537,pi,short
537,am,long
537,li,
537,brat,long
537,ma,short
537,num,
538,ha,
538,bet,long
538,pe,short
538,rac,long
538,tum,elision
538,est,
538,pen,long
538,det,short
538,ex,long
538,i,short
538,gu,short
538,a,long
538,ma,short
538,le,
539,ca,short
539,put,short
539,am,long
539,pu,short
539,ta,long
539,tum,
539,par,long
539,te,elision
539,et,short
539,hinc,long
539,trun,
539,co,long
539,cru,short
539,or,
540,ex,
540,un,long
540,dat,short
540,il,long
540,linc,
540,o,long
540,ra,short
540,cum,long
540,fre,short
540,mi,short
540,tu,long
540,ja,short
540,cent,
541,non,
541,dum,long
541,re,short
541,ce,long
541,dunt,
541,il,long
541,le,short
541,jam,elision
541,ex,long
541,a,short
541,ni,short
541,mem,long
541,pe,short
541,tit,
542,la,short
542,ce,short
542,rat,long
542,qve,short
542,cor,long
542,pus,
542,il,long
542,la,short
542,fo,short
542,di,short
542,en,
542,tem,elision
542,ad,long
542,ju,short
542,vat,
543,u,
543,ter,long
543,qve,short
543,tan,long
543,to,
543,sce,short
543,le,short
543,re,short
543,res,long
543,pon,
543,det,long
543,su,short
543,is,
544,est,
544,hic,long
544,thy,short
544,es,long
544,tae,long
544,na,long
544,tus,short
544,haec,long
544,he,short
544,le,short
544,nae,long
544,so,short
544,ror,
545,stat,
545,ec,long
545,ce,short
545,ti,long
545,tan,
545,du,short
545,bi,short
545,us,short
545,e,long
545,me,short
545,ri,short
545,to,long
545,di,short
545,e,
546,su,
546,a,long
546,ne,short
546,cur,long
546,rat,
546,an,long
546,thy,short
546,es,long
546,te,
546,a,long
546,vi,short
546,a,
547,fu,
547,ge,elision
547,o,long
547,pa,short
547,ter,long
547,nae,long
547,mor,long
547,tis,short
547,au,long
547,xi,short
547,li,short
547,um,elision
547,u,long
547,ni,short
547,cum,
548,fu,
548,ge,elision
548,et,long
548,sce,short
548,les,long
548,tas,
548,hos,long
548,ti,short
548,um,elision
548,e,long
548,vi,
548,ta,long
548,ma,short
548,nus,
549,e,
549,ver,long
549,sa,short
549,do,short
549,mus,short
549,est,
549,fun,long
549,di,short
549,tus,long
549,reg,
549,na,elision
549,oc,long
549,ci,short
549,dunt,
550,qvis,
550,is,long
550,te,short
550,ce,short
550,le,short
550,res,
550,con,long
550,ci,short
550,tus,long
550,cur,
550,rus,long
550,a,short
550,git,
551,ger,
551,ma,long
551,ne,short
551,vul,long
551,tus,
551,ves,long
551,te,short
551,fu,long
551,ra,
551,bor,long
551,tu,short
551,os,
552,qvid,
552,a,short
552,ni,short
552,me,short
552,de,long
552,mens,
552,re,short
552,fu,short
552,gis,short
552,ex,long
552,ter,
552,nos,long
552,ti,short
552,mes,
553,do,
553,mus,long
553,ti,short
553,men,long
553,da,elision
553,est,
553,po,long
553,ne,short
553,jam,long
553,tre,short
553,pi,short
553,dos,long
553,me,short
553,tus,
554,o,
554,res,long
554,ta,elision
554,a,short
554,mi,long
554,ci,
554,fi,long
554,da,short
554,prae,long
554,si,short
554,di,short
554,a,elision
554,in,long
554,tu,short
554,or,
555,pal,
555,ma,long
555,re,short
555,ver,long
555,tor,
555,cau,long
555,sa,short
555,ve,short
555,ni,short
555,en,
555,di,long
555,fu,short
555,it,
556,gra,
556,ta,long
556,ri,elision
556,a,short
556,mi,long
556,co,
556,cu,long
556,jus,short
556,im,long
556,pul,
556,sum,long
556,ma,short
556,nu,
557,ce,short
557,ci,short
557,dit,long
557,de,short
557,cen,long
557,ni,
557,mar,long
557,te,short
557,con,long
557,cus,
557,sum,elision
557,i,long
557,li,short
557,um,
558,qvae,long
558,nam,elision
558,is,long
558,ta,short
558,la,short
558,cri,short
558,mis,
558,lu,long
558,gu,short
558,brem,long
558,vul,
558,tum,long
558,ri,short
558,gat,
559,pa,
559,vet,long
559,qve,short
559,maes,long
559,ta,
559,re,long
559,gi,short
559,um,elision
559,ag,long
559,nos,
559,co,long
559,ge,short
559,nus,
560,e,
560,lec,long
560,tra,short
560,fle,long
560,tus,
560,cau,long
560,sa,short
560,qvae,long
560,lae,long
560,ta,elision
560,in,long
560,do,short
560,mo,elision
560,est,
561,pa,
561,ter,long
561,pe,short
561,rem,long
561,ptus,
561,sce,short
561,le,short
561,re,short
561,ma,long
561,ter,
561,no,long
561,ja,short
561,cet,
562,co,
562,mes,long
562,pa,short
562,ter,long
562,nae,long
562,qvae,long
562,ri,short
562,tur,long
562,na,
562,tus,long
562,ne,short
562,ci,
563,ae,long
563,gis,long
563,thus,short
563,ar,long
563,ces,
563,ve,short
563,ne,short
563,re,short
563,qvae,long
563,si,
563,tas,long
563,te,short
563,net,
564,o,
564,nul,long
564,la,short
564,lon,long
564,gi,
564,tem,long
564,po,short
564,ris,long
564,fe,
564,li,long
564,ci,short
564,tas,
565,per,
565,te,long
565,pa,short
565,ren,long
565,tis,
565,me,short
565,mo,short
565,ri,short
565,am,elision
565,ob,long
565,tes,
565,tor,long
565,mei,short
566,per,
566,scep,long
566,tra,short
566,ter,long
566,ris,
566,no,long
566,ta,short
566,per,long
566,du,short
566,bi,short
566,os,long
566,de,short
566,os,
567,re,short
567,ci,short
567,pe,elision
567,hunc,long
567,o,short
567,res,long
567,ten,
567,ac,long
567,pi,short
567,um,long
567,fur,
567,tum,elision
567,oc,long
567,cu,short
567,le,
568,et,
568,si,long
568,ti,short
568,men,long
568,dum,
568,cae,long
568,sus,short
568,a,short
568,ga,short
568,mem,
568,non,long
568,do,short
568,cet,
569,ag,
569,gre,short
569,di,short
569,ar,short
569,et,long
569,te,elision
569,o,
569,res,long
569,ta,short
569,fu,long
569,ra,
569,bor,long
569,li,short
569,bens,
570,ca,
570,pe,elision
570,hoc,long
570,de,short
570,co,long
570,rum,
570,lu,long
570,di,short
570,cri,long
570,cer,
570,ta,long
570,mi,short
570,nis,
571,in,
571,sig,long
571,ne,short
571,fron,long
571,tis,
571,lae,long
571,va,short
571,vic,long
571,tri,
571,cem,long
571,te,short
571,nens,
572,fron,
572,dem,long
572,vi,short
572,ren,long
572,ti,
572,pro,long
572,te,short
572,gat,long
572,ra,
572,mo,long
572,ca,short
572,put,
573,et,
573,is,long
573,ta,short
573,do,long
573,num,
573,pal,long
573,ma,short
573,pi,long
573,saei,long
573,jo,short
573,vis,
574,ve,
574,la,long
574,men,short
574,e,short
574,a,short
574,dem,
574,praes,long
574,tet,short
574,at,long
574,qve,elision
574,o,
574,men,long
574,ti,short
574,bi,
575,tuq,
575,ve,elision
575,o,long
575,pa,short
575,ter,long
575,nis,
575,as,long
575,si,short
575,dens,long
575,fre,
575,nis,long
575,co,short
575,mes,
576,vos,
576,grae,long
576,ci,short
576,a,long
576,nunc,
576,tes,long
576,te,short
576,ve,long
576,lo,
576,ces,long
576,eq,short
576,vi,
577,in,
577,fi,long
577,da,short
577,cur,long
577,su,
577,fu,short
577,gi,short
577,te,short
577,prae,long
577,ci,short
577,pi,short
577,ti,long
577,lo,short
577,ca,
578,ex,
578,ces,long
578,sit,short
578,a,short
578,bi,short
578,it,
578,cur,long
578,rus,short
578,ef,long
578,fre,
578,no,elision
578,im,long
578,pe,short
578,tu,
579,ef,
579,fu,long
579,git,short
579,a,short
579,ci,short
579,em,
579,tu,long
579,ta,short
579,jam,elision
579,op,long
579,pe,short
579,ri,short
579,ar,long
579,me,short
579,os,
580,hos,
580,tes,long
580,et,short
580,ul,long
580,tro,
580,vul,long
580,ne,short
580,ri,elision
580,op,long
580,po,
580,nam,long
580,ca,short
580,put,
581,a,
581,dest,long
581,cru,short
581,en,long
581,ta,
581,con,long
581,ju,short
581,gis,long
581,vic,
581,trix,long
581,su,short
581,i,
582,et,
582,sig,long
582,na,short
582,cae,long
582,dis,
582,ves,long
582,te,short
582,ma,short
582,cu,short
582,la,
582,ta,long
582,ge,short
582,rit,
583,ma,
583,nus,long
583,re,short
583,cen,long
583,ti,
583,san,long
583,gvi,short
583,ne,elision
583,e,short
583,ti,short
583,am,
583,nunc,long
583,ma,short
583,dent,
584,vul,
584,tus,long
584,qve,short
584,prae,long
584,se,
584,sce,short
584,le,short
584,ra,short
584,tru,short
584,cu,short
584,len,
584,ti,long
584,fe,short
584,runt,
585,con,
585,ce,long
585,dam,elision
585,ad,short
585,a,long
585,ras,
585,pa,short
585,te,short
585,re,short
585,me,long
585,vit,
585,tis,long
585,tu,short
585,is,
586,cas,
586,san,long
586,dra,short
586,jun,long
586,gi,
586,pa,short
586,ri,short
586,a,short
586,me,short
586,tu,short
586,en,
586,tem,long
586,ti,short
586,bi,
587,hos,
587,tis,long
587,pa,short
587,ren,long
587,tis,
587,im,long
587,pi,short
587,um,elision
587,at,long
587,qve,elision
587,au,long
587,dax,long
587,ca,short
587,put,
588,qvo,
588,mo,long
588,re,short
588,coe,long
588,tus,
588,pu,long
588,bli,short
588,cos,long
588,vir,
588,go,long
588,pe,short
588,tis,
589,a,short
589,ni,short
589,mos,long
589,vi,short
589,ri,long
589,les,
589,cor,long
589,de,short
589,tu,short
589,me,short
589,fac,
589,to,long
589,ge,short
589,ris,
590,sed,
590,a,short
590,ge,short
590,re,short
590,do,short
590,mi,short
590,ta,
590,fe,long
590,mi,short
590,nam,long
590,dis,
590,ces,long
590,ma,short
590,lo,
591,ni,short
591,si,short
591,for,long
591,te,short
591,fal,long
591,lor,
591,fe,long
591,mi,short
591,nas,long
591,fer,
591,rum,long
591,de,short
591,cet,
592,et,
592,es,long
592,se,short
592,de,long
592,mens,
592,te,long
592,pa,short
592,rem,long
592,no,
592,bis,long
592,pu,short
592,tas,
593,vo,
593,bis,long
593,qvis,short
593,is,long
593,te,elision
593,est,
593,al,long
593,ter,short
593,a,short
593,ga,short
593,mem,
593,non,long
593,tu,short
593,us,
594,ut,
594,vi,short
594,du,short
594,a,short
594,loq,short
594,ve,short
594,re,
594,vir,long
594,ca,short
594,ret,long
594,vi,
594,ta,long
594,tu,short
594,us,
595,in,
595,do,short
595,mi,short
595,ta,short
595,pos,long
595,thac,
595,vir,long
595,gi,short
595,nis,long
595,ver,
595,ba,elision
595,im,long
595,pi,short
595,ae,long
596,re,
596,gi,long
596,na,short
596,fran,long
596,gam,
596,ci,short
596,ti,short
596,us,short
596,in,long
596,te,short
596,re,short
596,a,long
596,mi,short
596,hi,
597,e,
597,dis,long
597,se,short
597,re,elision
597,u,short
597,bi,short
597,sit,
597,gna,long
597,tus,short
597,u,short
597,bi,short
597,fra,
597,ter,long
597,tu,short
597,us,
598,tu,
598,to,long
598,qvi,short
598,e,long
598,tus,
598,reg,long
598,na,short
598,non,long
598,me,short
598,tu,short
598,ens,long
598,no,short
598,va,
599,jus,
599,tae,long
599,pa,short
599,ren,long
599,ti,
599,sa,short
599,tis,short
599,at,short
599,i,long
599,ra,
599,tae,long
599,pa,short
599,rum,
600,mo,short
600,ri,short
600,e,long
600,ris,short
600,ho,short
600,di,short
600,e,
600,dum,long
600,mo,short
600,do,elision
600,hac,long
600,mo,short
600,ri,short
600,ar,long
600,ma,short
600,nu,
601,re,
601,ce,long
601,do,elision
601,ab,short
601,a,long
601,ris,
601,si,long
601,ve,short
601,te,long
601,ju,short
601,gu,short
601,lo,long
601,ju,short
601,vat,
602,mer,
602,sis,long
602,se,short
602,fer,long
602,rum,
602,prae,long
602,be,short
602,o,long
602,ju,short
602,gu,short
602,lum,long
602,ti,short
602,bi,
603,in,
603,ten,long
603,ta,short
603,cer,long
603,vix,
603,vul,long
603,nus,short
603,ex,long
603,pec,
603,tat,long
603,tu,short
603,um,
604,sce,
604,lus,long
604,pa,short
604,ra,long
604,tum,elision
604,est,
604,cae,long
604,de,short
604,res,long
604,per,
604,sam,long
604,vi,short
604,ri,
605,at,
605,qve,elision
605,ob,long
605,so,short
605,le,long
605,tam,
605,san,long
605,gvi,short
605,ne,elision
605,hoc,long
605,dex,
605,tram,elision
605,a,long
605,blu,short
605,e,
606,con,
606,sors,long
606,pe,short
606,ri,long
606,cli,
606,pa,short
606,ri,short
606,ter,short
606,ac,long
606,reg,
606,ni,long
606,mei,short
607,ae,long
607,gis,long
607,the,short
607,gra,short
607,de,short
607,re,
607,gna,long
607,ta,short
607,ge,short
607,ne,short
607,tri,
607,cem,elision
607,im,long
607,pi,short
607,e,
608,pro,
608,bris,long
608,la,short
608,ces,long
608,sit,
608,oc,long
608,cu,short
608,lit,long
608,fra,
608,trem,elision
608,ab,long
608,di,short
608,tum,
609,fu,short
609,ri,short
609,bun,long
609,da,short
609,vir,long
609,go,
609,vo,long
609,cis,short
609,in,long
609,fan,
609,dae,long
609,so,short
609,num,
610,et,
610,au,long
610,re,short
610,ver,long
610,ba,elision
610,in,
610,dig,long
610,na,short
610,ma,long
610,ter,
610,na,elision
610,op,long
610,pri,short
610,me,
611,e,short
611,ti,short
611,am,long
611,mo,short
611,ne,long
611,bit,
611,sce,short
611,le,short
611,ris,short
611,in,long
611,fan,
611,di,elision
611,ar,long
611,ti,short
611,fex,
612,per,
612,sce,short
612,le,short
612,ra,short
612,na,long
612,tus,
612,no,long
612,men,short
612,am,long
612,bi,short
612,gu,short
612,um,long
612,su,short
612,is,
613,i,
613,dem,long
613,so,short
613,ro,long
613,ris,
613,gna,long
613,tus,short
613,et,long
613,pa,
613,tris,long
613,ne,short
613,pos,
614,ae,long
614,gis,long
614,the,short
614,ces,long
614,sas,
614,im,long
614,pi,short
614,um,long
614,fer,
614,ro,long
614,ca,short
614,put,
615,de,
615,me,short
615,te,short
615,re,short
615,fra,long
615,trem,
615,red,long
615,dat,short
615,aut,long
615,a,short
615,ni,short
615,mam,long
615,sta,short
615,tim,
616,ab,
616,stru,long
616,sa,short
616,cae,long
616,co,
616,car,long
616,ce,short
616,re,elision
616,et,long
616,sa,
616,xo,elision
616,ex,long
616,i,short
616,gat,
617,ae,long
617,vum,long
617,per,short
617,om,long
617,nes,
617,tor,long
617,ta,short
617,poe,long
617,na,
617,rum,long
617,mo,short
617,dos,
618,re,
618,fer,long
618,re,short
618,qvem,long
618,nunc,
618,oc,long
618,cu,short
618,lit,long
618,for,
618,san,long
618,vo,short
618,let,
619,in,
619,ops,long
619,e,short
619,gens,long
619,in,
619,clu,long
619,sa,short
619,pae,long
619,do,
619,re,elision
619,ob,long
619,ru,short
619,ta,
620,vi,short
620,du,short
620,a,elision
620,an,long
620,te,short
620,tha,short
620,la,short
620,mos,
620,ex,long
620,ul,short
620,in,long
620,vi,
620,sa,elision
620,om,long
620,ni,short
620,bus,
621,aet,long
621,he,short
621,re,short
621,ne,short
621,ga,long
621,to,
621,se,long
621,ro,short
621,sub,long
621,cum,
621,bet,long
621,ma,short
621,lis,
622,ru,short
622,dis,short
622,est,long
622,ty,short
622,ran,long
622,nus,
622,mor,long
622,te,short
622,qvi,long
622,poe,long
622,nam,elision
622,ex,long
622,i,short
622,git,
623,ul,
623,tra,long
623,my,short
623,ce,long
623,nas,
623,ul,long
623,ti,short
623,mo,elision
623,in,long
623,reg,
623,ni,elision
623,an,long
623,gu,short
623,lo,
624,vin,
624,ci,long
624,te,short
624,saep,long
624,tam,
624,noc,long
624,te,short
624,te,short
624,ne,short
624,bro,
624,si,long
624,spe,short
624,cus,
625,ut,
625,in,long
625,qvi,short
625,e,long
625,tam,
625,vir,long
625,gi,short
625,nem,long
625,car,
625,cer,long
625,do,short
625,met,
626,at,
626,is,long
626,ta,short
626,poe,long
626,nas,
626,ca,short
626,pi,short
626,te,short
626,per,long
626,sol,
626,vet,long
626,su,short
626,o,
627,cap,
627,ti,long
627,va,short
627,con,long
627,junx,
627,re,long
627,gi,short
627,i,long
627,pae,long
627,lex,long
627,to,short
627,ri,
628,tra,short
628,hi,short
628,te,elision
628,ut,long
628,seq,short
628,va,long
628,tur,
628,con,long
628,ju,short
628,gem,elision
628,e,long
628,rep,
628,tum,long
628,mi,short
628,hi,
629,ne,
629,tra,short
629,hi,short
629,te,short
629,ves,long
629,tros,
629,ip,long
629,sa,short
629,prae,long
629,ce,
629,dam,long
629,gra,short
629,dus,
630,per,
630,fer,long
630,re,short
630,pri,long
630,ma,
630,nun,long
630,ti,short
630,um,long
630,ph,short
630,ry,short
630,gi,long
630,meis,short
631,pro,short
631,pe,short
631,ro,long
631,re,short
631,ple,long
631,tum,
631,ra,short
631,ti,short
631,bus,short
631,e,long
631,ver,
631,sis,long
631,ma,short
631,re,
632,cap,
632,tas,long
632,my,short
632,ce,long
632,nas,
632,mil,long
632,le,short
632,duc,long
632,to,
632,rem,long
632,du,short
632,cum,
633,ut,
633,pa,short
633,ri,short
633,a,short
633,fa,long
633,ta,
633,tro,long
633,i,short
633,cis,long
633,lu,short
633,e,short
633,ret,long
633,ma,short
633,lis,
634,pe,
634,ris,long
634,se,short
634,do,long
634,no,
634,fe,long
634,mi,short
634,nae,long
634,stu,
634,pro,long
634,do,short
634,lo,
635,ni,
635,hil,long
635,mo,short
635,ra,long
635,mur,
635,ra,short
635,pi,short
635,te,short
635,qvin,long
635,gra,
635,tes,long
635,a,short
635,go,
636,jam,
636,jam,long
636,ju,short
636,vat,long
636,vi,
636,xis,long
636,se,short
636,post,long
636,tro,
636,jam,long
636,ju,short
636,vat,
