LineNumber,Syllable,Anceps,Lucus,,
392,de,UNK,long,,
392,lu,long,long,,
392,bra,elision,elision,,
,,,,,
392,et,short,short,,
,,,,,
392,a,long,long,,
392,ras,UNK,long,,
,,,,,
392,cae,UNK,long,,
392,li,short,short,,
392,tum,elision,elision,,
,,,,,
392,et,long,long,,
,,,,,
392,pa,short,short,,
392,tri,short,short,,
392,os,long,long,,
,,,,,
392,la,short,short,,
392,res,UNK,long,,
,,,,,
393,post,UNK,short,?,
,,,,,
393,lon,long,long,,
393,ga,short,short,,
,,,,,
393,fes,long,long,,
393,sus,UNK,short,,
,,,,,
393,spa,short,short,,
393,ti,short,short,,
393,a,short,short,,
,,,,,
393,vix,long,long,?,
,,,,,
393,cre,UNK,long,,
393,dens,long,long,,
,,,,,
393,mi,short,short,,
393,hi,UNK,short,,
,,,,,
394,sup,UNK,short,,
394,plex,long,long,,
,,,,,
394,a,short,short,,
394,do,long,long,,
394,ro,UNK,long,?,
,,,,,
394,vo,long,long,,
394,ta,short,short,,
,,,,,
394,su,short,short,,
394,pe,short,short,,
394,ris,UNK,long,,
,,,,,
394,sol,long,long,,
394,vi,short,short,,
394,te,UNK,short,,
,,,,,
395,tel,UNK,long,,
395,lu,long,long,,
395,ris,short,short,,
,,,,,
395,al,long,long,,
395,tum,UNK,short,,
,,,,,
395,re,short,short,,
395,me,short,short,,
395,at,short,short,,
,,,,,
395,ar,long,long,,
395,go,short,short,,
395,li,short,short,,
395,cae,UNK,long,,
,,,,,
395,de,short,short,,
395,cus,UNK,short,,
,,,,,
396,tan,UNK,short,,
396,dem,elision,elision,,
,,,,,
396,ad,long,long,,
,,,,,
396,pe,short,short,,
396,na,long,long,,
396,tes,UNK,long,,
,,,,,
396,vic,long,long,,
396,tor,short,short,,
,,,,,
396,a,short,short,,
396,ga,short,short,,
396,mem,UNK,long,?,
396,non,long,long,,
,,,,,
396,su,short,short,,
396,os,UNK,long,,
,,,,,
397,fe,UNK,long,,
397,lix,long,long,,
,,,,,
397,ad,short,short,,
,,,,,
397,au,UNK,long,,
397,res,UNK,long,,
,,,,,
397,nun,long,long,,
397,ti,short,short,,
397,us,long,long,,
,,,,,
397,ve,UNK,short,he comes,
397,nit,long,long,,
,,,,,
397,me,short,short,,
397,as,UNK,long,,
,,,,,
398,u,short,short,,
398,bi,short,short,,
398,nam,long,long,,
,,,,,
398,pe,short,short,,
398,ti,long,long,,
398,tus,UNK,short,,
,,,,,
398,per,long,long,,
,,,,,
398,de,short,short,,
398,cem,long,long,,
,,,,,
398,con,UNK,short,,
398,junx,long,long,,
,,,,,
398,mi,short,short,,
398,hi,UNK,short,,
,,,,,
399,an,UNK,short,,
399,nos,long,long,,
,,,,,
399,mo,short,short,,
399,ra,long,long,,
399,tur,UNK,short,,
,,,,,
399,pe,short,short,,
399,la,short,short,,
399,gus,short,short,,
,,,,,
399,an,long,long,,
399,ter,UNK,short,,
399,ras,long,long,,
,,,,,
399,pre,short,short,,
399,mit,UNK,short,,
,,,,,
400,in,UNK,short,,
400,co,short,short,,
400,lu,short,short,,
400,mis,short,short,,
,,,,,
400,auc,UNK,long,,
400,tus,UNK,short,,
,,,,,
400,glo,long,long,,
400,ri,short,short,,
400,a,long,long,,
,,,,,
400,lau,UNK,long,,
400,de,elision,elision,,
,,,,,
400,in,long,long,,
400,cli,short,short,,
400,tus,UNK,short,,
,,,,,
401,re,short,short,,
401,du,short,short,,
401,cem,elision,elision,,
,,,,,
401,ex,long,long,,
401,pe,short,short,,
401,ti,long,long,,
401,to,UNK,short,?,part?
,,,,,
401,li,long,long,,
401,to,short,short,,
401,ri,elision,elision,,
,,,,,
401,im,long,long,,
401,pres,UNK,short,,
401,sit,long,long,,
,,,,,
401,pe,short,short,,
401,dem,UNK,short,,
,,,,,
402,sa,UNK,short,,
402,cris,long,long,,
,,,,,
402,co,short,short,,
402,la,long,long,,
402,mus,UNK,short,,
,,,,,
402,pros,long,long,,
402,pe,short,short,,
402,rum,long,long,,
,,,,,
402,tan,UNK,short,,
402,dem,long,long,,
,,,,,
402,di,short,short,,
402,em,UNK,short,,
,,,,,
403,et,UNK,short,,
,,,,,
403,si,long,long,,
,,,,,
403,pro,short,short,,
403,pi,short,short,,
403,ti,short,short,,
403,os,UNK,long,,
,,,,,
403,at,long,long,,
403,ta,short,short,,
403,men,long,long,,
,,,,,
403,len,UNK,short,,
403,tos,long,long,,
,,,,,
403,de,short,short,,
403,os,UNK,long,,
,,,,,
404,tu,UNK,long,,
,,,,,
404,pan,long,long,,
404,de,short,short,,
,,,,,
404,vi,long,long,,
404,vat,UNK,short,,
,,,,,
404,con,long,long,,
404,ju,short,short,,
404,gis,long,long,,
,,,,,
404,fra,UNK,long,,
404,ter,long,long,,
,,,,,
404,mei,short,short,,
,,,,,
405,et,UNK,short,,
,,,,,
405,pan,long,long,,
405,de,short,short,,
,,,,,
405,te,short,short,,
405,ne,short,short,,
405,at,UNK,short,,
,,,,,
405,quas,long,long,,
,,,,,
405,so,short,short,,
405,ror,long,long,,
,,,,,
405,se,UNK,long,,
405,des,long,long,,
,,,,,
405,me,short,short,,
405,a,UNK,short,,
,,,,,
406,me,short,short,,
406,li,short,short,,
406,o,long,long,,
406,ra,short,short,,
,,,,,
406,vo,long,long,,
406,tis,UNK,long,,
,,,,,
406,pos,long,long,,
406,co,elision,elision,,
,,,,,
406,et,short,short,,
406,ob,long,long,,
406,tes,UNK,short,,
406,tor,long,long,,
,,,,,
406,de,short,short,,
406,os,UNK,long,,
,,,,,
407,nam,UNK,short,,
,,,,,
407,cer,long,long,,
407,ta,short,short,,
,,,,,
407,fa,long,long,,
407,ri,UNK,long,,
,,,,,
407,sors,long,long,,
,,,,,
407,ma,short,short,,
407,ris,long,long,,
,,,,,
407,du,short,short,,
407,bi,short,short,,
407,i,long,long,,
407,ve,short,short,,
407,tat,UNK,short,,
,,,,,
408,ut,UNK,short,,
,,,,,
408,spar,long,long,,
408,sa,short,short,,
,,,,,
408,tu,short,short,,
408,mi,short,short,,
408,dum,UNK,short,,
,,,,,
408,clas,long,long,,
408,sis,short,short,,
,,,,,
408,ex,long,long,,
408,ce,UNK,long,,
408,pit,long,long,,
,,,,,
408,ma,short,short,,
408,re,UNK,short,,
,,,,,
409,quin,UNK,long,,
,,,,,
409,ip,long,long,,
409,se,elision,elision,,
,,,,,
409,a,short,short,,
409,tri,long,long,,
409,des,UNK,long,,
,,,,,
409,ae,UNK,long,,
409,quo,short,short,,
409,re,elision,elision,,
,,,,,
409,im,long,long,,
409,men,UNK,long,,
409,so,long,long,,
,,,,,
409,va,short,short,,
409,gus,UNK,short,,
,,,,,
410,gra,short,short,,
410,vi,short,short,,
410,o,long,long,,
410,ra,short,short,,
,,,,,
410,pe,short,short,,
410,la,short,short,,
410,go,UNK,long,,
,,,,,
410,dam,long,long,,
410,na,short,short,,
,,,,,
410,quam,long,long,,
,,,,,
410,bel,UNK,short,,
410,lo,long,long,,
,,,,,
410,tu,short,short,,
410,lit,UNK,short,,
,,,,,
411,re,short,short,,
411,me,short,short,,
411,at,long,long,,
411,que,short,short,,
,,,,,
411,vic,long,long,,
411,to,UNK,long,,
,,,,,
411,si,short,short,,
411,mi,short,short,,
411,lis,short,short,,
,,,,,
411,ex,long,long,,
411,i,short,short,,
411,gu,short,short,,
411,as,long,long,,
,,,,,
411,tra,short,short,,
411,hens,UNK,long,,
,,,,,
412,la,short,short,,
412,ce,short,short,,
412,ras,long,long,,
412,que,short,short,,
,,,,,
412,vic,long,long,,
412,tor,UNK,short,,
,,,,,
412,clas,long,long,,
412,se,short,short,,
,,,,,
412,de,long,long,,
,,,,,
412,tan,UNK,short,,
412,ta,long,long,,
,,,,,
412,ra,short,short,,
412,tes,UNK,long,,
,,,,,
413,quis,UNK,short,?,long in plural?
,,,,,
413,fa,long,long,,
413,re,short,short,,
,,,,,
413,nos,long,long,,
413,tras,UNK,long,,
,,,,,
413,hau,UNK,long,,
413,se,short,short,,
413,rit,long,long,,
,,,,,
413,ca,UNK,long,,
413,sus,long,long,,
,,,,,
413,ra,short,short,,
413,tes,UNK,long,,
,,,,,
414,aut,UNK,long,,
,,,,,
414,quae,UNK,long,,
,,,,,
414,ma,short,short,,
414,ris,long,long,,
,,,,,
414,for,UNK,short,,
414,tu,long,long,,
414,na,short,short,,
,,,,,
414,dis,long,long,,
414,pu,short,short,,
414,le,short,short,,
414,rit,long,long,,
,,,,,
414,du,short,short,,
414,ces,UNK,long,,
,,,,,
415,a,UNK,short,,
415,cer,long,long,,
415,ba,short,short,?,poetic freedom? 
,,,,,
415,fa,long,long,,
415,tu,UNK,long,,
,,,,,
415,pos,long,long,,
415,cis,short,short,,
,,,,,
415,in,long,long,,
415,faus,UNK,long,,
415,tum,long,long,,
,,,,,
415,iu,short,short,,
415,bes,UNK,long,,
,,,,,
416,mens,UNK,long,,
,,,,,
416,ae,UNK,long,,
416,gra,short,short,,
,,,,,
416,tan,long,long,,
416,tis,UNK,long,,
,,,,,
416,at,long,long,,
416,que,elision,elision,,
,,,,,
416,in,short,short,,
416,hor,long,long,,
416,res,UNK,long,,
416,cit,long,long,,
,,,,,
416,ma,short,short,,
416,lis,UNK,long,,
,,,,,
417,ex,UNK,short,,
417,pro,long,long,,
417,me,short,short,,
,,,,,
417,cla,long,long,,
417,des,UNK,long,,
,,,,,
417,sci,long,long,,
417,re,short,short,,
,,,,,
417,qui,long,long,,
,,,,,
417,re,short,short,,
417,fu,short,short,,
417,git,long,long,,
,,,,,
417,su,short,short,,
417,as,UNK,long,,
,,,,,
418,gra,UNK,short,,
418,vat,long,long,,
,,,,,
418,ti,short,short,,
418,mo,long,long,,
418,rem,UNK,short,,
,,,,,
418,du,short,short,,
418,bi,short,short,,
418,a,short,short,,
,,,,,
418,plus,long,long,,
,,,,,
418,tor,UNK,short,,
418,quent,long,long,,
,,,,,
418,ma,short,short,,
418,la,UNK,short,,
,,,,,
419,ut,UNK,short,,
,,,,,
419,per,long,long,,
419,ga,short,short,,
419,mum,elision,elision,,
,,,,,
419,om,long,long,,
419,ne,UNK,short,,
,,,,,
419,do,long,long,,
419,ri,short,short,,
419,ca,short,short,,
,,,,,
419,ce,short,short,,
419,ci,UNK,short,,
419,dit,long,long,,
,,,,,
419,fa,short,short,,
419,ce,UNK,short,,
,,,,,
420,di,UNK,long,,
420,vi,long,long,,
420,sa,short,short,,
,,,,,
420,prae,UNK,long,,
420,da,elision,elision,,
,,,,,
420,est,UNK,short,,
,,,,,
420,ma,short,short,,
420,ri,short,short,,
420,a,short,short,,
,,,,,
420,pro,short,short,,
420,pe,short,short,,
420,ran,UNK,short,,
420,tes,long,long,,
,,,,,
420,pe,short,short,,
420,tunt,UNK,short,,
,,,,,
421,ne,UNK,short,,
421,glec,long,long,,
421,ta,short,short,,
,,,,,
421,sum,long,long,,
421,mas,UNK,long,,
,,,,,
421,scu,long,long,,
421,ta,short,short,,
,,,,,
421,per,long,long,,
,,,,,
421,pup,UNK,short,,
421,pes,long,long,,
,,,,,
421,ia,short,short,,
421,cent,UNK,short,,
,,,,,
422,ad,UNK,short,,
,,,,,
422,mi,long,long,,
422,li,short,short,,
422,ta,long,long,,
422,res,UNK,long,,
,,,,,
422,re,long,long,,
422,mus,short,short,,
,,,,,
422,ap,long,long,,
422,ta,UNK,long,,
422,tur,long,long,,
,,,,,
422,ma,short,short,,
422,nus,UNK,short,,
,,,,,
423,om,UNK,short,,
423,nis,long,long,,
423,que,short,short,,
,,,,,
423,ni,short,short,,
423,mi,short,short,,
423,um,UNK,short,,
,,,,,
423,lon,long,long,,
423,ga,short,short,,
,,,,,
423,pro,short,short,,
423,pe,short,short,,
423,ran,UNK,long,,
423,ti,long,long,,
,,,,,
423,mo,short,short,,
423,ra,elision,elision,,
,,,,,
423,est,UNK,short,,
,,,,,
424,sig,UNK,short,,
424,num,long,long,,
,,,,,
424,re,short,short,,
424,cur,long,long,,
424,sus,UNK,short,,
,,,,,
424,re,long,long,,
424,gi,short,short,,
424,a,elision,elision,,
,,,,,
424,ut,long,long,,
,,,,,
424,ful,UNK,short,,
424,sit,long,long,,
,,,,,
424,ra,short,short,,
424,te,UNK,short,,
,,,,,
425,et,UNK,short,,
,,,,,
425,cla,long,long,,
425,ra,short,short,,
,,,,,
425,lae,UNK,long,,
425,tum,UNK,short,,
,,,,,
425,re,long,long,,
425,mi,short,short,,
425,gem,long,long,,
,,,,,
425,mo,short,short,,
425,nu,short,short,,
425,it,long,long,,
,,,,,
425,tu,short,short,,
425,ba,UNK,short,,
,,,,,
426,au,UNK,long,,
426,ra,long,long,,
426,ta,short,short,,
,,,,,
426,pri,long,long,,
426,mas,UNK,long,,
,,,,,
426,pro,long,long,,
426,ra,short,short,,
,,,,,
426,de,long,long,,
426,sig,UNK,short,,
426,nat,long,long,,
,,,,,
426,vi,short,short,,
426,as,UNK,long,,
,,,,,
427,a,short,short,,
427,pe,short,short,,
427,rit,long,long,,
427,que,short,short,,
,,,,,
427,cur,long,long,,
427,sus,UNK,short,?,nom s right?
,,,,,
427,mil,long,long,,
427,le,short,short,,
,,,,,
427,quos,long,long,,
,,,,,
427,pup,UNK,short,,
427,pes,long,long,,
,,,,,
427,se,short,short,,
427,cent,UNK,short,,
,,,,,
428,hinc,UNK,short,,
,,,,,
428,au,UNK,long,,
428,ra,short,short,,
,,,,,
428,pri,long,long,,
428,mo,UNK,long,,
,,,,,
428,le,long,long,,
428,nis,short,short,,
,,,,,
428,im,long,long,,
428,pel,UNK,short,,
428,lit,long,long,,
,,,,,
428,ra,short,short,,
428,tes,UNK,long,,
,,,,,
429,ad,UNK,short,,
429,lap,long,long,,
429,sa,short,short,,
,,,,,
429,ve,long,long,,
429,lis,UNK,long,,
,,,,,
429,un,long,long,,
429,da,short,short,,
,,,,,
429,vix,long,long,,
,,,,,
429,ac,UNK,long,,
429,tu,long,long,,
,,,,,
429,le,short,short,,
429,vi,UNK,long,,
,,,,,
430,splen,UNK,short,,
430,det,long,long,,
430,que,short,short,,
,,,,,
430,clas,long,long,,
430,se,UNK,short,,
,,,,,
430,pe,short,short,,
430,la,short,short,,
430,gus,short,short,,
,,,,,
430,et,long,long,,
,,,,,
430,pa,short,short,,
430,ri,short,short,,
430,ter,long,long,,
,,,,,
430,la,short,short,,
430,tet,UNK,short,,
,,,,,
431,iu,UNK,short,,
431,vat,long,long,,
,,,,,
431,vi,short,short,,
431,de,long,long,,
431,re,UNK,short,,
,,,,,
431,nu,long,long,,
431,da,short,short,,
,,,,,
431,tro,long,long,,
431,iae,UNK,long,,
,,,,,
431,li,long,long,,
431,to,short,short,,
431,ra,UNK,short,,
,,,,,
432,iu,UNK,short,,
432,vat,long,long,,
,,,,,
432,re,short,short,,
432,lic,long,long,,
432,ti,UNK,long,,
,,,,,
432,so,long,long,,
432,la,short,short,,
,,,,,
432,si,long,long,,
432,gei,UNK,long,,
,,,,,
432,lo,short,short,,
432,ca,UNK,short,,
,,,,,
433,pro,short,short,,
433,pe,short,short,,
433,rat,long,long,,
,,,,,
433,iu,short,short,,
433,ven,long,long,,
433,tus,UNK,short,,
,,,,,
433,om,long,long,,
433,nis,short,short,,
,,,,,
433,ad,long,long,,
433,duc,UNK,short,,
433,tos,long,long,,
,,,,,
433,si,short,short,,
433,mul,UNK,short,,
,,,,,
434,len,UNK,short,,
434,ta,long,long,,
434,re,short,short,,
,,,,,
434,re,long,long,,
434,mos,UNK,long,,
,,,,,
434,ad,long,long,,
434,iu,short,short,,
434,vat,long,long,,
,,,,,
434,ven,UNK,short,,
434,tos,long,long,,
,,,,,
434,ma,short,short,,
434,nu,UNK,long,,
,,,,,
435,et,UNK,short,,
,,,,,
435,va,short,short,,
435,li,short,short,,
435,da,short,short,,
,,,,,
435,ni,long,long,,
435,su,UNK,long,,
,,,,,
435,brac,long,long,?,syllabification?
435,chi,short,short,,
435,a,elision,elision,,
,,,,,
435,al,long,long,,
435,ter,UNK,short,,
435,no,long,long,,
,,,,,
435,mo,short,short,,
435,vet,UNK,short,,
,,,,,
436,di,short,short,,
436,ri,short,short,,
436,munt,long,long,,
436,que,short,short,,
,,,,,
436,ca,long,long,,
436,nae,UNK,long,,
,,,,,
436,cae,UNK,long,,
436,ru,short,short,,
436,lum,long,long,,
,,,,,
436,spu,UNK,long,,
436,mae,UNK,long,,
,,,,,
436,ma,short,short,,
436,re,UNK,short,,
,,,,,
437,ut,UNK,short,,
,,,,,
437,au,UNK,long,,
437,ra,short,short,,
,,,,,
437,ple,long,long,,
437,nos,UNK,long,,
,,,,,
437,for,long,long,,
437,ti,short,short,,
437,or,long,long,,
,,,,,
437,ten,UNK,short,,
437,dit,long,long,,
,,,,,
437,si,short,short,,
437,nus,UNK,short,,
,,,,,
438,po,short,short,,
438,su,short,short,,
438,e,long,long,,
438,re,short,short,,
,,,,,
438,ton,long,long,,
438,sas,UNK,long,,
,,,,,
438,cre,long,long,,
438,di,short,short,,
438,ta,elision,elision,,
,,,,,
438,est,long,long,,
,,,,,
438,ven,UNK,short,,
438,to,long,long,,
,,,,,
438,ra,short,short,,
438,tis,UNK,short,?,nom right?
,,,,,
439,fu,UNK,long,,
439,sus,long,long,,
439,que,short,short,,
,,,,,
439,tran,long,long,,
439,stris,UNK,long,?,syllable?
,,,,,
439,mi,long,long,,
439,les,short,short,,
,,,,,
439,aut,UNK,long,?,diphthong?
,,,,,
439,ter,UNK,short,,
439,ras,long,long,,
,,,,,
439,pro,short,short,,
439,cul,UNK,short,,
,,,,,
440,quan,UNK,short,,
440,tum,long,long,,
,,,,,
440,re,short,short,,
440,ce,long,long,,
440,dunt,UNK,short,,
,,,,,
440,ve,long,long,,
440,la,short,short,,
,,,,,
440,fu,short,short,,
440,gi,short,short,,
440,en,UNK,short,,
440,tes,long,long,,
,,,,,
440,no,short,short,,
440,tat,UNK,short,,
,,,,,
441,aut,UNK,short,?,
,,,,,
441,bel,long,long,,
441,la,short,short,,
,,,,,
441,nar,long,long,,
441,rat,UNK,short,,
,,,,,
441,hec,long,long,,
441,to,short,short,,
441,ris,long,long,,
,,,,,
441,for,UNK,short,,
441,tis,long,long,,
,,,,,
441,mi,short,short,,
441,nas,UNK,long,,
,,,,,
442,cur,UNK,short,,
442,rus,long,long,,
442,que,elision,elision,,
,,,,,
442,et,short,short,,
,,,,,
442,emp,long,long,?,syllable?
442,to,UNK,long,,
,,,,,
442,red,long,long,,
442,di,short,short,,
442,tum,long,long,,
,,,,,
442,cor,UNK,short,,
442,pus,long,long,,
,,,,,
442,ro,short,short,,
442,go,UNK,long,,
,,,,,
443,spar,UNK,short,,
443,sum,long,long,,
,,,,,
443,cru,short,short,,
443,o,long,long,,
443,re,UNK,short,,
,,,,,
443,re,long,long,,
443,gis,short,short,,
,,,,,
443,her,long,long,,
443,ce,UNK,short,?,no wikitionary entry
443,um,long,long,,
,,,,,
443,io,short,short,,
443,vem,UNK,short,,
,,,,,
444,tunc,UNK,short,,
,,,,,
444,qui,long,long,,
,,,,,
444,ia,short,short,,
444,cen,long,long,,
444,te,UNK,short,,
,,,,,
444,re,short,short,,
444,ci,short,short,,
444,pro,short,short,,
444,cus,long,long,,
,,,,,
444,lu,UNK,long,,
444,dit,long,long,,
,,,,,
444,sa,short,short,,
444,lo,UNK,long,,
,,,,,
445,tu,short,short,,
445,mi,short,short,,
445,dum,long,long,,
445,que,short,short,,
,,,,,
445,pan,long,long,,
445,do,UNK,long,,
,,,,,
445,tran,long,long,,
445,si,short,short,,
445,lit,long,long,,
,,,,,
445,dor,UNK,short,,
445,so,long,long,,
,,,,,
445,ma,short,short,,
445,re,UNK,short,,
,,,,,
446,tyr,UNK,UNK,,
446,rhe,long,long,,
446,nus,short,short,,
,,,,,
446,om,long,long,,
446,ni,UNK,short,,
,,,,,
446,pis,long,long,,
446,cis,short,short,,
,,,,,
446,ex,long,long,,
446,ul,UNK,short,,
446,tat,long,long,,
,,,,,
446,fre,short,short,,
446,to,UNK,long,,
,,,,,
447,a,short,short,,
447,gi,short,short,,
447,tat,long,long,,
447,que,short,short,,
,,,,,
447,gy,long,long,,
447,ros,UNK,long,,
,,,,,
447,et,long,long,,
,,,,,
447,co,short,short,,
447,mes,long,long,,
,,,,,
447,la,short,short,,
447,te,short,short,,
447,ri,elision,elision,,
,,,,,
447,ad,long,long,,
447,na,short,short,,
447,tat,UNK,short,,
,,,,,
448,an,UNK,short,,
448,tei,long,long,,
448,re,short,short,,
,,,,,
448,na,long,long,,
448,ves,UNK,long,,
,,,,,
448,lae,UNK,long,,
448,tus,short,short,,
,,,,,
448,et,long,long,,
,,,,,
448,rur,UNK,long,,
448,sus,long,long,,
,,,,,
448,se,short,short,,
448,qui,UNK,long,,
,,,,,
449,nunc,UNK,short,,
,,,,,
449,pri,long,long,,
449,ma,short,short,,
,,,,,
449,tan,long,long,,
449,gens,UNK,long,,
,,,,,
449,ros,long,long,,
449,tra,short,short,,
,,,,,
449,las,long,long,,
449,ci,UNK,long,,
449,vit,long,long,,
,,,,,
449,cho,short,short,,
449,rus,UNK,short,,
,,,,,
450,mil,UNK,long,,
450,le,long,long,,
450,si,short,short,,
450,mam,long,long,,
,,,,,
450,nunc,UNK,short,,
,,,,,
450,am,long,long,,
450,bit,short,short,,
,,,,,
450,et,long,long,,
,,,,,
450,lus,UNK,long,,
450,trat,long,long,,
,,,,,
450,ra,short,short,,
450,tem,UNK,short,,
451,iam,UNK,short,,
,,,,,
451,li,long,long,,
451,tus,short,short,,
,,,,,
451,om,long,long,,
451,ne,UNK,short,,
,,,,,
451,te,short,short,,
451,gi,short,short,,
451,tur,short,short,,
,,,,,
451,et,long,long,,
,,,,,
451,cam,UNK,short,,
451,pi,long,long,,
,,,,,
451,la,short,short,,
451,tent,UNK,short,,
,,,,,
452,et,UNK,short,,
,,,,,
452,du,short,short,,
452,bi,short,short,,
452,a,short,short,,
,,,,,
452,pe,short,short,,
452,re,short,short,,
452,unt,UNK,short,,
,,,,,
452,mon,long,long,,
452,tis,short,short,,
,,,,,
452,i,long,long,,
452,dae,UNK,long,,
452,i,long,long,,
,,,,,
452,iu,short,short,,
452,ga,UNK,short,,
,,,,,
453,et,UNK,short,,
,,,,,
453,vix,long,long,,
,,,,,
453,quod,short,short,,
,,,,,
453,u,long,long,,
453,num,UNK,short,,
,,,,,
453,per,long,long,,
453,vi,short,short,,
453,cax,long,long,,
,,,,,
453,a,short,short,,
453,ci,short,short,,
453,es,long,long,,
,,,,,
453,vi,short,short,,
453,det,UNK,short,,
,,,,,
454,i,UNK,long,,
454,li,short,short,,
454,a,short,short,,
454,cus,short,short,,
,,,,,
454,a,long,long,,
454,tra,UNK,long,?,ablative?
,,,,,
454,fu,long,long,,
454,mus,short,short,,
,,,,,
454,ap,long,long,,
454,pa,UNK,long,,
454,ret,long,long,,
,,,,,
454,no,short,short,,
454,ta,UNK,long,?,ablative?
,,,,,
455,iam,UNK,short,,
,,,,,
455,las,long,long,,
455,sa,short,short,,
,,,,,
455,ti,long,long,,
455,tan,UNK,long,?,Pinkster says long
,,,,,
455,col,long,long,,
455,la,short,short,,
,,,,,
455,re,short,short,,
455,le,short,short,,
455,va,UNK,long,,
455,bat,long,long,,
,,,,,
455,iu,short,short,,
455,go,UNK,long,,
,,,,,
456,in,UNK,short,,
,,,,,
456,as,long,long,,
456,tra,short,short,,
,,,,,
456,iam,long,long,,
,,,,,
456,lux,UNK,long,,
,,,,,
456,pro,long,long,,
456,na,short,short,,
,,,,,
456,iam,long,long,,
,,,,,
456,prae,UNK,long,,
456,ceps,long,long,,
456,di,short,short,,
456,es,UNK,long,,
,,,,,
457,ex,UNK,short,,
457,i,short,short,,
457,gu,short,short,,
457,a,short,short,,
,,,,,
457,nu,long,long,,
457,bes,UNK,long,,
,,,,,
457,sor,long,long,,
457,di,short,short,,
457,do,long,long,,
,,,,,
457,cres,UNK,long,,
457,cens,long,long,,
,,,,,
457,glo,short,short,,
457,bo,UNK,long,,
,,,,,
458,ni,short,short,,
458,ti,short,short,,
458,dum,long,long,,
,,,,,
458,ca,short,short,,
458,den,long,long,,
458,tis,UNK,short,,
,,,,,
458,in,long,long,,
458,qui,short,short,,
458,nat,long,long,,
,,,,,
458,phoe,UNK,long,?,diphthong?
458,bi,long,long,,
,,,,,
458,iu,short,short,,
458,bar,UNK,short,,
,,,,,
459,sus,UNK,short,,
459,pec,long,long,,
459,ta,short,short,,
,,,,,
459,va,short,short,,
459,ri,short,short,,
459,us,UNK,short,,
,,,,,
459,oc,long,long,,
459,ci,short,short,,
459,dens,long,long,,
,,,,,
459,fe,UNK,long,,
459,cit,long,long,,
,,,,,
459,fre,short,short,,
459,ta,UNK,short,,
,,,,,
460,nox,UNK,short,,
,,,,,
460,pri,long,long,,
460,ma,short,short,,
,,,,,
460,cae,UNK,long,,
460,lum,UNK,short,,
,,,,,
460,spar,long,long,,
460,se,short,short,,
460,rat,long,long,,
,,,,,
460,stel,UNK,long,,
460,lis,long,long,,
,,,,,
460,ia,short,short,,
460,cent,UNK,short,,
,,,,,
461,de,UNK,UNK,,
461,ser,long,long,,
461,ta,short,short,,
,,,,,
461,ven,long,long,,
461,to,UNK,long,,
,,,,,
461,ve,long,long,,
461,la,short,short,,
,,,,,
461,tum,long,long,,
,,,,,
461,mur,UNK,short,,
461,mur,long,long,,
,,,,,
461,gra,short,short,,
461,ve,UNK,short,,
,,,,,
462,ma,UNK,long,,
462,io,long,long,,
462,ra,short,short,,
,,,,,
462,mi,short,short,,
462,ni,short,short,,
462,tans,UNK,long,,
,,,,,
462,col,long,long,,
462,li,short,short,,
462,bus,long,long,,
,,,,,
462,sum,UNK,short,,
462,mis,long,long,,
,,,,,
462,ca,short,short,,
462,dit,UNK,short,,
,,,,,
463,trac,UNK,short,,
463,tu,long,long,,
463,que,short,short,,
,,,,,
463,lon,long,long,,
463,go,UNK,long,,
,,,,,
463,li,long,long,,
463,tus,short,short,,
,,,,,
463,ac,long,long,,
,,,,,
463,pe,UNK,short,,
463,trae,UNK,long,,
,,,,,
463,ge,short,short,,
463,munt,UNK,short,,
,,,,,
464,a,short,short,,
464,gi,short,short,,
464,ta,long,long,,
464,ta,short,short,,
,,,,,
464,ven,long,long,,
464,tis,UNK,long,,
,,,,,
464,un,long,long,,
464,da,short,short,,
,,,,,
464,ven,long,long,,
464,tu,UNK,long,,
464,ris,long,long,,
,,,,,
464,tu,short,short,,
464,met,UNK,short,,
,,,,,
465,nec,UNK,short,,
,,,,,
465,u,long,long,,
465,na,short,short,,
,,,,,
465,nox,long,long,,
,,,,,
465,est,UNK,short,,
,,,,,
465,den,long,long,,
465,sa,short,short,,
,,,,,
465,te,short,short,,
465,ne,short,short,,
465,bras,UNK,long,,
,,,,,
465,ob,long,long,,
465,ru,short,short,,
465,it,UNK,short,,
,,,,,
466,ca,UNK,long,,
466,li,long,long,,
466,go,elision,elision,,
,,,,,
466,et,short,short,,
,,,,,
466,om,long,long,,
466,ni,UNK,long,,
,,,,,
466,lu,long,long,,
466,ce,short,short,,
,,,,,
466,sub,long,long,,
466,duc,UNK,short,,
466,ta,long,long,,
,,,,,
466,fre,short,short,,
466,tum,UNK,short,,
,,,,,
467,cae,UNK,long,,
467,lum,long,long,,
467,que,short,short,,
,,,,,
467,mis,long,long,,
467,cet,UNK,short,,
,,,,,
467,un,long,long,,
467,di,short,short,,
467,que,elision,elision,,
,,,,,
467,in,long,long,,
467,cum,UNK,short,,
467,bunt,long,long,,
,,,,,
467,si,short,short,,
467,mul,UNK,short,,
,,,,,
468,ra,short,short,,
468,pi,short,short,,
468,unt,long,long,,
468,que,short,short,,
,,,,,
468,pe,short,short,,
468,la,short,short,,
468,gus,UNK,short,,
,,,,,
468,in,long,long,,
468,fi,short,short,,
468,mo,elision,elision,,
,,,,,
468,e,long,long,,
468,ver,UNK,short,,
468,sum,long,long,,
,,,,,
468,so,short,short,,
468,lo,UNK,long,,
,,,,,
469,ad,UNK,short,,
469,ver,long,long,,
469,sus,short,short,,
,,,,,
469,eu,short,short,,
469,ro,short,short,,
,,,,,
469,zep,short,short,,
469,hy,short,short,,
469,rus,short,short,,
,,,,,
469,et,long,long,,
,,,,,
469,bo,short,short,,
469,re,short,short,,
469,ae,UNK,long,,
,,,,,
469,no,short,short,,
469,tus,UNK,short,?,name? Wind?
,,,,,
470,su,short,short,,
470,a,short,short,,
,,,,,
470,quis,long,long,,
470,que,short,short,,
,,,,,
470,mit,long,long,,
470,tunt,UNK,short,,
,,,,,
470,te,long,long,,
470,la,elision,elision,,
,,,,,
470,et,short,short,,
,,,,,
470,in,long,long,,
470,fes,UNK,short,,
470,ti,long,long,,
,,,,,
470,fre,short,short,,
470,tum,UNK,short,,
,,,,,
471,e,UNK,long,,
471,mo,long,long,,
471,li,short,short,,
471,un,long,long,,
471,tur,UNK,short,,
,,,,,
471,tur,long,long,,
471,bo,short,short,,
,,,,,
471,con,long,long,,
471,vo,UNK,short,,
471,lit,long,long,,
,,,,,
471,ma,short,short,,
471,re,UNK,short,,
,,,,,
472,li,short,short,,
472,by,short,short,,
472,cus,long,long,,
,,,,,
472,que,elision,elision,,
472,ha,short,short,,
472,re,long,long,,
472,nas,UNK,long,,
,,,,,
472,aus,UNK,long,,
472,ter,short,short,,
,,,,,
472,ac,long,long,,
,,,,,
472,syr,UNK,short,,
472,tes,long,long,,
,,,,,
472,a,short,short,,
472,git,UNK,short,,
,,,,,
473,nec,UNK,short,,
,,,,,
473,ma,short,short,,
473,net,short,short,,
,,,,,
473,in,short,short,,
,,,,,
473,aus,UNK,long,,
473,tro,UNK,long,,
,,,,,
473,fit,long,long,,
473,gra,short,short,,
473,vis,long,long,,
,,,,,
473,nim,UNK,short,,
473,bis,long,long,,
,,,,,
473,no,short,short,,
473,tus,UNK,short,,
,,,,,
474,im,UNK,short,,
474,bre,elision,elision,,
,,,,,
474,au,UNK,long,,
474,get,short,short,,
,,,,,
474,un,long,long,,
474,das,UNK,long,,
,,,,,
474,eu,long,long,,
474,rus,short,short,,
,,,,,
474,o,short,short,,
474,ri,short,short,,
474,en,UNK,short,,
474,tem,long,long,,
,,,,,
474,mo,short,short,,
474,vet,UNK,short,,
,,,,,
475,na,short,short,,
475,ba,short,short,,
475,tae,UNK,long,,
475,a,short,short,,
,,,,,
475,qua,short,short,,
475,ti,short,short,,
475,ens,UNK,long,,
,,,,,
475,reg,long,long,,
475,na,elision,elision,,
,,,,,
475,et,short,short,,
,,,,,
475,e,long,long,,
475,o,UNK,short,?,
475,os,long,long,,
,,,,,
475,si,short,short,,
475,nus,UNK,short,,
,,,,,
476,quid,UNK,short,,
476,ra,short,short,,
476,bi,short,short,,
476,dus,short,short,,
,,,,,
476,o,long,long,,
476,ra,UNK,long,?,Plural accusative?
,,,,,
476,co,long,long,,
476,rus,short,short,,
,,,,,
476,o,long,long,,
476,ce,short,short,,
476,a,short,short,,
476,no,elision,elision,,
,,,,,
476,ex,long,long,,
476,e,short,short,,
476,rens,UNK,long,,
,,,,,
477,mun,UNK,short,,
477,dum,long,long,,
,,,,,
477,re,short,short,,
477,vel,long,long,,
477,li,UNK,long,,
,,,,,
477,se,long,long,,
477,di,short,short,,
477,bus,long,long,,
,,,,,
477,to,UNK,long,,
477,tum,long,long,,
,,,,,
477,su,short,short,,
477,is,UNK,long,,
,,,,,
478,ip,UNK,short,,
478,sos,long,long,,
478,que,short,short,,
,,,,,
478,rup,long,long,,
478,to,UNK,long,,
,,,,,
478,cre,long,long,,
478,de,short,short,,
478,res,long,long,,
,,,,,
478,cae,UNK,long,,
478,lo,long,long,,
,,,,,
478,de,short,short,,
478,os,UNK,long,,
,,,,,
479,de,UNK,long,,
479,ci,short,short,,
479,de,short,short,,
479,re,elision,elision,,
,,,,,
479,et,short,short,,
,,,,,
479,a,long,long,,
479,trum,UNK,short,,
,,,,,
479,re,long,long,,
479,bus,short,short,,
,,,,,
479,in,long,long,,
,,,,,
479,du,UNK,long,,
479,ci,long,long,,
,,,,,
479,cha,short,short,,
479,os,UNK,short,,
,,,,,
480,ven,UNK,short,,
480,to,long,long,,
,,,,,
480,re,short,short,,
480,sis,long,long,,
480,tit,UNK,short,,
,,,,,
480,aes,UNK,long,,
480,tus,short,short,,
,,,,,
480,et,long,long,,
,,,,,
480,ven,UNK,short,,
480,tus,long,long,,
,,,,,
480,re,short,short,,
480,tro,UNK,long,,
,,,,,
481,aes,UNK,long,,
481,tum,long,long,,
,,,,,
481,re,short,short,,
481,vo,long,long,,
481,lit,UNK,short,,
,,,,,
481,non,long,long,,
,,,,,
481,ca,short,short,,
481,pit,long,long,,
,,,,,
481,se,UNK,long,,
481,se,long,long,,
,,,,,
481,ma,short,short,,
481,re,UNK,short,,
,,,,,
482,in,UNK,short,,
,,,,,
482,as,long,long,,
482,tra,short,short,,
,,,,,
482,pon,long,long,,
482,tus,UNK,short,,
,,,,,
482,tol,long,long,,
482,li,short,short,,
482,tur,long,long,,
,,,,,
482,cae,UNK,long,,
482,lum,long,long,,
,,,,,
482,pe,short,short,,
482,rit,UNK,short,,
,,,,,
483,un,UNK,short,,
483,das,long,long,,
483,que,short,short,,
,,,,,
483,mis,long,long,,
483,cent,UNK,short,,
,,,,,
483,im,long,long,,
483,ber,short,short,,
,,,,,
483,et,long,long,,
,,,,,
483,fluc,UNK,long,,
483,tus,long,long,,
,,,,,
483,su,short,short,,
483,as,UNK,long,,
,,,,,
484,nec,UNK,short,,
,,,,,
484,hoc,long,long,,
,,,,,
484,le,short,short,,
484,va,long,long,,
484,men,UNK,short,,
,,,,,
484,de,long,long,,
484,ni,short,short,,
484,que,elision,elision,,
,,,,,
484,ae,UNK,long,,
484,rum,UNK,short,,
484,nis,long,long,,
,,,,,
484,da,short,short,,
484,tur,UNK,short,,
,,,,,
485,pre,UNK,short,,
485,munt,long,long,,
,,,,,
485,te,short,short,,
485,ne,long,long,,
485,brae,UNK,long,,
,,,,,
485,lu,long,long,,
485,mi,short,short,,
485,na,elision,elision,,
,,,,,
485,et,long,long,,
,,,,,
485,di,UNK,long,,
485,rae,UNK,long,,
,,,,,
485,sty,short,short,,
485,gis,UNK,short,,
,,,,,
486,in,UNK,long,,
486,fer,long,long,,
486,na,short,short,,
,,,,,
486,nox,long,long,,
,,,,,
486,est,UNK,short,,
,,,,,
486,ex,long,long,,
486,ci,short,short,,
486,dunt,long,long,,
,,,,,
486,ig,UNK,short,,
486,nes,long,long,,
,,,,,
486,ta,short,short,,
486,men,UNK,short,,
,,,,,
487,et,UNK,short,,
,,,,,
487,nu,long,long,,
487,be,short,short,,
,,,,,
487,di,long,long,,
487,rum,UNK,short,,
,,,,,
487,ful,long,long,,
487,men,short,short,,
,,,,,
487,e,long,long,,
487,li,UNK,long,,
487,sa,long,long,,
,,,,,
487,mi,short,short,,
487,cat,UNK,short,,
,,,,,
488,mi,short,short,,
488,se,short,short,,
488,ris,long,long,,
488,que,short,short,,
,,,,,
488,lu,long,long,,
488,cis,UNK,short,,
,,,,,
488,tan,long,long,,
488,ta,short,short,,
,,,,,
488,dul,long,long,,
488,ce,UNK,short,,
488,do,elision,elision,,
,,,,,
488,est,long,long,,
,,,,,
488,ma,short,short,,
488,lae,UNK,long,,
,,,,,
489,hoc,UNK,short,,
,,,,,
489,lu,long,long,,
489,men,short,short,,
,,,,,
489,op,long,long,,
489,tant,UNK,short,,
,,,,,
489,ip,long,long,,
489,sa,short,short,,
,,,,,
489,se,long,long,,
,,,,,
489,clas,UNK,short,,
489,sis,long,long,,
,,,,,
489,pre,short,short,,
489,mit,UNK,short,,
,,,,,
490,il,UNK,short,,
490,lam,long,long,,
,,,,,
490,de,short,short,,
490,his,long,long,,
490,cens,UNK,long,,
,,,,,
490,pon,long,long,,
490,tus,short,short,,
,,,,,
490,in,long,long,,
,,,,,
490,prae,UNK,long,,
490,ceps,long,long,,
,,,,,
490,ra,short,short,,
490,pit,UNK,short,,
,,,,,
491,hau,UNK,long,,
491,rit,long,long,,
491,que,elision,elision,,
,,,,,
491,et,short,short,,
,,,,,
491,al,long,long,,
491,to,UNK,long,,
,,,,,
491,red,long,long,,
491,di,short,short,,
491,tam,long,long,,
,,,,,
491,re,short,short,,
491,vo,short,short,,
491,mit,long,long,,
,,,,,
491,ma,short,short,,
491,ri,UNK,long,,
,,,,,
492,haec,UNK,long,?,diphthong?
,,,,,
492,o,short,short,,
492,ne,short,short,,
492,re,short,short,,
,,,,,
492,si,long,long,,
492,dit,UNK,short,,
,,,,,
492,il,long,long,,
492,la,short,short,,
,,,,,
492,con,long,long,,
492,vul,UNK,short,,
492,sum,long,long,,
,,,,,
492,la,short,short,,
492,tus,UNK,short,,
,,,,,
493,sub,UNK,short,,
493,mit,long,long,,
493,tit,short,short,,
,,,,,
493,un,long,long,,
493,dis,UNK,long,,
,,,,,
493,fluc,long,long,,
493,tus,short,short,,
,,,,,
493,hanc,long,long,,
,,,,,
493,de,short,short,,
493,ci,short,short,,
493,mus,long,long,,
,,,,,
493,te,short,short,,
493,git,UNK,short,?,diphthong?
,,,,,
494,haec,UNK,long,?,diphthong?
,,,,,
494,la,short,short,,
494,ce,short,short,,
494,ra,elision,elision,,
,,,,,
494,et,short,short,,
,,,,,
494,om,long,long,,
494,ni,UNK,long,,
,,,,,
494,de,short,short,,
494,co,short,short,,
494,re,short,short,,
,,,,,
494,po,short,short,,
494,pu,short,short,,
494,la,UNK,long,,
494,to,long,long,,
,,,,,
494,le,short,short,,
494,vis,UNK,short,?,nom?
,,,,,
495,flu,short,short,,
495,i,short,short,,
495,tat,long,long,,
,,,,,
495,nec,short,short,,
,,,,,
495,il,long,long,,
495,li,UNK,short,?,adverb?
,,,,,
495,ve,long,long,,
495,la,short,short,,
,,,,,
495,nec,long,long,,
,,,,,
495,ton,UNK,long,,
495,sae,UNK,long,,
,,,,,
495,ma,short,short,,
495,nent,UNK,short,,
,,,,,
496,nec,UNK,short,,
,,,,,
496,rec,long,long,,
496,tus,short,short,,
,,,,,
496,al,long,long,,
496,tas,UNK,long,,
,,,,,
496,ma,long,long,,
496,lus,short,short,,
,,,,,
496,an,long,long,,
496,tem,UNK,short,,
496,nas,long,long,,
,,,,,
496,fe,short,short,,
496,rens,UNK,long,,
,,,,,
497,nil,UNK,long,,
,,,,,
497,ra,short,short,,
497,ti,short,short,,
497,o,elision,elision,,
,,,,,
497,et,short,short,,
,,,,,
497,u,long,long,,
497,sus,UNK,short,,
,,,,,
497,au,UNK,long,,
497,det,short,short,,
,,,,,
497,ars,long,long,,
,,,,,
497,ces,UNK,short,,
497,sit,long,long,,
,,,,,
497,ma,short,short,,
497,lis,UNK,long,,
,,,,,
498,te,short,short,,
498,net,short,short,,
,,,,,
498,hor,long,long,,
498,ror,short,short,,
,,,,,
498,ar,long,long,,
498,tus,UNK,short,,
,,,,,
498,om,long,long,,
498,nis,short,short,,
,,,,,
498,of,long,long,,
498,fi,short,short,,
498,ci,short,short,,
498,o,long,long,,
,,,,,
498,stu,short,short,,
498,pet,UNK,short,,
,,,,,
499,na,UNK,long,,
499,vi,short,short,,
499,ta,short,short,,
,,,,,
499,re,short,short,,
499,lic,long,long,,
499,to,UNK,long,,
,,,,,
499,re,long,long,,
499,mus,short,short,,
,,,,,
499,ef,long,long,,
499,fu,UNK,short,,
499,git,long,long,,
,,,,,
499,ma,short,short,,
499,nus,UNK,short,,
,,,,,
500,in,UNK,short,,
,,,,,
500,vo,long,long,,
500,ta,short,short,,
,,,,,
500,mi,short,short,,
500,se,short,short,,
500,ros,UNK,long,,
,,,,,
500,ul,long,long,,
500,ti,short,short,,
500,mus,long,long,,
,,,,,
500,co,UNK,long,,
500,git,long,long,,
,,,,,
500,ti,short,short,,
500,mor,UNK,short,,
,,,,,
501,e,short,short,,
501,a,short,short,,
501,dem,long,long,,
501,que,short,short,,
,,,,,
501,su,short,short,,
501,pe,short,short,,
501,ros,UNK,long,,
,,,,,
501,tro,long,long,,
501,es,short,short,,
,,,,,
501,et,long,long,,
,,,,,
501,da,short,short,,
501,na,short,short,,
501,i,long,long,,
,,,,,
501,ro,short,short,,
501,gant,UNK,short,,
,,,,,
502,quid,UNK,short,,
502,fa,long,long,,
502,ta,short,short,,
,,,,,
502,pos,long,long,,
502,sunt,UNK,short,,
,,,,,
502,in,long,long,,
502,vi,short,short,,
502,det,long,long,,
,,,,,
502,pyr,UNK,short,,
502,rhus,long,long,,
,,,,,
502,pa,short,short,,
502,tri,UNK,long,,
,,,,,
503,a,UNK,UNK,,
503,ia,long,long,,
503,ci,elision,elision,,
,,,,,
503,u,short,short,,
503,li,long,long,,
,xes,UNK,long,?,long?
,,,,,
503,hec,long,long,,
503,to,short,short,,
503,ri,elision,elision,,
,,,,,
503,a,long,long,,
503,tri,UNK,short,?,short?
503,des,long,long,,
,,,,,
503,mi,short,short,,
503,nor,UNK,short,,
,,,,,
504,a,short,short,,
504,ga,short,short,,
504,mem,long,long,,
504,no,short,short,,
,,,,,
504,pri,short,short,,
504,a,short,short,,
504,mo,UNK,long,,
,,,,,
504,quis,long,long,,
504,quis,short,short,,
,,,,,
504,ad,long,long,,
,,,,,
504,tro,UNK,short,?,troia syllabification?
504,iam,long,long,,
,,,,,
504,ia,short,short,,
504,cet,UNK,short,,
,,,,,
505,fe,UNK,long,,
505,lix,long,long,,
,,,,,
505,vo,short,short,,
505,ca,long,long,,
505,tur,UNK,short,,
,,,,,
505,ca,short,short,,
505,de,short,short,,
505,re,short,short,,
,,,,,
505,qui,long,long,,
,,,,,
505,me,short,short,,
505,ru,short,short,,
505,it,long,long,,
,,,,,
505,gra,short,short,,
505,du,UNK,long,,
,,,,,
506,quem,UNK,short,,
,,,,,
506,fa,long,long,,
506,ma,short,short,,
,,,,,
506,se,long,long,,
506,vat,UNK,short,,
,,,,,
506,vic,long,long,,
506,ta,short,short,,
,,,,,
506,quem,long,long,,
,,,,,
506,tel,UNK,short,,
506,lus,long,long,?,I scanned most -us as short.
,,,,,
506,te,short,short,,
506,git,UNK,short,,
,,,,,
507,nil,UNK,short,,
,,,,,
507,no,long,long,,
507,bi,short,short,,
507,le,elision,elision,,
,,,,,
507,au,UNK,long,,
507,sos,UNK,long,,
,,,,,
507,pon,long,long,,
507,tus,short,short,,
,,,,,
507,at,long,long,,
507,que,elision,elision,,
,,,,,
507,un,UNK,short,,
507,dae,UNK,long,,
,,,,,
507,fe,short,short,,
507,rent,UNK,short,,
,,,,,
508,ig,UNK,short,,
508,na,long,long,,
508,va,short,short,,
,,,,,
508,for,long,long,,
508,tes,UNK,long,,
,,,,,
508,fa,long,long,,
508,ta,short,short,,
,,,,,
508,con,long,long,,
508,su,UNK,long,,
508,ment,long,long,,
,,,,,
508,vi,short,short,,
508,ros,UNK,long,,
,,,,,
509,per,UNK,short,,
509,den,long,long,,
509,da,short,short,,
,,,,,
509,mors,long,long,,
,,,,,
509,est,UNK,short,,
,,,,,
509,quis,long,long,,
509,quis,short,short,,
,,,,,
509,es,long,long,,
,,,,,
509,non,UNK,long,,
509,dum,long,long,,
,,,,,
509,ma,short,short,,
509,lis,UNK,long,,
,,,,,
510,sa,short,short,,
510,ti,short,short,,
510,a,long,long,,
510,te,short,short,,
,,,,,
510,tan,long,long,,
510,tis,UNK,long,,
,,,,,
510,cae,UNK,long,,
510,li,short,short,,
510,tum,long,long,,
,,,,,
510,tan,UNK,short,,
510,dem,long,long,,
,,,,,
510,tu,short,short,,
510,um,UNK,short,,
,,,,,
511,nu,UNK,long,,
511,men,long,long,,
,,,,,
511,se,short,short,,
511,re,long,long,,
511,na,UNK,short,,
,,,,,
511,cla,long,long,,
511,di,short,short,,
511,bus,long,long,,
,,,,,
511,nos,UNK,short,,
511,tris,long,long,,
,,,,,
511,da,short,short,,
511,ret,UNK,short,,
,,,,,
512,vel,UNK,short,,
512,tro,long,long,,
512,ia,short,short,,
,,,,,
512,la,short,short,,
512,cri,short,short,,
512,mas,UNK,long,,
,,,,,
512,o,short,short,,
512,di,short,short,,
512,a,short,short,,
,,,,,
512,si,long,long,,
,,,,,
512,du,UNK,long,,
512,rant,long,long,,
,,,,,
512,tu,short,short,,
512,a,UNK,short,,
,,,,,
513,pla,UNK,short,,
513,cet,long,long,,
513,que,short,short,,
,,,,,
513,mit,long,long,,
513,ti,UNK,long,,
,,,,,
513,do,long,long,,
513,ri,short,short,,
513,cum,elision,elision,,
,,,,,
513,ex,long,long,,
513,i,short,short,,
513,ti,short,short,,
513,o,long,long,,
,,,,,
513,ge,short,short,,
513,nus,UNK,long,,
,,,,,
514,quid,UNK,short,,
,,,,,
514,hos,long,long,,
,,,,,
514,si,short,short,,
514,mul,long,long,,
,,,,,
514,pe,UNK,short,,
514,ri,long,long,,
514,re,short,short,,
,,,,,
514,no,long,long,,
514,bis,UNK,long,,
514,cum,long,long,,
,,,,,
514,iu,short,short,,
514,vat,UNK,short,,
,,,,,
515,qui,UNK,short,,
515,bus,long,long,,
,,,,,
515,pe,short,short,,
515,ri,long,long,,
515,mus,UNK,short,,
,,,,,
515,sis,long,long,,
515,ti,short,short,,
515,te,elision,elision,,
,,,,,
515,in,long,long,,
515,fes,UNK,long,,
515,tum,long,long,,
,,,,,
515,ma,short,short,,
515,re,UNK,short,,
,,,,,
516,ve,short,short,,
516,hit,short,short,,
,,,,,
516,is,long,long,,
516,ta,short,short,,
,,,,,
516,da,short,short,,
516,na,short,short,,
516,os,UNK,long,,
,,,,,
516,clas,long,long,,
516,sis,short,short,,
,,,,,
516,et,long,long,,
,,,,,
516,tro,UNK,long,,
516,as,long,long,,
,,,,,
516,ve,short,short,,
516,hit,UNK,short,,
,,,,,
517,nec,UNK,short,,
,,,,,
517,plu,long,long,,
517,ra,short,short,,
,,,,,
517,pos,long,long,,
517,sunt,UNK,short,,
,,,,,
517,oc,long,long,,
517,cu,short,short,,
517,pat,long,long,,
,,,,,
517,vo,UNK,long,,
517,cem,long,long,,
,,,,,
517,ma,short,short,,
517,re,UNK,short,,
,,,,,
518,ec,UNK,short,,
518,ce,elision,elision,,
,,,,,
518,a,short,short,,
518,li,short,short,,
518,a,short,short,,
,,,,,
518,cla,long,long,,
518,des,UNK,long,,
,,,,,
518,ful,long,long,,
518,mi,short,short,,
518,ne,elision,elision,,
,,,,,
518,i,long,long,,
518,ra,UNK,long,,
518,ti,long,long,,
,,,,,
518,io,short,short,,
518,vis,UNK,short,,
,,,,,
519,ar,UNK,short,,
519,ma,long,long,,
519,ta,short,short,,
,,,,,
519,pal,long,long,,
519,las,UNK,long,?,Greek?
,,,,,
519,quid,long,long,,
519,quid,short,short,,
,,,,,
519,aut,UNK,long,?,
,,,,,
519,has,UNK,short,,
519,ta,long,long,,
,,,,,
519,mi,short,short,,
519,nax,UNK,long,,
,,,,,
520,aut,UNK,long,?,
,,,,,
520,ae,UNK,long,,
520,gi,short,short,,
520,de,elision,elision,,
,,,,,
520,et,long,long,,
,,,,,
520,fu,UNK,short,,
520,ro,long,long,,
520,re,short,short,,
,,,,,
520,gor,long,long,,
520,go,short,short,,
520,ne,short,short,,
520,o,long,long,,
,,,,,
520,po,short,short,,
520,test,UNK,short,,
,,,,,
521,hoc,UNK,long,?,abl?
,,,,,
521,ig,long,long,,
521,ne,short,short,,
,,,,,
521,pa,short,short,,
521,tri,short,short,,
521,o,UNK,long,,
,,,,,
521,temp,long,long,,
521,tat,short,short,,
,,,,,
521,et,long,long,,
,,,,,
521,cae,UNK,long,,
521,lo,long,long,,
,,,,,
521,no,short,short,,
521,vae,UNK,long,,
,,,,,
522,spi,UNK,long,,
522,rant,long,long,,
,,,,,
522,pro,short,short,,
522,cel,long,long,,
522,lae,UNK,long,,
,,,,,
522,so,long,long,,
522,lus,short,short,,
,,,,,
522,in,long,long,,
522,vic,UNK,short,,
522,tus,long,long,,
,,,,,
522,ma,short,short,,
522,lis,UNK,long,,
,,,,,
523,luc,UNK,long,,
523,ta,long,long,,
523,tur,short,short,,
,,,,,
523,a,long,long,,
523,iax,UNK,long,,
,,,,,
523,ve,long,long,,
523,la,short,short,,
,,,,,
523,co,long,long,,
523,gen,UNK,short,,
523,tem,elision,elision,,
,,,,,
523,hunc,long,long,,
523,su,short,short,,
523,a,UNK,short,?,not abl?
,,,,,
524,ten,UNK,short,?,tento?
524,to,long,long,,
,,,,,
524,ru,short,short,,
524,den,long,long,,
524,te,UNK,short,,
,,,,,
524,flam,long,long,,
524,ma,short,short,,
,,,,,
524,per,long,long,,
524,strin,UNK,long,,
524,xit,long,long,,
,,,,,
524,ca,short,short,,
524,dens,UNK,long,,
,,,,,
525,li,UNK,long,,
525,bra,long,long,,
525,tur,short,short,,
,,,,,
525,a,short,short,,
525,li,short,short,,
525,ud,UNK,short,,
,,,,,
525,ful,long,long,,
525,men,short,short,,
,,,,,
525,hoc,long,long,,
,,,,,
525,to,UNK,long,,
525,to,elision,elision,,
,,,,,
525,im,long,long,,
525,pe,short,short,,
525,tu,UNK,long,,
,,,,,
526,cer,UNK,short,,
526,tum,long,long,,
,,,,,
526,re,short,short,,
526,duc,long,long,,
526,ta,UNK,long,?,abl
,,,,,
526,pal,long,long,,
526,las,short,short,,
,,,,,
526,ex,long,long,,
526,cus,UNK,short,,
526,sit,long,long,,
,,,,,
526,ma,short,short,,
526,nu,UNK,long,,
,,,,,
527,i,short,short,,
527,mi,short,short,,
527,ta,long,long,,
527,ta,short,short,,
,,,,,
527,pa,long,long,,
527,trem,UNK,short,,
,,,,,
527,tran,long,long,,
527,sit,short,short,,
,,,,,
527,a,long,long,,
527,ia,UNK,long,,
527,cem,elision,elision,,
,,,,,
527,et,long,long,,
,,,,,
527,ra,short,short,,
527,tem,UNK,short,,
,,,,,
528,ra,UNK,short,,
528,tis,long,long,,
528,que,short,short,,
,,,,,
528,par,long,long,,
528,tem,UNK,short,,
,,,,,
528,se,long,long,,
528,cum,elision,elision,,
,,,,,
528,et,short,short,,
,,,,,
528,a,long,long,,
528,ia,UNK,long,,
528,cem,long,long,,
,,,,,
528,tu,short,short,,
528,lit,UNK,short,,
,,,,,
529,nil,UNK,long,,
,,,,,
529,il,long,long,,
529,le,short,short,,
,,,,,
529,mo,long,long,,
529,tus,UNK,short,,
,,,,,
529,ar,long,long,,
529,du,short,short,,
529,a,elision,elision,,
,,,,,
529,ut,long,long,,
,,,,,
529,cau,UNK,long,,
529,tes,long,long,,
,,,,,
529,sa,short,short,,
529,lo,UNK,long,,
,,,,,
530,am,UNK,short,,
530,bus,long,long,,
530,tus,short,short,,
,,,,,
530,ex,long,long,,
530,tat,UNK,short,,
,,,,,
530,di,short,short,,
530,ri,short,short,,
530,mit,short,short,,
,,,,,
530,in,long,long,,
530,sa,UNK,long,,
530,num,long,long,,
,,,,,
530,ma,short,short,,
530,re,UNK,short,,
,,,,,
531,fluc,UNK,long,,
531,tus,long,long,,
531,que,short,short,,
,,,,,
531,rum,long,long,,
531,pit,UNK,short,,
,,,,,
531,pec,long,long,,
531,to,short,short,,
531,re,elision,elision,,
,,,,,
531,et,long,long,,
,,,,,
531,na,UNK,long,,
531,vem,long,long,,
,,,,,
531,ma,short,short,,
531,nu,UNK,long,,
,,,,,
532,com,UNK,short,,
532,ple,long,long,,
532,xus,short,short,,
,,,,,
532,ig,long,long,,
532,nes,UNK,long,,
,,,,,
532,tra,long,long,,
532,xit,short,short,,
,,,,,
532,et,long,long,,
,,,,,
532,cae,UNK,long,,
532,co,long,long,,
,,,,,
532,ma,short,short,,
532,ri,UNK,long,,
,,,,,
533,con,UNK,short,,
533,lu,long,long,,
533,cet,short,short,,
,,,,,
533,a,long,long,,
533,iax,UNK,long,,
,,,,,
533,om,long,long,,
533,ne,short,short,,
,,,,,
533,re,long,long,,
533,splen,UNK,short,?,syllabification?
533,det,long,long,,
,,,,,
533,fre,short,short,,
533,tum,UNK,short,,
,,,,,
534,tan,UNK,short,,
534,dem,elision,elision,,
,,,,,
534,oc,long,long,,
534,cu,short,short,,
534,pa,long,long,,
534,ta,UNK,long,,abl
,,,,,
534,ru,long,long,,
534,pe,short,short,,
,,,,,
534,fu,short,short,,
534,ri,short,short,,
534,bun,UNK,short,,
534,dum,elision,elision,,
,,,,,
534,in,long,long,,
534,to,short,short,,
534,nat,UNK,short,,
,,,,,
535,su,short,short,,
535,pe,short,short,,
535,ras,long,long,,
535,se,short,short,,
,,,,,
535,nunc,long,long,,
,,,,,
535,pe,UNK,short,,
535,la,long,long,,
535,gus,short,short,,
,,,,,
535,at,long,long,,
535,que,elision,elision,,
,,,,,
535,ig,UNK,short,,
535,nes,long,long,,
,,,,,
535,iu,short,short,,
535,vat,UNK,short,,
,,,,,
536,vi,UNK,long,,
536,cis,long,long,,
536,se,short,short,,
,,,,,
536,cae,UNK,long,,
536,lum,UNK,short,,
,,,,,
536,pal,long,long,,
536,la,short,short,,
536,dem,long,long,,
,,,,,
536,ful,UNK,short,,
536,men,long,long,,
,,,,,
536,ma,short,short,,
536,re,UNK,short,,
,,,,,
537,non,UNK,long,,
,,,,,
537,me,long,long,,
,,,,,
537,fu,short,short,,
537,ga,long,long,,
537,vit,UNK,short,,
,,,,,
537,bel,long,long,,
537,li,short,short,,
537,ci,long,long,,
,,,,,
537,ter,UNK,short,,
537,ror,long,long,,
,,,,,
537,de,short,short,,
537,i,UNK,long,,
,,,,,
538,et,UNK,short,,
,,,,,
538,hec,long,long,,
538,to,short,short,,
538,rem,elision,elision,,
,,,,,
538,u,long,long,,
538,na,UNK,long,?,abl?
,,,,,
538,so,long,long,,
538,lus,short,short,,
,,,,,
538,et,long,long,,
,,,,,
538,mar,UNK,long,,
538,tem,long,long,,
,,,,,
538,tu,short,short,,
538,li,UNK,long,,
,,,,,
539,phoe,UNK,long,,
539,be,long,long,,
539,a,short,short,,
,,,,,
539,nec,long,long,,
,,,,,
539,me,UNK,long,,
,,,,,
539,te,long,long,,
539,la,short,short,,
,,,,,
539,pe,short,short,,
539,pu,short,short,,
539,le,UNK,long,,
539,runt,long,long,,
,,,,,
539,gra,short,short,,
539,du,UNK,long,,
,,,,,
540,cum,UNK,short,,
,,,,,
540,phry,short,short,,
540,gi,short,short,,
540,bus,short,short,,
,,,,,
540,is,long,long,,
540,tos,UNK,long,,
,,,,,
540,vi,long,long,,
540,ci,short,short,,
540,mus,long,long,,
,,,,,
540,te,UNK,short,,
540,ne,elision,elision,,
,,,,,
540,hor,long,long,,
540,re,short,short,,
540,am,UNK,short,,
,,,,,
541,a,short,short,,
541,li,short,short,,
541,e,long,long,,
541,na,elision,elision,,
,,,,,
541,in,short,short,,
541,er,long,long,,
541,ti,UNK,long,,
,,,,,
541,te,long,long,,
541,la,short,short,,
,,,,,
541,ia,short,short,,
541,cu,short,short,,
541,lan,UNK,short,,
541,tem,long,long,,
,,,,,
541,ma,short,short,,
541,nu,UNK,long,,
,,,,,
542,quid,UNK,short,,
,,,,,
542,si,elision,elision,,
,,,,,
542,ip,long,long,,
542,se,short,short,,
,,,,,
542,mit,long,long,,
542,tat,UNK,short,,
,,,,,
542,plu,long,long,,
542,ra,short,short,,
,,,,,
542,cum,elision,elision,,
,,,,,
542,au,UNK,long,,
542,de,UNK,long,,
542,ret,long,long,,
,,,,,
542,fu,short,short,,
542,rens,UNK,long,,
,,,,,
543,tri,UNK,short,,
543,den,long,long,,
543,te,short,short,,
,,,,,
543,ru,long,long,,
543,pem,UNK,short,,
,,,,,
543,sub,long,long,,
543,ru,short,short,,
543,it,long,long,,
,,,,,
543,pul,UNK,short,,
543,sam,long,long,,
,,,,,
543,pa,short,short,,
543,ter,UNK,short,,
,,,,,
544,nep,UNK,short,,
544,tu,long,long,,
544,nus,short,short,,
,,,,,
544,i,long,long,,
544,mis,UNK,long,,
,,,,,
544,ex,long,long,,
544,e,short,short,,
544,rens,long,long,,
,,,,,
544,un,UNK,short,,
544,dis,long,long,,
,,,,,
544,ca,short,short,,
544,put,UNK,short,,
,,,,,
545,sol,UNK,short,,
545,vit,long,long,,
545,que,short,short,,
,,,,,
545,mon,long,long,,
545,tem,UNK,short,,
,,,,,
545,quem,long,long,,
,,,,,
545,ca,short,short,,
545,dens,long,long,,
,,,,,
545,se,UNK,long,,
545,cum,long,long,,
,,,,,
545,tu,short,short,,
545,lit,UNK,short,,
,,,,,
546,ter,UNK,short,,
546,ra,long,long,,
546,que,elision,elision,,
,,,,,
546,et,short,short,,
,,,,,
546,ig,long,long,,
546,ne,UNK,short,,
,,,,,
546,vic,long,long,,
546,tus,short,short,,
,,,,,
546,et,long,long,,
,,,,,
546,pe,short,short,,
546,la,short,short,,
546,go,long,long,,
,,,,,
546,ia,short,short,,
546,cet,UNK,short,,
,,,,,
547,nos,UNK,long,,
,,,,,
547,a,short,short,,
547,li,short,short,,
547,a,short,short,,
,,,,,
547,ma,long,long,,
547,ior,UNK,short,,
,,,,,
547,nau,UNK,long,,
547,fra,short,short,,
547,gos,long,long,,
,,,,,
547,pes,UNK,short,,
547,tis,long,long,,
,,,,,
547,vo,short,short,,
547,cat,UNK,short,,
,,,,,
548,est,UNK,short,,
,,,,,
548,hu,short,short,,
548,mi,short,short,,
548,lis,short,short,,
,,,,,
548,un,long,long,,
548,da,UNK,short,,nom
,,,,,
548,scru,long,long,,
548,peis,short,short,,
,,,,,
548,men,UNK,short,,
548,dax,long,long,,
,,,,,
548,va,short,short,,
548,dis,UNK,long,,
,,,,,
549,u,short,short,,
549,bi,short,short,,
,,,,,
549,sa,long,long,,
549,xa,short,short,,
,,,,,
549,ra,short,short,,
549,pi,short,short,,
549,dis,UNK,long,,
,,,,,
549,clau,UNK,long,,
549,sa,short,short,,
,,,,,
549,ver,long,long,,
549,ti,short,short,,
549,ci,short,short,,
549,bus,long,long,,
,,,,,
549,te,short,short,,
549,git,UNK,long,,
,,,,,
550,fal,UNK,short,,
550,lax,long,long,,
,,,,,
550,cap,short,short,,
550,he,long,long,,
550,re,short,short,,
550,us,short,short,,
,,,,,
550,aes,UNK,long,,
550,tu,short,short,,
550,at,long,long,,
,,,,,
550,sco,short,short,,
550,pu,short,short,,
550,lis,long,long,,
,,,,,
550,fre,short,short,,
550,tum,UNK,short,,
,,,,,
551,fer,UNK,short,,
551,vet,long,long,,
551,que,short,short,,
,,,,,
551,sem,long,long,,
551,per,UNK,short,,
,,,,,
551,fluc,long,long,,
551,tus,short,short,,
,,,,,
551,al,long,long,,
551,ter,UNK,short,,
551,na,long,long,,
,,,,,
551,vi,short,short,,
551,ce,UNK,short,,
,,,,,
552,arx,UNK,short,,
,,,,,
552,im,long,long,,
552,mi,short,short,,
552,net,long,long,,
,,,,,
552,prae,UNK,long,,
552,rup,long,long,,
552,ta,short,short,,
,,,,,
552,quae,UNK,long,?,diphthong?
,,,,,
552,spec,UNK,short,,
552,tat,long,long,,
,,,,,
552,ma,short,short,,
552,re,UNK,short,,
,,,,,
553,u,UNK,short,,
553,trim,long,long,,
553,que,short,short,,
,,,,,
553,ge,short,short,,
553,mi,short,short,,
553,num,UNK,short,,
,,,,,
553,pe,short,short,,
553,lo,short,short,,
553,pis,short,short,,
,,,,,
553,hinc,long,long,,
,,,,,
553,o,UNK,long,,
553,ras,long,long,,
,,,,,
553,tu,short,short,,
553,i,UNK,long,,
,,,,,
554,hinc,UNK,short,,
,,,,,
554,sce,short,short,,
554,le,short,short,,
554,re,short,short,,
,,,,,
554,lem,long,long,,
,,,,,
554,non,UNK,short,,
554,no,long,long,,
554,bi,short,short,,
554,lem,elision,elision,,
,,,,,
554,hinc,long,long,,
,,,,,
554,an,UNK,short,,
554,the,long,long,,
554,do,short,short,,
554,na,UNK,short,?,Greek word?
,,,,,
555,tar,UNK,short,,
555,dam,long,long,,
555,que,short,short,,
,,,,,
555,ra,short,short,,
555,ti,short,short,,
555,bus,UNK,short,,
,,,,,
555,au,UNK,long,,
555,li,short,short,,
555,da,elision,elision,,
,,,,,
555,hanc,long,long,,
,,,,,
555,ar,UNK,short,,
555,cem,elision,elision,,
555,oc,long,long,,
555,cu,short,short,,
555,pat,UNK,short,,
,,,,,
556,pa,short,short,,
556,la,short,short,,
556,me,long,long,,
556,dis,short,short,,
,,,,,
556,il,long,long,,
556,le,UNK,short,,
,,,,,
556,ge,short,short,,
556,ni,short,short,,
556,tor,short,short,,
,,,,,
556,et,long,long,,
,,,,,
556,cla,UNK,long,,
556,rum,long,long,,
,,,,,
556,ma,short,short,,
556,nu,UNK,long,,
,,,,,
557,lu,UNK,long,,
557,men,long,long,,
,,,,,
557,ne,short,short,,
557,fan,long,long,,
557,da,UNK,long,,abl
,,,,,
557,ver,long,long,,
557,ti,short,short,,
557,ce,elision,elision,,
,,,,,
557,e,long,long,,
,,,,,
557,sum,UNK,short,,
557,mo,elision,elision,,
,,,,,
557,ef,long,long,,
557,fe,short,short,,
557,rens,UNK,long,,
,,,,,
558,in,UNK,short,,
,,,,,
558,sa,long,long,,
558,xa,short,short,,
,,,,,
558,du,long,long,,
558,cit,UNK,short,,
,,,,,
558,per,long,long,,
558,fi,short,short,,
558,da,long,long,,
,,,,,
558,clas,UNK,short,,
558,sem,long,long,,
,,,,,
558,fa,short,short,,
558,ce,UNK,short,,
,,,,,
559,hae,UNK,long,,
559,rent,long,long,,
,,,,,
559,a,short,short,,
559,cu,long,long,,
559,tis,UNK,long,,
,,,,,
559,ru,long,long,,
559,pi,short,short,,
559,bus,long,long,,
,,,,,
559,fi,UNK,long,,
559,xae,UNK,long,,
,,,,,
559,ra,short,short,,
559,tes,UNK,long,,
,,,,,
560,has,UNK,long,,
,,,,,
560,in,short,short,,
560,o,short,short,,
560,pis,short,short,,
,,,,,
560,un,long,long,,
560,dae,UNK,long,,
,,,,,
560,bre,short,short,,
560,vi,short,short,,
560,a,short,short,,
,,,,,
560,com,long,long,,
560,mi,short,short,,
560,nu,short,short,,
560,unt,long,long,,
,,,,,
560,va,short,short,,
560,da,UNK,short,,
,,,,,
561,pars,UNK,short,,
,,,,,
561,ve,short,short,,
561,hi,short,short,,
561,tur,short,short,,
,,,,,
561,hu,long,long,,
561,ius,UNK,short,,?syllabification
,,,,,
561,pri,long,long,,
561,ma,short,short,,
,,,,,
561,pars,long,long,,
,,,,,
561,sco,short,short,,
561,pu,short,short,,
561,lo,long,long,,
,,,,,
561,se,short,short,,
561,det,UNK,short,,
,,,,,
562,et,UNK,short,,
,,,,,
562,frac,long,long,,
562,ta,short,short,,
,,,,,
562,fran,long,long,,
562,git,UNK,short,,
,,,,,
562,iam,long,long,,
,,,,,
562,ti,short,short,,
562,ment,long,long,,
,,,,,
562,ter,UNK,short,,
562,ram,long,long,,
,,,,,
562,ra,short,short,,
562,tes,UNK,long,,
,,,,,
563,et,UNK,short,,
,,,,,
563,ma,short,short,,
563,ri,short,short,,
563,a,short,short,,
,,,,,
563,ma,long,long,,
563,lunt,UNK,short,,
,,,,,
563,ce,short,short,,
563,ci,short,short,,
563,dit,short,short,,
,,,,,
563,in,long,long,,
,,,,,
563,lu,UNK,long,,
563,cem,long,long,,
,,,,,
563,fu,short,short,,
563,ror,UNK,short,,
,,,,,
564,post,UNK,short,,
564,quam,long,long,,
,,,,,
564,li,short,short,,
564,ta,long,long,,
564,tum,elision,elision,,
,,,,,
564,est,UNK,short,,
,,,,,
564,i,long,long,,
564,li,short,short,,
564,o,long,long,,
,,,,,
564,phoe,UNK,long,,
564,bus,long,long,,
,,,,,
564,re,short,short,,
564,dit,UNK,short,,
,,,,,
565,et,UNK,short,,
,,,,,
565,dam,long,long,,
565,na,short,short,,
,,,,,
565,noc,long,long,,
565,tis,UNK,short,,
,,,,,
565,tris,long,long,,
565,tis,short,short,,
,,,,,
565,os,long,long,,
565,ten,UNK,short,,
565,dit,long,long,,
,,,,,
565,di,short,short,,
565,es,UNK,long,,
,,,,,
566,u,UNK,short,,
566,trum,long,long,,
566,que,short,short,,
,,,,,
566,do,short,short,,
566,le,short,short,,
566,am,UNK,short,,
,,,,,
566,lae,UNK,long,,
566,ter,short,short,,
,,,,,
566,an,long,long,,
,,,,,
566,re,short,short,,
566,du,short,short,,
566,cem,long,long,,
,,,,,
566,vi,short,short,,
566,rum,UNK,short,,
,,,,,
567,re,short,short,,
567,me,short,short,,
567,as,long,long,,
567,se,short,short,,
,,,,,
567,lae,UNK,long,,
567,tor,UNK,short,,
,,,,,
567,vul,long,long,,
567,nus,short,short,,
,,,,,
567,et,long,long,,
,,,,,
567,reg,UNK,long,,
567,ni,long,long,,
,,,,,
567,gra,short,short,,
567,ve,UNK,short,,
,,,,,
568,lu,UNK,long,,
568,ge,long,long,,
568,re,short,short,,
,,,,,
568,co,long,long,,
568,gor,UNK,short,,
,,,,,
568,red,long,long,,
568,de,short,short,,
,,,,,
568,iam,long,long,,
,,,,,
568,gra,UNK,long,?,Grai?
568,is,long,long,,
,,,,,
568,pa,short,short,,
568,ter,UNK,short,,
,,,,,
569,al,UNK,short,,
569,ti,short,short,,
569,so,short,short,,
569,na,short,short,,
,,,,,
569,qua,short,short,,
569,ti,short,short,,
569,ens,UNK,long,,
,,,,,
569,reg,long,long,,
569,na,short,short,,
,,,,,
569,pla,long,long,,
569,ca,UNK,long,,
569,tos,long,long,,
,,,,,
569,de,short,short,,
569,os,UNK,long,,
,,,,,
570,nunc,UNK,short,,
,,,,,
570,om,long,long,,
570,ne,short,short,,
,,,,,
570,lae,UNK,long,,
570,ta,UNK,short,,
,,,,,
570,fron,long,long,,
570,de,short,short,,
,,,,,
570,ve,long,long,,
570,le,UNK,long,,
570,tur,long,long,,
,,,,,
570,ca,short,short,,
570,put,UNK,short,,
,,,,,
571,sa,UNK,short,,
571,cri,short,short,,
571,fi,short,short,,
571,ca,short,short,,
,,,,,
571,dul,long,long,,
571,ces,UNK,long,,
,,,,,
571,ti,long,long,,
571,bi,short,short,,
571,a,elision,elision,,
,,,,,
571,ef,long,long,,
571,fun,UNK,short,,
571,dat,long,long,,
,,,,,
571,mo,short,short,,
571,dos,UNK,long,,
,,,,,
572,et,UNK,short,,
,,,,,
572,ni,short,short,,
572,ve,short,short,,
572,a,short,short,,
,,,,,
572,mag,long,long,,
572,nas,UNK,long,,
,,,,,
572,vic,long,long,,
572,ti,short,short,,
572,ma,elision,elision,,
,,,,,
572,an,long,long,,
572,te,elision,elision,,
,,,,,
572,a,UNK,long,,
572,ras,long,long,,
,,,,,
572,ca,short,short,,
572,dat,UNK,short,,
,,,,,
573,sed,UNK,long,long,
,,,,,
573,ec,long,long,,
573,ce,short,short,,
,,,,,
573,tur,long,long,,
573,ba,UNK,short,,
,,,,,
573,tris,long,long,,
573,tis,short,short,,
,,,,,
573,in,long,long,,
573,comp,UNK,long,?,syllabification?
573,tae,UNK,long,,
,,,,,
573,co,short,short,,
573,mas,UNK,long,,
,,,,,
574,ef,UNK,short,,
574,fre,long,long,,
574,na,short,short,,
,,,,,
574,phoe,UNK,long,,
574,bas,UNK,long,,
,,,,,
574,en,long,long,,
574,the,short,short,,
574,as,long,long,,
,,,,,
574,lau,UNK,long,,
574,rus,long,long,,
,,,,,
574,qua,short,short,,
574,tit,UNK,short,,
