title,line,syllable,length,comment1,comment2,anceps
1,392,de,long,,,UNK
1,392,lu,long,,,long
1,392,bra,elision,,,elision
1,392,-,space,,,space
1,392,et,short,,,short
1,392,-,space,,,space
1,392,a,long,,,long
1,392,ras,long,,,UNK
1,392,-,space,,,space
1,392,cae,long,,,UNK
1,392,li,short,,,short
1,392,tum,elision,,,elision
1,392,-,space,,,space
1,392,et,long,,,long
1,392,-,space,,,space
1,392,pa,short,,,short
1,392,tri,short,,,short
1,392,os,long,,,long
1,392,-,space,,,space
1,392,la,short,,,short
1,392,res,long,,,UNK
1,392,-,space,,,space
1,393,post,short,?,,UNK
1,393,-,space,,,space
1,393,lon,long,,,long
1,393,ga,short,,,short
1,393,-,space,,,space
1,393,fes,long,,,long
1,393,sus,short,,,UNK
1,393,-,space,,,space
1,393,spa,short,,,short
1,393,ti,short,,,short
1,393,a,short,,,short
1,393,-,space,,,space
1,393,vix,long,?,,long
1,393,-,space,,,space
1,393,cre,long,,,UNK
1,393,dens,long,,,long
1,393,-,space,,,space
1,393,mi,short,,,short
1,393,hi,short,,,UNK
1,393,-,space,,,space
1,394,sup,short,,,UNK
1,394,plex,long,,,long
1,394,-,space,,,space
1,394,a,short,,,short
1,394,do,long,,,long
1,394,ro,long,?,,UNK
1,394,-,space,,,space
1,394,vo,long,,,long
1,394,ta,short,,,short
1,394,-,space,,,space
1,394,su,short,,,short
1,394,pe,short,,,short
1,394,ris,long,,,UNK
1,394,-,space,,,space
1,394,sol,long,,,long
1,394,vi,short,,,short
1,394,te,short,,,UNK
1,394,-,space,,,space
1,395,tel,long,,,UNK
1,395,lu,long,,,long
1,395,ris,short,,,short
1,395,-,space,,,space
1,395,al,long,,,long
1,395,tum,short,,,UNK
1,395,-,space,,,space
1,395,re,short,,,short
1,395,me,short,,,short
1,395,at,short,,,short
1,395,-,space,,,space
1,395,ar,long,,,long
1,395,go,short,,,short
1,395,li,short,,,short
1,395,cae,long,,,UNK
1,395,-,space,,,space
1,395,de,short,,,short
1,395,cus,short,,,UNK
1,395,-,space,,,space
1,396,tan,short,,,UNK
1,396,dem,elision,,,elision
1,396,-,space,,,space
1,396,ad,long,,,long
1,396,-,space,,,space
1,396,pe,short,,,short
1,396,na,long,,,long
1,396,tes,long,,,UNK
1,396,-,space,,,space
1,396,vic,long,,,long
1,396,tor,short,,,short
1,396,-,space,,,space
1,396,a,short,,,short
1,396,ga,short,,,short
1,396,mem,long,?,,UNK
1,396,non,long,,,long
1,396,-,space,,,space
1,396,su,short,,,short
1,396,os,long,,,UNK
1,396,-,space,,,space
1,397,fe,long,,,UNK
1,397,lix,long,,,long
1,397,-,space,,,space
1,397,ad,short,,,short
1,397,-,space,,,space
1,397,au,long,,,UNK
1,397,res,long,,,UNK
1,397,-,space,,,space
1,397,nun,long,,,long
1,397,ti,short,,,short
1,397,us,long,,,long
1,397,-,space,,,space
1,397,ve,short,he comes,,UNK
1,397,nit,long,,,long
1,397,-,space,,,space
1,397,me,short,,,short
1,397,as,long,,,UNK
1,397,-,space,,,space
1,398,u,short,,,short
1,398,bi,short,,,short
1,398,nam,long,,,long
1,398,-,space,,,space
1,398,pe,short,,,short
1,398,ti,long,,,long
1,398,tus,short,,,UNK
1,398,-,space,,,space
1,398,per,long,,,long
1,398,-,space,,,space
1,398,de,short,,,short
1,398,cem,long,,,long
1,398,-,space,,,space
1,398,con,short,,,UNK
1,398,junx,long,,,long
1,398,-,space,,,space
1,398,mi,short,,,short
1,398,hi,short,,,UNK
1,398,-,space,,,space
1,399,an,short,?,double consonant?,UNK
1,399,nos,long,,,long
1,399,-,space,,,space
1,399,mo,short,,,short
1,399,ra,long,,,long
1,399,tur,short,,,UNK
1,399,-,space,,,space
1,399,pe,short,,,short
1,399,la,short,,,short
1,399,gus,short,,,short
1,399,-,space,,,space
1,399,an,long,,,long
1,399,ter,short,?,double consonant?,UNK
1,399,ras,long,,,long
1,399,-,space,,,space
1,399,pre,short,,,short
1,399,mit,short,,,UNK
1,399,-,space,,,space
1,400,in,short,,,UNK
1,400,co,short,,,short
1,400,lu,short,,,short
1,400,mis,short,,,short
1,400,-,space,,,space
1,400,auc,long,?,diphthong?,UNK
1,400,tus,short,,,UNK
1,400,-,space,,,space
1,400,glo,long,,,long
1,400,ri,short,,,short
1,400,a,long,,,long
1,400,-,space,,,space
1,400,lau,long,,,UNK
1,400,de,elision,,,elision
1,400,-,space,,,space
1,400,in,long,,,long
1,400,cli,short,,,short
1,400,tus,short,,,UNK
1,400,-,space,,,space
1,401,re,short,,,short
1,401,du,short,,,short
1,401,cem,elision,,,elision
1,401,-,space,,,space
1,401,ex,long,,,long
1,401,pe,short,,,short
1,401,ti,long,,,long
1,401,to,short,?,part?,UNK
1,401,-,space,,,space
1,401,li,long,,,long
1,401,to,short,,,short
1,401,ri,elision,,,elision
1,401,-,space,,,space
1,401,im,long,,,long
1,401,pres,short,?,double consonant?,UNK
1,401,sit,long,,,long
1,401,-,space,,,space
1,401,pe,short,,,short
1,401,dem,short,,,UNK
1,401,-,space,,,space
1,402,sa,short,,,UNK
1,402,cris,long,,,long
1,402,-,space,,,space
1,402,co,short,,,short
1,402,la,long,,,long
1,402,mus,short,,,UNK
1,402,-,space,,,space
1,402,pros,long,,,long
1,402,pe,short,,,short
1,402,rum,long,,,long
1,402,-,space,,,space
1,402,tan,short,,,UNK
1,402,dem,long,,,long
1,402,-,space,,,space
1,402,di,short,,,short
1,402,em,short,,,UNK
1,402,-,space,,,space
1,403,et,short,,,UNK
1,403,-,space,,,space
1,403,si,long,,,long
1,403,-,space,,,space
1,403,pro,short,,,short
1,403,pi,short,,,short
1,403,ti,short,,,short
1,403,os,long,,,UNK
1,403,-,space,,,space
1,403,at,long,,,long
1,403,ta,short,,,short
1,403,men,long,,,long
1,403,-,space,,,space
1,403,len,short,,,UNK
1,403,tos,long,,,long
1,403,-,space,,,space
1,403,de,short,,,short
1,403,os,long,,,UNK
1,403,-,space,,,space
1,404,tu,long,,,UNK
1,404,-,space,,,space
1,404,pan,long,,,long
1,404,de,short,,,short
1,404,-,space,,,space
1,404,vi,long,,,long
1,404,vat,short,,,UNK
1,404,-,space,,,space
1,404,con,long,,,long
1,404,ju,short,,,short
1,404,gis,long,,,long
1,404,-,space,,,space
1,404,fra,long,,,UNK
1,404,ter,long,,,long
1,404,-,space,,,space
1,404,mei,short,,,short
1,404,-,space,,,space
1,405,et,short,,,UNK
1,405,-,space,,,space
1,405,pan,long,,,long
1,405,de,short,,,short
1,405,-,space,,,space
1,405,te,short,,,short
1,405,ne,short,,,short
1,405,at,short,,,UNK
1,405,-,space,,,space
1,405,quas,long,,,long
1,405,-,space,,,space
1,405,so,short,,,short
1,405,ror,long,,,long
1,405,-,space,,,space
1,405,se,long,,,UNK
1,405,des,long,,,long
1,405,-,space,,,space
1,405,me,short,,,short
1,405,a,short,,,UNK
1,405,-,space,,,space
1,406,me,short,,,short
1,406,li,short,,,short
1,406,o,long,,,long
1,406,ra,short,,,short
1,406,-,space,,,space
1,406,vo,long,,,long
1,406,tis,long,,,UNK
1,406,-,space,,,space
1,406,pos,long,,,long
1,406,co,elision,,,elision
1,406,-,space,,,space
1,406,et,short,,,short
1,406,ob,long,,,long
1,406,tes,short,,,UNK
1,406,tor,long,,,long
1,406,-,space,,,space
1,406,de,short,,,short
1,406,os,long,,,UNK
1,406,-,space,,,space
1,407,nam,short,?,always?,UNK
1,407,-,space,,,space
1,407,cer,long,,,long
1,407,ta,short,,,short
1,407,-,space,,,space
1,407,fa,long,,,long
1,407,ri,long,,,UNK
1,407,-,space,,,space
1,407,sors,long,,,long
1,407,-,space,,,space
1,407,ma,short,,,short
1,407,ris,long,,,long
1,407,-,space,,,space
1,407,du,short,,,short
1,407,bi,short,,,short
1,407,i,long,,,long
1,407,ve,short,,,short
1,407,tat,short,,,UNK
1,407,-,space,,,space
1,408,ut,short,?,always?,UNK
1,408,-,space,,,space
1,408,spar,long,,,long
1,408,sa,short,,,short
1,408,-,space,,,space
1,408,tu,short,,,short
1,408,mi,short,,,short
1,408,dum,short,,,UNK
1,408,-,space,,,space
1,408,clas,long,,,long
1,408,sis,short,,,short
1,408,-,space,,,space
1,408,ex,long,,,long
1,408,ce,long,,,UNK
1,408,pit,long,,,long
1,408,-,space,,,space
1,408,ma,short,,,short
1,408,re,short,,,UNK
1,408,-,space,,,space
1,409,quin,long,,,UNK
1,409,-,space,,,space
1,409,ip,long,,,long
1,409,se,elision,,,elision
1,409,-,space,,,space
1,409,a,short,,,short
1,409,tri,long,,,long
1,409,des,long,,,UNK
1,409,-,space,,,space
1,409,ae,long,,,UNK
1,409,quo,short,,,short
1,409,re,elision,,,elision
1,409,-,space,,,space
1,409,im,long,,,long
1,409,men,long,,,UNK
1,409,so,long,,,long
1,409,-,space,,,space
1,409,va,short,,,short
1,409,gus,short,,,UNK
1,409,-,space,,,space
1,410,gra,short,,,short
1,410,vi,short,,,short
1,410,o,long,,,long
1,410,ra,short,,,short
1,410,-,space,,,space
1,410,pe,short,,,short
1,410,la,short,,,short
1,410,go,long,,,UNK
1,410,-,space,,,space
1,410,dam,long,,,long
1,410,na,short,,,short
1,410,-,space,,,space
1,410,quam,long,,,long
1,410,-,space,,,space
1,410,bel,short,,,UNK
1,410,lo,long,,,long
1,410,-,space,,,space
1,410,tu,short,,,short
1,410,lit,short,,,UNK
1,410,-,space,,,space
1,411,re,short,,,short
1,411,me,short,,,short
1,411,at,long,,,long
1,411,que,short,,,short
1,411,-,space,,,space
1,411,vic,long,,,long
1,411,to,long,,,UNK
1,411,-,space,,,space
1,411,si,short,,,short
1,411,mi,short,,,short
1,411,lis,short,,,short
1,411,-,space,,,space
1,411,ex,long,,,long
1,411,i,short,,,short
1,411,gu,short,,,short
1,411,as,long,,,long
1,411,-,space,,,space
1,411,tra,short,,,short
1,411,hens,long,,,UNK
1,411,-,space,,,space
1,412,la,short,,,short
1,412,ce,short,,,short
1,412,ras,long,,,long
1,412,que,short,,,short
1,412,-,space,,,space
1,412,vic,long,,,long
1,412,tor,short,,,UNK
1,412,-,space,,,space
1,412,clas,long,,,long
1,412,se,short,,,short
1,412,-,space,,,space
1,412,de,long,,,long
1,412,-,space,,,space
1,412,tan,short,,,UNK
1,412,ta,long,,,long
1,412,-,space,,,space
1,412,ra,short,,,short
1,412,tes,long,,,UNK
1,412,-,space,,,space
1,413,quis,short,?,long in plural?,UNK
1,413,-,space,,,space
1,413,fa,long,,,long
1,413,re,short,,,short
1,413,-,space,,,space
1,413,nos,long,,,long
1,413,tras,long,,,UNK
1,413,-,space,,,space
1,413,hau,long,,,UNK
1,413,se,short,,,short
1,413,rit,long,,,long
1,413,-,space,,,space
1,413,ca,long,,,UNK
1,413,sus,long,,,long
1,413,-,space,,,space
1,413,ra,short,,,short
1,413,tes,long,,,UNK
1,413,-,space,,,space
1,414,aut,long,,,UNK
1,414,-,space,,,space
1,414,quae,long,,,UNK
1,414,-,space,,,space
1,414,ma,short,,,short
1,414,ris,long,,,long
1,414,-,space,,,space
1,414,for,short,,,UNK
1,414,tu,long,,,long
1,414,na,short,,,short
1,414,-,space,,,space
1,414,dis,long,,,long
1,414,pu,short,,,short
1,414,le,short,,,short
1,414,rit,long,,,long
1,414,-,space,,,space
1,414,du,short,,,short
1,414,ces,long,,,UNK
1,414,-,space,,,space
1,415,a,short,,,UNK
1,415,cer,long,,,long
1,415,ba,short,?,poetic freedom?,short
1,415,-,space,,,space
1,415,fa,long,,,long
1,415,tu,long,,,UNK
1,415,-,space,,,space
1,415,pos,long,,,long
1,415,cis,short,,,short
1,415,-,space,,,space
1,415,in,long,,,long
1,415,faus,long,,,UNK
1,415,tum,long,,,long
1,415,-,space,,,space
1,415,iu,short,,,short
1,415,bes,long,,,UNK
1,415,-,space,,,space
1,416,mens,long,,,UNK
1,416,-,space,,,space
1,416,ae,long,,,UNK
1,416,gra,short,,,short
1,416,-,space,,,space
1,416,tan,long,,,long
1,416,tis,long,,,UNK
1,416,-,space,,,space
1,416,at,long,,,long
1,416,que,elision,,,elision
1,416,-,space,,,space
1,416,in,short,,,short
1,416,hor,long,,,long
1,416,res,long,,,UNK
1,416,cit,long,,,long
1,416,-,space,,,space
1,416,ma,short,,,short
1,416,lis,long,,,UNK
1,416,-,space,,,space
1,417,ex,short,,,UNK
1,417,pro,long,,,long
1,417,me,short,,,short
1,417,-,space,,,space
1,417,cla,long,,,long
1,417,des,long,,,UNK
1,417,-,space,,,space
1,417,sci,long,,,long
1,417,re,short,,,short
1,417,-,space,,,space
1,417,qui,long,,,long
1,417,-,space,,,space
1,417,re,short,,,short
1,417,fu,short,,,short
1,417,git,long,,,long
1,417,-,space,,,space
1,417,su,short,,,short
1,417,as,long,,,UNK
1,417,-,space,,,space
1,418,gra,short,,,UNK
1,418,vat,long,,,long
1,418,-,space,,,space
1,418,ti,short,,,short
1,418,mo,long,,,long
1,418,rem,short,,,UNK
1,418,-,space,,,space
1,418,du,short,,,short
1,418,bi,short,,,short
1,418,a,short,,,short
1,418,-,space,,,space
1,418,plus,long,,,long
1,418,-,space,,,space
1,418,tor,short,,,UNK
1,418,quent,long,,,long
1,418,-,space,,,space
1,418,ma,short,,,short
1,418,la,short,,,UNK
1,418,-,space,,,space
1,419,ut,short,,,UNK
1,419,-,space,,,space
1,419,per,long,,,long
1,419,ga,short,,,short
1,419,mum,elision,,,elision
1,419,-,space,,,space
1,419,om,long,,,long
1,419,ne,short,,,UNK
1,419,-,space,,,space
1,419,do,long,,,long
1,419,ri,short,,,short
1,419,ca,short,,,short
1,419,-,space,,,space
1,419,ce,short,,,short
1,419,ci,short,,,UNK
1,419,dit,long,,,long
1,419,-,space,,,space
1,419,fa,short,,,short
1,419,ce,short,,,UNK
1,419,-,space,,,space
1,420,di,long,,,UNK
1,420,vi,long,,,long
1,420,sa,short,,,short
1,420,-,space,,,space
1,420,prae,long,,,UNK
1,420,da,elision,,,elision
1,420,-,space,,,space
1,420,est,short,,,UNK
1,420,-,space,,,space
1,420,ma,short,,,short
1,420,ri,short,,,short
1,420,a,short,,,short
1,420,-,space,,,space
1,420,pro,short,,,short
1,420,pe,short,,,short
1,420,ran,short,,,UNK
1,420,tes,long,,,long
1,420,-,space,,,space
1,420,pe,short,,,short
1,420,tunt,short,,,UNK
1,420,-,space,,,space
1,421,ne,short,,,UNK
1,421,glec,long,,,long
1,421,ta,short,,,short
1,421,-,space,,,space
1,421,sum,long,,,long
1,421,mas,long,,,UNK
1,421,-,space,,,space
1,421,scu,long,,,long
1,421,ta,short,,,short
1,421,-,space,,,space
1,421,per,long,,,long
1,421,-,space,,,space
1,421,pup,short,,,UNK
1,421,pes,long,,,long
1,421,-,space,,,space
1,421,ia,short,,,short
1,421,cent,short,,,UNK
1,421,-,space,,,space
1,422,ad,short,,,UNK
1,422,-,space,,,space
1,422,mi,long,,,long
1,422,li,short,,,short
1,422,ta,long,,,long
1,422,res,long,,,UNK
1,422,-,space,,,space
1,422,re,long,,,long
1,422,mus,short,,,short
1,422,-,space,,,space
1,422,ap,long,,,long
1,422,ta,long,,,UNK
1,422,tur,long,,,long
1,422,-,space,,,space
1,422,ma,short,,,short
1,422,nus,short,,,UNK
1,422,-,space,,,space
1,423,om,short,,,UNK
1,423,nis,long,,,long
1,423,que,short,,,short
1,423,-,space,,,space
1,423,ni,short,,,short
1,423,mi,short,,,short
1,423,um,short,,,UNK
1,423,-,space,,,space
1,423,lon,long,,,long
1,423,ga,short,,,short
1,423,-,space,,,space
1,423,pro,short,,,short
1,423,pe,short,,,short
1,423,ran,long,,,UNK
1,423,ti,long,,,long
1,423,-,space,,,space
1,423,mo,short,,,short
1,423,ra,elision,,,elision
1,423,-,space,,,space
1,423,est,short,,,UNK
1,423,-,space,,,space
1,424,sig,short,,,UNK
1,424,num,long,,,long
1,424,-,space,,,space
1,424,re,short,,,short
1,424,cur,long,,,long
1,424,sus,short,,,UNK
1,424,-,space,,,space
1,424,re,long,,,long
1,424,gi,short,,,short
1,424,a,elision,,,elision
1,424,-,space,,,space
1,424,ut,long,,,long
1,424,-,space,,,space
1,424,ful,short,,,UNK
1,424,sit,long,,,long
1,424,-,space,,,space
1,424,ra,short,,,short
1,424,te,short,,,UNK
1,424,-,space,,,space
1,425,et,short,,,UNK
1,425,-,space,,,space
1,425,cla,long,,,long
1,425,ra,short,,,short
1,425,-,space,,,space
1,425,lae,long,,,UNK
1,425,tum,short,,,UNK
1,425,-,space,,,space
1,425,re,long,,,long
1,425,mi,short,,,short
1,425,gem,long,,,long
1,425,-,space,,,space
1,425,mo,short,,,short
1,425,nu,short,,,short
1,425,it,long,,,long
1,425,-,space,,,space
1,425,tu,short,,,short
1,425,ba,short,,,UNK
1,425,-,space,,,space
1,426,au,long,,,UNK
1,426,ra,long,,,long
1,426,ta,short,,,short
1,426,-,space,,,space
1,426,pri,long,,,long
1,426,mas,long,,,UNK
1,426,-,space,,,space
1,426,pro,long,,,long
1,426,ra,short,,,short
1,426,-,space,,,space
1,426,de,long,,,long
1,426,sig,short,,,UNK
1,426,nat,long,,,long
1,426,-,space,,,space
1,426,vi,short,,,short
1,426,as,long,,,UNK
1,426,-,space,,,space
1,427,a,short,,,short
1,427,pe,short,,,short
1,427,rit,long,,,long
1,427,que,short,,,short
1,427,-,space,,,space
1,427,cur,long,,,long
1,427,sus,short,?,nom s right?,UNK
1,427,-,space,,,space
1,427,mil,long,,,long
1,427,le,short,,,short
1,427,-,space,,,space
1,427,quos,long,,,long
1,427,-,space,,,space
1,427,pup,short,,,UNK
1,427,pes,long,,,long
1,427,-,space,,,space
1,427,se,short,,,short
1,427,cent,short,,,UNK
1,427,-,space,,,space
1,428,hinc,short,,,UNK
1,428,-,space,,,space
1,428,au,long,,,UNK
1,428,ra,short,,,short
1,428,-,space,,,space
1,428,pri,long,,,long
1,428,mo,long,,,UNK
1,428,-,space,,,space
1,428,le,long,,,long
1,428,nis,short,,,short
1,428,-,space,,,space
1,428,im,long,,,long
1,428,pel,short,,,UNK
1,428,lit,long,,,long
1,428,-,space,,,space
1,428,ra,short,,,short
1,428,tes,long,,,UNK
1,428,-,space,,,space
1,429,ad,short,,,UNK
1,429,lap,long,,,long
1,429,sa,short,,,short
1,429,-,space,,,space
1,429,ve,long,,,long
1,429,lis,long,,,UNK
1,429,-,space,,,space
1,429,un,long,,,long
1,429,da,short,,,short
1,429,-,space,,,space
1,429,vix,long,,,long
1,429,-,space,,,space
1,429,ac,long,,,UNK
1,429,tu,long,,,long
1,429,-,space,,,space
1,429,le,short,,,short
1,429,vi,long,,,UNK
1,429,-,space,,,space
1,430,splen,short,,,UNK
1,430,det,long,,,long
1,430,que,short,,,short
1,430,-,space,,,space
1,430,clas,long,,,long
1,430,se,short,,,UNK
1,430,-,space,,,space
1,430,pe,short,,,short
1,430,la,short,,,short
1,430,gus,short,,,short
1,430,-,space,,,space
1,430,et,long,,,long
1,430,-,space,,,space
1,430,pa,short,,,short
1,430,ri,short,,,short
1,430,ter,long,,,long
1,430,-,space,,,space
1,430,la,short,,,short
1,430,tet,short,,,UNK
1,430,-,space,,,space
1,431,iu,short,,,UNK
1,431,vat,long,,,long
1,431,-,space,,,space
1,431,vi,short,,,short
1,431,de,long,,,long
1,431,re,short,,,UNK
1,431,-,space,,,space
1,431,nu,long,,,long
1,431,da,short,,,short
1,431,-,space,,,space
1,431,tro,long,,,long
1,431,iae,long,,,UNK
1,431,-,space,,,space
1,431,li,long,,,long
1,431,to,short,,,short
1,431,ra,short,,,UNK
1,431,-,space,,,space
1,432,iu,short,,,UNK
1,432,vat,long,,,long
1,432,-,space,,,space
1,432,re,short,,,short
1,432,lic,long,,,long
1,432,ti,long,,,UNK
1,432,-,space,,,space
1,432,so,long,,,long
1,432,la,short,,,short
1,432,-,space,,,space
1,432,si,long,,,long
1,432,gei,long,,,UNK
1,432,-,space,,,space
1,432,lo,short,,,short
1,432,ca,short,,,UNK
1,432,-,space,,,space
1,433,pro,short,,,short
1,433,pe,short,,,short
1,433,rat,long,,,long
1,433,-,space,,,space
1,433,iu,short,,,short
1,433,ven,long,,,long
1,433,tus,short,,,UNK
1,433,-,space,,,space
1,433,om,long,,,long
1,433,nis,short,,,short
1,433,-,space,,,space
1,433,ad,long,,,long
1,433,duc,short,,,UNK
1,433,tos,long,,,long
1,433,-,space,,,space
1,433,si,short,,,short
1,433,mul,short,,,UNK
1,433,-,space,,,space
1,434,len,short,,,UNK
1,434,ta,long,,,long
1,434,re,short,,,short
1,434,-,space,,,space
1,434,re,long,,,long
1,434,mos,long,,,UNK
1,434,-,space,,,space
1,434,ad,long,,,long
1,434,iu,short,,,short
1,434,vat,long,,,long
1,434,-,space,,,space
1,434,ven,short,,,UNK
1,434,tos,long,,,long
1,434,-,space,,,space
1,434,ma,short,,,short
1,434,nu,long,,,UNK
1,434,-,space,,,space
1,435,et,short,,,UNK
1,435,-,space,,,space
1,435,va,short,,,short
1,435,li,short,,,short
1,435,da,short,,,short
1,435,-,space,,,space
1,435,ni,long,,,long
1,435,su,long,,,UNK
1,435,-,space,,,space
1,435,brac,long,?,syllable?,long
1,435,chi,short,,,short
1,435,a,elision,,,elision
1,435,-,space,,,space
1,435,al,long,,,long
1,435,ter,short,,,UNK
1,435,no,long,,,long
1,435,-,space,,,space
1,435,mo,short,,,short
1,435,vet,short,,,UNK
1,435,-,space,,,space
1,436,di,short,,,short
1,436,ri,short,,,short
1,436,munt,long,,,long
1,436,que,short,,,short
1,436,-,space,,,space
1,436,ca,long,,,long
1,436,nae,long,,,UNK
1,436,-,space,,,space
1,436,cae,long,,,UNK
1,436,ru,short,,,short
1,436,lum,long,,,long
1,436,-,space,,,space
1,436,spu,long,,,UNK
1,436,mae,long,,,UNK
1,436,-,space,,,space
1,436,ma,short,,,short
1,436,re,short,,,UNK
1,436,-,space,,,space
1,437,ut,short,,,UNK
1,437,-,space,,,space
1,437,au,long,,,UNK
1,437,ra,short,,,short
1,437,-,space,,,space
1,437,ple,long,,,long
1,437,nos,long,,,UNK
1,437,-,space,,,space
1,437,for,long,,,long
1,437,ti,short,,,short
1,437,or,long,,,long
1,437,-,space,,,space
1,437,ten,short,,,UNK
1,437,dit,long,,,long
1,437,-,space,,,space
1,437,si,short,,,short
1,437,nus,short,,,UNK
1,437,-,space,,,space
1,438,po,short,,,short
1,438,su,short,,,short
1,438,e,long,,,long
1,438,re,short,,,short
1,438,-,space,,,space
1,438,ton,long,,,long
1,438,sas,long,,,UNK
1,438,-,space,,,space
1,438,cre,long,,,long
1,438,di,short,,,short
1,438,ta,elision,,,elision
1,438,-,space,,,space
1,438,est,long,,,long
1,438,-,space,,,space
1,438,ven,short,,,UNK
1,438,to,long,,,long
1,438,-,space,,,space
1,438,ra,short,,,short
1,438,tis,short,?,nom right?,UNK
1,438,-,space,,,space
1,439,fu,long,,,UNK
1,439,sus,long,,,long
1,439,que,short,,,short
1,439,-,space,,,space
1,439,tran,long,,,long
1,439,stris,long,?,syllable?,UNK
1,439,-,space,,,space
1,439,mi,long,,,long
1,439,les,short,,,short
1,439,-,space,,,space
1,439,aut,long,?,diphthong?,UNK
1,439,-,space,,,space
1,439,ter,short,,,UNK
1,439,ras,long,,,long
1,439,-,space,,,space
1,439,pro,short,,,short
1,439,cul,short,,,UNK
1,439,-,space,,,space
1,440,quan,short,,,UNK
1,440,tum,long,,,long
1,440,-,space,,,space
1,440,re,short,,,short
1,440,ce,long,,,long
1,440,dunt,short,,,UNK
1,440,-,space,,,space
1,440,ve,long,,,long
1,440,la,short,,,short
1,440,-,space,,,space
1,440,fu,short,,,short
1,440,gi,short,,,short
1,440,en,short,,,UNK
1,440,tes,long,,,long
1,440,-,space,,,space
1,440,no,short,,,short
1,440,tat,short,,,UNK
1,440,-,space,,,space
1,441,aut,short,?,,UNK
1,441,-,space,,,space
1,441,bel,long,,,long
1,441,la,short,,,short
1,441,-,space,,,space
1,441,nar,long,,,long
1,441,rat,short,,,UNK
1,441,-,space,,,space
1,441,hec,long,,,long
1,441,to,short,,,short
1,441,ris,long,,,long
1,441,-,space,,,space
1,441,for,short,,,UNK
1,441,tis,long,,,long
1,441,-,space,,,space
1,441,mi,short,,,short
1,441,nas,long,,,UNK
1,441,-,space,,,space
1,442,cur,short,,,UNK
1,442,rus,long,,,long
1,442,que,elision,,,elision
1,442,-,space,,,space
1,442,et,short,,,short
1,442,-,space,,,space
1,442,emp,long,?,syllable?,long
1,442,to,long,,,UNK
1,442,-,space,,,space
1,442,red,long,,,long
1,442,di,short,,,short
1,442,tum,long,,,long
1,442,-,space,,,space
1,442,cor,short,,,UNK
1,442,pus,long,,,long
1,442,-,space,,,space
1,442,ro,short,,,short
1,442,go,long,,,UNK
1,442,-,space,,,space
1,443,spar,short,,,UNK
1,443,sum,long,,,long
1,443,-,space,,,space
1,443,cru,short,,,short
1,443,o,long,,,long
1,443,re,short,,,UNK
1,443,-,space,,,space
1,443,re,long,,,long
1,443,gis,short,,,short
1,443,-,space,,,space
1,443,her,long,,,long
1,443,ce,short,?,no wikitionary entry,UNK
1,443,um,long,,,long
1,443,-,space,,,space
1,443,io,short,,,short
1,443,vem,short,,,UNK
1,443,-,space,,,space
1,444,tunc,short,,,UNK
1,444,-,space,,,space
1,444,qui,long,,,long
1,444,-,space,,,space
1,444,ia,short,,,short
1,444,cen,long,,,long
1,444,te,short,,,UNK
1,444,-,space,,,space
1,444,re,short,,,short
1,444,ci,short,,,short
1,444,pro,short,,,short
1,444,cus,long,,,long
1,444,-,space,,,space
1,444,lu,long,,,UNK
1,444,dit,long,,,long
1,444,-,space,,,space
1,444,sa,short,,,short
1,444,lo,long,,,UNK
1,444,-,space,,,space
1,445,tu,short,,,short
1,445,mi,short,,,short
1,445,dum,long,,,long
1,445,que,short,,,short
1,445,-,space,,,space
1,445,pan,long,,,long
1,445,do,long,,,UNK
1,445,-,space,,,space
1,445,tran,long,,,long
1,445,si,short,,,short
1,445,lit,long,,,long
1,445,-,space,,,space
1,445,dor,short,,,UNK
1,445,so,long,,,long
1,445,-,space,,,space
1,445,ma,short,,,short
1,445,re,short,,,UNK
1,445,-,space,,,space
1,446,tyr,short,,,UNK
1,446,rhe,long,,,long
1,446,nus,short,,,short
1,446,-,space,,,space
1,446,om,long,,,long
1,446,ni,short,,,UNK
1,446,-,space,,,space
1,446,pis,long,,,long
1,446,cis,short,,,short
1,446,-,space,,,space
1,446,ex,long,,,long
1,446,ul,short,,,UNK
1,446,tat,long,,,long
1,446,-,space,,,space
1,446,fre,short,,,short
1,446,to,long,,,UNK
1,446,-,space,,,space
1,447,a,short,,,short
1,447,gi,short,,,short
1,447,tat,long,,,long
1,447,que,short,,,short
1,447,-,space,,,space
1,447,gy,long,,,long
1,447,ros,long,,,UNK
1,447,-,space,,,space
1,447,et,long,,,long
1,447,-,space,,,space
1,447,co,short,,,short
1,447,mes,long,,,long
1,447,-,space,,,space
1,447,la,short,,,short
1,447,te,short,,,short
1,447,ri,elision,,,elision
1,447,-,space,,,space
1,447,ad,long,,,long
1,447,na,short,,,short
1,447,tat,short,,,UNK
1,447,-,space,,,space
1,448,an,short,,,UNK
1,448,tei,long,,,long
1,448,re,short,,,short
1,448,-,space,,,space
1,448,na,long,,,long
1,448,ves,long,,,UNK
1,448,-,space,,,space
1,448,lae,long,,,UNK
1,448,tus,short,,,short
1,448,-,space,,,space
1,448,et,long,,,long
1,448,-,space,,,space
1,448,rur,long,,,UNK
1,448,sus,long,,,long
1,448,-,space,,,space
1,448,se,short,,,short
1,448,qui,long,,,UNK
1,448,-,space,,,space
1,449,nunc,short,,,UNK
1,449,-,space,,,space
1,449,pri,long,,,long
1,449,ma,short,,,short
1,449,-,space,,,space
1,449,tan,long,,,long
1,449,gens,long,,,UNK
1,449,-,space,,,space
1,449,ros,long,,,long
1,449,tra,short,,,short
1,449,-,space,,,space
1,449,las,long,,,long
1,449,ci,long,,,UNK
1,449,vit,long,,,long
1,449,-,space,,,space
1,449,cho,short,,,short
1,449,rus,short,,,UNK
1,449,-,space,,,space
1,450,mil,long,,,UNK
1,450,le,long,,,long
1,450,si,short,,,short
1,450,mam,long,,,long
1,450,-,space,,,space
1,450,nunc,short,,,UNK
1,450,-,space,,,space
1,450,am,long,,,long
1,450,bit,short,,,short
1,450,-,space,,,space
1,450,et,long,,,long
1,450,-,space,,,space
1,450,lus,long,,,UNK
1,450,trat,long,,,long
1,450,-,space,,,space
1,450,ra,short,,,short
1,450,tem,short,,,UNK
1,451,iam,short,,,UNK
1,451,-,space,,,space
1,451,li,long,,,long
1,451,tus,short,,,short
1,451,-,space,,,space
1,451,om,long,,,long
1,451,ne,short,,,UNK
1,451,-,space,,,space
1,451,te,short,,,short
1,451,gi,short,,,short
1,451,tur,short,,,short
1,451,-,space,,,space
1,451,et,long,,,long
1,451,-,space,,,space
1,451,cam,short,,,UNK
1,451,pi,long,,,long
1,451,-,space,,,space
1,451,la,short,,,short
1,451,tent,short,,,UNK
1,451,-,space,,,space
1,452,et,short,,,UNK
1,452,-,space,,,space
1,452,du,short,,,short
1,452,bi,short,,,short
1,452,a,short,,,short
1,452,-,space,,,space
1,452,pe,short,,,short
1,452,re,short,,,short
1,452,unt,short,,,UNK
1,452,-,space,,,space
1,452,mon,long,,,long
1,452,tis,short,,,short
1,452,-,space,,,space
1,452,i,long,,,long
1,452,dae,long,,,UNK
1,452,i,long,,,long
1,452,-,space,,,space
1,452,iu,short,,,short
1,452,ga,short,,,UNK
1,452,-,space,,,space
1,453,et,short,,,UNK
1,453,-,space,,,space
1,453,vix,long,,,long
1,453,-,space,,,space
1,453,quod,short,,,short
1,453,-,space,,,space
1,453,u,long,,,long
1,453,num,short,,,UNK
1,453,-,space,,,space
1,453,per,long,,,long
1,453,vi,short,,,short
1,453,cax,long,,,long
1,453,-,space,,,space
1,453,a,short,,,short
1,453,ci,short,,,short
1,453,es,long,,,long
1,453,-,space,,,space
1,453,vi,short,,,short
1,453,det,short,,,UNK
1,453,-,space,,,space
1,454,i,long,,,UNK
1,454,li,short,,,short
1,454,a,short,,,short
1,454,cus,short,,,short
1,454,-,space,,,space
1,454,a,long,,,long
1,454,tra,long,?,ablative?,UNK
1,454,-,space,,,space
1,454,fu,long,,,long
1,454,mus,short,,,short
1,454,-,space,,,space
1,454,ap,long,,,long
1,454,pa,long,,,UNK
1,454,ret,long,,,long
1,454,-,space,,,space
1,454,no,short,,,short
1,454,ta,long,?,ablative?,UNK
1,454,-,space,,,space
1,455,iam,short,,,UNK
1,455,-,space,,,space
1,455,las,long,,,long
1,455,sa,short,,,short
1,455,-,space,,,space
1,455,ti,long,,,long
1,455,tan,long,?,Pinkster says long,UNK
1,455,-,space,,,space
1,455,col,long,,,long
1,455,la,short,,,short
1,455,-,space,,,space
1,455,re,short,,,short
1,455,le,short,,,short
1,455,va,long,,,UNK
1,455,bat,long,,,long
1,455,-,space,,,space
1,455,iu,short,,,short
1,455,go,long,,,UNK
1,455,-,space,,,space
1,456,in,short,,,UNK
1,456,-,space,,,space
1,456,as,long,,,long
1,456,tra,short,,,short
1,456,-,space,,,space
1,456,iam,long,,,long
1,456,-,space,,,space
1,456,lux,long,,,UNK
1,456,-,space,,,space
1,456,pro,long,,,long
1,456,na,short,,,short
1,456,-,space,,,space
1,456,iam,long,,,long
1,456,-,space,,,space
1,456,prae,long,,,UNK
1,456,ceps,long,,,long
1,456,di,short,,,short
1,456,es,long,,,UNK
1,456,-,space,,,space
1,457,ex,short,,,UNK
1,457,i,short,,,short
1,457,gu,short,,,short
1,457,a,short,,,short
1,457,-,space,,,space
1,457,nu,long,,,long
1,457,bes,long,,,UNK
1,457,-,space,,,space
1,457,sor,long,,,long
1,457,di,short,,,short
1,457,do,long,,,long
1,457,-,space,,,space
1,457,cres,long,,,UNK
1,457,cens,long,,,long
1,457,-,space,,,space
1,457,glo,short,,,short
1,457,bo,long,,,UNK
1,457,-,space,,,space
1,458,ni,short,,,short
1,458,ti,short,,,short
1,458,dum,long,,,long
1,458,-,space,,,space
1,458,ca,short,,,short
1,458,den,long,,,long
1,458,tis,short,,,UNK
1,458,-,space,,,space
1,458,in,long,,,long
1,458,qui,short,,,short
1,458,nat,long,,,long
1,458,-,space,,,space
1,458,phoe,long,?,diphthong?,UNK
1,458,bi,long,,,long
1,458,-,space,,,space
1,458,iu,short,,,short
1,458,bar,short,,,UNK
1,458,-,space,,,space
1,459,sus,short,,,UNK
1,459,pec,long,,,long
1,459,ta,short,,,short
1,459,-,space,,,space
1,459,va,short,,,short
1,459,ri,short,,,short
1,459,us,short,,,UNK
1,459,-,space,,,space
1,459,oc,long,,,long
1,459,ci,short,,,short
1,459,dens,long,,,long
1,459,-,space,,,space
1,459,fe,long,,,UNK
1,459,cit,long,,,long
1,459,-,space,,,space
1,459,fre,short,,,short
1,459,ta,short,,,UNK
1,459,-,space,,,space
1,460,nox,short,,,UNK
1,460,-,space,,,space
1,460,pri,long,,,long
1,460,ma,short,,,short
1,460,-,space,,,space
1,460,cae,long,,,UNK
1,460,lum,short,,,UNK
1,460,-,space,,,space
1,460,spar,long,,,long
1,460,se,short,,,short
1,460,rat,long,,,long
1,460,-,space,,,space
1,460,stel,long,,,UNK
1,460,lis,long,,,long
1,460,-,space,,,space
1,460,ia,short,,,short
1,460,cent,short,,,UNK
1,460,-,space,,,space
1,461,de,long,,,UNK
1,461,ser,long,,,long
1,461,ta,short,,,short
1,461,-,space,,,space
1,461,ven,long,,,long
1,461,to,long,,,UNK
1,461,-,space,,,space
1,461,ve,long,,,long
1,461,la,short,,,short
1,461,-,space,,,space
1,461,tum,long,,,long
1,461,-,space,,,space
1,461,mur,short,,,UNK
1,461,mur,long,,,long
1,461,-,space,,,space
1,461,gra,short,,,short
1,461,ve,short,,,UNK
1,461,-,space,,,space
1,462,ma,long,,,UNK
1,462,io,long,,,long
1,462,ra,short,,,short
1,462,-,space,,,space
1,462,mi,short,,,short
1,462,ni,short,,,short
1,462,tans,long,,,UNK
1,462,-,space,,,space
1,462,col,long,,,long
1,462,li,short,,,short
1,462,bus,long,,,long
1,462,-,space,,,space
1,462,sum,short,,,UNK
1,462,mis,long,,,long
1,462,-,space,,,space
1,462,ca,short,,,short
1,462,dit,short,,,UNK
1,462,-,space,,,space
1,463,trac,short,,,UNK
1,463,tu,long,,,long
1,463,que,short,,,short
1,463,-,space,,,space
1,463,lon,long,,,long
1,463,go,long,,,UNK
1,463,-,space,,,space
1,463,li,long,,,long
1,463,tus,short,,,short
1,463,-,space,,,space
1,463,ac,long,,,long
1,463,-,space,,,space
1,463,pe,short,,,UNK
1,463,trae,long,,,UNK
1,463,-,space,,,space
1,463,ge,short,,,short
1,463,munt,short,,,UNK
1,463,-,space,,,space
1,464,a,short,,,short
1,464,gi,short,,,short
1,464,ta,long,,,long
1,464,ta,short,,,short
1,464,-,space,,,space
1,464,ven,long,,,long
1,464,tis,long,,,UNK
1,464,-,space,,,space
1,464,un,long,,,long
1,464,da,short,,,short
1,464,-,space,,,space
1,464,ven,long,,,long
1,464,tu,long,,,UNK
1,464,ris,long,,,long
1,464,-,space,,,space
1,464,tu,short,,,short
1,464,met,short,,,UNK
1,464,-,space,,,space
1,465,nec,short,,,UNK
1,465,-,space,,,space
1,465,u,long,,,long
1,465,na,short,,,short
1,465,-,space,,,space
1,465,nox,long,,,long
1,465,-,space,,,space
1,465,est,short,,,UNK
1,465,-,space,,,space
1,465,den,long,,,long
1,465,sa,short,,,short
1,465,-,space,,,space
1,465,te,short,,,short
1,465,ne,short,,,short
1,465,bras,long,,,UNK
1,465,-,space,,,space
1,465,ob,long,,,long
1,465,ru,short,,,short
1,465,it,short,,,UNK
1,465,-,space,,,space
1,466,ca,long,,,UNK
1,466,li,long,,,long
1,466,go,elision,,,elision
1,466,-,space,,,space
1,466,et,short,,,short
1,466,-,space,,,space
1,466,om,long,,,long
1,466,ni,long,,,UNK
1,466,-,space,,,space
1,466,lu,long,,,long
1,466,ce,short,,,short
1,466,-,space,,,space
1,466,sub,long,,,long
1,466,duc,short,,,UNK
1,466,ta,long,,,long
1,466,-,space,,,space
1,466,fre,short,,,short
1,466,tum,short,,,UNK
1,466,-,space,,,space
1,467,cae,long,,,UNK
1,467,lum,long,,,long
1,467,que,short,,,short
1,467,-,space,,,space
1,467,mis,long,,,long
1,467,cet,short,,,UNK
1,467,-,space,,,space
1,467,un,long,,,long
1,467,di,short,,,short
1,467,que,elision,,,elision
1,467,-,space,,,space
1,467,in,long,,,long
1,467,cum,short,,,UNK
1,467,bunt,long,,,long
1,467,-,space,,,space
1,467,si,short,,,short
1,467,mul,short,,,UNK
1,467,-,space,,,space
1,468,ra,short,,,short
1,468,pi,short,,,short
1,468,unt,long,,,long
1,468,que,short,,,short
1,468,-,space,,,space
1,468,pe,short,,,short
1,468,la,short,,,short
1,468,gus,short,,,UNK
1,468,-,space,,,space
1,468,in,long,,,long
1,468,fi,short,,,short
1,468,mo,elision,,,elision
1,468,-,space,,,space
1,468,e,long,,,long
1,468,ver,short,,,UNK
1,468,sum,long,,,long
1,468,-,space,,,space
1,468,so,short,,,short
1,468,lo,long,,,UNK
1,468,-,space,,,space
1,469,ad,short,,,UNK
1,469,ver,long,,,long
1,469,sus,short,,,short
1,469,-,space,,,space
1,469,eu,short,,,short
1,469,ro,short,,,short
1,469,-,space,,,space
1,469,zep,short,,,short
1,469,hy,short,,,short
1,469,rus,short,,,short
1,469,-,space,,,space
1,469,et,long,,,long
1,469,-,space,,,space
1,469,bo,short,,,short
1,469,re,short,,,short
1,469,ae,long,,,UNK
1,469,-,space,,,space
1,469,no,short,,,short
1,469,tus,short,?,name? Wind?,UNK
1,469,-,space,,,space
1,470,su,short,,,short
1,470,a,short,,,short
1,470,-,space,,,space
1,470,quis,long,,,long
1,470,que,short,,,short
1,470,-,space,,,space
1,470,mit,long,,,long
1,470,tunt,short,,,UNK
1,470,-,space,,,space
1,470,te,long,,,long
1,470,la,elision,,,elision
1,470,-,space,,,space
1,470,et,short,,,short
1,470,-,space,,,space
1,470,in,long,,,long
1,470,fes,short,,,UNK
1,470,ti,long,,,long
1,470,-,space,,,space
1,470,fre,short,,,short
1,470,tum,short,,,UNK
1,470,-,space,,,space
1,471,e,long,,,UNK
1,471,mo,long,,,long
1,471,li,short,,,short
1,471,un,long,,,long
1,471,tur,short,,,UNK
1,471,-,space,,,space
1,471,tur,long,,,long
1,471,bo,short,,,short
1,471,-,space,,,space
1,471,con,long,,,long
1,471,vo,short,,,UNK
1,471,lit,long,,,long
1,471,-,space,,,space
1,471,ma,short,,,short
1,471,re,short,,,UNK
1,471,-,space,,,space
1,472,li,short,,,short
1,472,by,short,,,short
1,472,cus,long,,,long
1,472,-,space,,,space
1,472,que,elision,,,elision
1,472,ha,short,,,short
1,472,re,long,,,long
1,472,nas,long,,,UNK
1,472,-,space,,,space
1,472,aus,long,,,UNK
1,472,ter,short,,,short
1,472,-,space,,,space
1,472,ac,long,,,long
1,472,-,space,,,space
1,472,syr,short,,,UNK
1,472,tes,long,,,long
1,472,-,space,,,space
1,472,a,short,,,short
1,472,git,short,,,UNK
1,472,-,space,,,space
1,473,nec,short,,,UNK
1,473,-,space,,,space
1,473,ma,short,,,short
1,473,net,short,,,short
1,473,-,space,,,space
1,473,in,short,,,short
1,473,-,space,,,space
1,473,aus,long,,,UNK
1,473,tro,long,,,UNK
1,473,-,space,,,space
1,473,fit,long,,,long
1,473,gra,short,,,short
1,473,vis,long,,,long
1,473,-,space,,,space
1,473,nim,short,,,UNK
1,473,bis,long,,,long
1,473,-,space,,,space
1,473,no,short,,,short
1,473,tus,short,,,UNK
1,473,-,space,,,space
1,474,im,short,,,UNK
1,474,bre,elision,,,elision
1,474,-,space,,,space
1,474,au,long,,,UNK
1,474,get,short,,,short
1,474,-,space,,,space
1,474,un,long,,,long
1,474,das,long,,,UNK
1,474,-,space,,,space
1,474,eu,long,,,long
1,474,rus,short,,,short
1,474,-,space,,,space
1,474,o,short,,,short
1,474,ri,short,,,short
1,474,en,short,,,UNK
1,474,tem,long,,,long
1,474,-,space,,,space
1,474,mo,short,,,short
1,474,vet,short,,,UNK
1,474,-,space,,,space
1,475,na,short,,,short
1,475,ba,short,,,short
1,475,tae,long,,,UNK
1,475,a,short,,,short
1,475,-,space,,,space
1,475,qua,short,,,short
1,475,ti,short,,,short
1,475,ens,long,,,UNK
1,475,-,space,,,space
1,475,reg,long,,,long
1,475,na,elision,,,elision
1,475,-,space,,,space
1,475,et,short,,,short
1,475,-,space,,,space
1,475,e,long,,,long
1,475,o,short,?,,UNK
1,475,os,long,,,long
1,475,-,space,,,space
1,475,si,short,,,short
1,475,nus,short,,,UNK
1,475,-,space,,,space
1,476,quid,short,,,UNK
1,476,ra,short,,,short
1,476,bi,short,,,short
1,476,dus,short,,,short
1,476,-,space,,,space
1,476,o,long,,,long
1,476,ra,long,?,Plural accusative?,UNK
1,476,-,space,,,space
1,476,co,long,,,long
1,476,rus,short,,,short
1,476,-,space,,,space
1,476,o,long,,,long
1,476,ce,short,,,short
1,476,a,short,,,short
1,476,no,elision,,,elision
1,476,-,space,,,space
1,476,ex,long,,,long
1,476,e,short,,,short
1,476,rens,long,,,UNK
1,476,-,space,,,space
1,477,mun,short,,,UNK
1,477,dum,long,,,long
1,477,-,space,,,space
1,477,re,short,,,short
1,477,vel,long,,,long
1,477,li,long,,,UNK
1,477,-,space,,,space
1,477,se,long,,,long
1,477,di,short,,,short
1,477,bus,long,,,long
1,477,-,space,,,space
1,477,to,long,,,UNK
1,477,tum,long,,,long
1,477,-,space,,,space
1,477,su,short,,,short
1,477,is,long,,,UNK
1,477,-,space,,,space
1,478,ip,short,,,UNK
1,478,sos,long,,,long
1,478,que,short,,,short
1,478,-,space,,,space
1,478,rup,long,,,long
1,478,to,long,,,UNK
1,478,-,space,,,space
1,478,cre,long,,,long
1,478,de,short,,,short
1,478,res,long,,,long
1,478,-,space,,,space
1,478,cae,long,,,UNK
1,478,lo,long,,,long
1,478,-,space,,,space
1,478,de,short,,,short
1,478,os,long,,,UNK
1,478,-,space,,,space
1,479,de,long,,,UNK
1,479,ci,short,,,short
1,479,de,short,,,short
1,479,re,elision,,,elision
1,479,-,space,,,space
1,479,et,short,,,short
1,479,-,space,,,space
1,479,a,long,,,long
1,479,trum,short,,,UNK
1,479,-,space,,,space
1,479,re,long,,,long
1,479,bus,short,,,short
1,479,-,space,,,space
1,479,in,long,,,long
1,479,-,space,,,space
1,479,du,long,,,UNK
1,479,ci,long,,,long
1,479,-,space,,,space
1,479,cha,short,,,short
1,479,os,short,,,UNK
1,479,-,space,,,space
1,480,ven,short,,,UNK
1,480,to,long,,,long
1,480,-,space,,,space
1,480,re,short,,,short
1,480,sis,long,,,long
1,480,tit,short,,,UNK
1,480,-,space,,,space
1,480,aes,long,,,UNK
1,480,tus,short,,,short
1,480,-,space,,,space
1,480,et,long,,,long
1,480,-,space,,,space
1,480,ven,short,,,UNK
1,480,tus,long,,,long
1,480,-,space,,,space
1,480,re,short,,,short
1,480,tro,long,,,UNK
1,480,-,space,,,space
1,481,aes,long,,,UNK
1,481,tum,long,,,long
1,481,-,space,,,space
1,481,re,short,,,short
1,481,vo,long,,,long
1,481,lit,short,,,UNK
1,481,-,space,,,space
1,481,non,long,,,long
1,481,-,space,,,space
1,481,ca,short,,,short
1,481,pit,long,,,long
1,481,-,space,,,space
1,481,se,long,,,UNK
1,481,se,long,,,long
1,481,-,space,,,space
1,481,ma,short,,,short
1,481,re,short,,,UNK
1,481,-,space,,,space
1,482,in,short,,,UNK
1,482,-,space,,,space
1,482,as,long,,,long
1,482,tra,short,,,short
1,482,-,space,,,space
1,482,pon,long,,,long
1,482,tus,short,,,UNK
1,482,-,space,,,space
1,482,tol,long,,,long
1,482,li,short,,,short
1,482,tur,long,,,long
1,482,-,space,,,space
1,482,cae,long,,,UNK
1,482,lum,long,,,long
1,482,-,space,,,space
1,482,pe,short,,,short
1,482,rit,short,,,UNK
1,482,-,space,,,space
1,483,un,short,,,UNK
1,483,das,long,,,long
1,483,que,short,,,short
1,483,-,space,,,space
1,483,mis,long,,,long
1,483,cent,short,,,UNK
1,483,-,space,,,space
1,483,im,long,,,long
1,483,ber,short,,,short
1,483,-,space,,,space
1,483,et,long,,,long
1,483,-,space,,,space
1,483,fluc,long,,,UNK
1,483,tus,long,,,long
1,483,-,space,,,space
1,483,su,short,,,short
1,483,as,long,,,UNK
1,483,-,space,,,space
1,484,nec,short,,,UNK
1,484,-,space,,,space
1,484,hoc,long,,,long
1,484,-,space,,,space
1,484,le,short,,,short
1,484,va,long,,,long
1,484,men,short,,,UNK
1,484,-,space,,,space
1,484,de,long,,,long
1,484,ni,short,,,short
1,484,que,elision,,,elision
1,484,-,space,,,space
1,484,ae,long,,,UNK
1,484,rum,short,,,UNK
1,484,nis,long,,,long
1,484,-,space,,,space
1,484,da,short,,,short
1,484,tur,short,,,UNK
1,484,-,space,,,space
1,485,pre,short,,,UNK
1,485,munt,long,,,long
1,485,-,space,,,space
1,485,te,short,,,short
1,485,ne,long,,,long
1,485,brae,long,,,UNK
1,485,-,space,,,space
1,485,lu,long,,,long
1,485,mi,short,,,short
1,485,na,elision,,,elision
1,485,-,space,,,space
1,485,et,long,,,long
1,485,-,space,,,space
1,485,di,long,,,UNK
1,485,rae,long,,,UNK
1,485,-,space,,,space
1,485,sty,short,,,short
1,485,gis,short,,,UNK
1,485,-,space,,,space
1,486,in,long,,,UNK
1,486,fer,long,,,long
1,486,na,short,,,short
1,486,-,space,,,space
1,486,nox,long,,,long
1,486,-,space,,,space
1,486,est,short,,,UNK
1,486,-,space,,,space
1,486,ex,long,,,long
1,486,ci,short,,,short
1,486,dunt,long,,,long
1,486,-,space,,,space
1,486,ig,short,,,UNK
1,486,nes,long,,,long
1,486,-,space,,,space
1,486,ta,short,,,short
1,486,men,short,,,UNK
1,486,-,space,,,space
1,487,et,short,,,UNK
1,487,-,space,,,space
1,487,nu,long,,,long
1,487,be,short,,,short
1,487,-,space,,,space
1,487,di,long,,,long
1,487,rum,short,,,UNK
1,487,-,space,,,space
1,487,ful,long,,,long
1,487,men,short,,,short
1,487,-,space,,,space
1,487,e,long,,,long
1,487,li,long,,,UNK
1,487,sa,long,,,long
1,487,-,space,,,space
1,487,mi,short,,,short
1,487,cat,short,,,UNK
1,487,-,space,,,space
1,488,mi,short,,,short
1,488,se,short,,,short
1,488,ris,long,,,long
1,488,que,short,,,short
1,488,-,space,,,space
1,488,lu,long,,,long
1,488,cis,short,,,UNK
1,488,-,space,,,space
1,488,tan,long,,,long
1,488,ta,short,,,short
1,488,-,space,,,space
1,488,dul,long,,,long
1,488,ce,short,,,UNK
1,488,do,elision,,,elision
1,488,-,space,,,space
1,488,est,long,,,long
1,488,-,space,,,space
1,488,ma,short,,,short
1,488,lae,long,,,UNK
1,488,-,space,,,space
1,489,hoc,short,,,UNK
1,489,-,space,,,space
1,489,lu,long,,,long
1,489,men,short,,,short
1,489,-,space,,,space
1,489,op,long,,,long
1,489,tant,short,,,UNK
1,489,-,space,,,space
1,489,ip,long,,,long
1,489,sa,short,,,short
1,489,-,space,,,space
1,489,se,long,,,long
1,489,-,space,,,space
1,489,clas,short,,,UNK
1,489,sis,long,,,long
1,489,-,space,,,space
1,489,pre,short,,,short
1,489,mit,short,,,UNK
1,489,-,space,,,space
1,490,il,short,,,UNK
1,490,lam,long,,,long
1,490,-,space,,,space
1,490,de,short,,,short
1,490,his,long,,,long
1,490,cens,long,,,UNK
1,490,-,space,,,space
1,490,pon,long,,,long
1,490,tus,short,,,short
1,490,-,space,,,space
1,490,in,long,,,long
1,490,-,space,,,space
1,490,prae,long,,,UNK
1,490,ceps,long,,,long
1,490,-,space,,,space
1,490,ra,short,,,short
1,490,pit,short,,,UNK
1,490,-,space,,,space
1,491,hau,long,,,UNK
1,491,rit,long,,,long
1,491,que,elision,,,elision
1,491,-,space,,,space
1,491,et,short,,,short
1,491,-,space,,,space
1,491,al,long,,,long
1,491,to,long,,,UNK
1,491,-,space,,,space
1,491,red,long,,,long
1,491,di,short,,,short
1,491,tam,long,,,long
1,491,-,space,,,space
1,491,re,short,,,short
1,491,vo,short,,,short
1,491,mit,long,,,long
1,491,-,space,,,space
1,491,ma,short,,,short
1,491,ri,long,,,UNK
1,491,-,space,,,space
1,492,haec,long,?,diphthong?,UNK
1,492,-,space,,,space
1,492,o,short,,,short
1,492,ne,short,,,short
1,492,re,short,,,short
1,492,-,space,,,space
1,492,si,long,,,long
1,492,dit,short,,,UNK
1,492,-,space,,,space
1,492,il,long,,,long
1,492,la,short,,,short
1,492,-,space,,,space
1,492,con,long,,,long
1,492,vul,short,,,UNK
1,492,sum,long,,,long
1,492,-,space,,,space
1,492,la,short,,,short
1,492,tus,short,,,UNK
1,492,-,space,,,space
1,493,sub,short,,,UNK
1,493,mit,long,,,long
1,493,tit,short,,,short
1,493,-,space,,,space
1,493,un,long,,,long
1,493,dis,long,,,UNK
1,493,-,space,,,space
1,493,fluc,long,,,long
1,493,tus,short,,,short
1,493,-,space,,,space
1,493,hanc,long,,,long
1,493,-,space,,,space
1,493,de,short,,,short
1,493,ci,short,,,short
1,493,mus,long,,,long
1,493,-,space,,,space
1,493,te,short,,,short
1,493,git,short,?,diphthong?,UNK
1,493,-,space,,,space
1,494,haec,long,?,diphthong?,UNK
1,494,-,space,,,space
1,494,la,short,,,short
1,494,ce,short,,,short
1,494,ra,elision,,,elision
1,494,-,space,,,space
1,494,et,short,,,short
1,494,-,space,,,space
1,494,om,long,,,long
1,494,ni,long,,,UNK
1,494,-,space,,,space
1,494,de,short,,,short
1,494,co,short,,,short
1,494,re,short,,,short
1,494,-,space,,,space
1,494,po,short,,,short
1,494,pu,short,,,short
1,494,la,long,,,UNK
1,494,to,long,,,long
1,494,-,space,,,space
1,494,le,short,,,short
1,494,vis,short,?,nom?,UNK
1,494,-,space,,,space
1,495,flu,short,,,short
1,495,i,short,,,short
1,495,tat,long,,,long
1,495,-,space,,,space
1,495,nec,short,,,short
1,495,-,space,,,space
1,495,il,long,,,long
1,495,li,short,?,adverb?,UNK
1,495,-,space,,,space
1,495,ve,long,,,long
1,495,la,short,,,short
1,495,-,space,,,space
1,495,nec,long,,,long
1,495,-,space,,,space
1,495,ton,long,,,UNK
1,495,sae,long,,,UNK
1,495,-,space,,,space
1,495,ma,short,,,short
1,495,nent,short,,,UNK
1,495,-,space,,,space
1,496,nec,short,,,UNK
1,496,-,space,,,space
1,496,rec,long,,,long
1,496,tus,short,,,short
1,496,-,space,,,space
1,496,al,long,,,long
1,496,tas,long,,,UNK
1,496,-,space,,,space
1,496,ma,long,,,long
1,496,lus,short,,,short
1,496,-,space,,,space
1,496,an,long,,,long
1,496,tem,short,,,UNK
1,496,nas,long,,,long
1,496,-,space,,,space
1,496,fe,short,,,short
1,496,rens,long,,,UNK
1,496,-,space,,,space
1,497,nil,long,,,UNK
1,497,-,space,,,space
1,497,ra,short,,,short
1,497,ti,short,,,short
1,497,o,elision,,,elision
1,497,-,space,,,space
1,497,et,short,,,short
1,497,-,space,,,space
1,497,u,long,,,long
1,497,sus,short,,,UNK
1,497,-,space,,,space
1,497,au,long,,,UNK
1,497,det,short,,,short
1,497,-,space,,,space
1,497,ars,long,,,long
1,497,-,space,,,space
1,497,ces,short,,,UNK
1,497,sit,long,,,long
1,497,-,space,,,space
1,497,ma,short,,,short
1,497,lis,long,,,UNK
1,497,-,space,,,space
1,498,te,short,,,short
1,498,net,short,,,short
1,498,-,space,,,space
1,498,hor,long,,,long
1,498,ror,short,,,short
1,498,-,space,,,space
1,498,ar,long,,,long
1,498,tus,short,,,UNK
1,498,-,space,,,space
1,498,om,long,,,long
1,498,nis,short,,,short
1,498,-,space,,,space
1,498,of,long,,,long
1,498,fi,short,,,short
1,498,ci,short,,,short
1,498,o,long,,,long
1,498,-,space,,,space
1,498,stu,short,,,short
1,498,pet,short,,,UNK
1,498,-,space,,,space
1,499,na,long,,,UNK
1,499,vi,short,,,short
1,499,ta,short,,,short
1,499,-,space,,,space
1,499,re,short,,,short
1,499,lic,long,,,long
1,499,to,long,,,UNK
1,499,-,space,,,space
1,499,re,long,,,long
1,499,mus,short,,,short
1,499,-,space,,,space
1,499,ef,long,,,long
1,499,fu,short,,,UNK
1,499,git,long,,,long
1,499,-,space,,,space
1,499,ma,short,,,short
1,499,nus,short,,,UNK
1,499,-,space,,,space
1,500,in,short,,,UNK
1,500,-,space,,,space
1,500,vo,long,,,long
1,500,ta,short,,,short
1,500,-,space,,,space
1,500,mi,short,,,short
1,500,se,short,,,short
1,500,ros,long,,,UNK
1,500,-,space,,,space
1,500,ul,long,,,long
1,500,ti,short,,,short
1,500,mus,long,,,long
1,500,-,space,,,space
1,500,co,long,,,UNK
1,500,git,long,,,long
1,500,-,space,,,space
1,500,ti,short,,,short
1,500,mor,short,,,UNK
1,500,-,space,,,space
1,501,e,short,,,short
1,501,a,short,,,short
1,501,dem,long,,,long
1,501,que,short,,,short
1,501,-,space,,,space
1,501,su,short,,,short
1,501,pe,short,,,short
1,501,ros,long,,,UNK
1,501,-,space,,,space
1,501,tro,long,,,long
1,501,es,short,,,short
1,501,-,space,,,space
1,501,et,long,,,long
1,501,-,space,,,space
1,501,da,short,,,short
1,501,na,short,,,short
1,501,i,long,,,long
1,501,-,space,,,space
1,501,ro,short,,,short
1,501,gant,short,,,UNK
1,501,-,space,,,space
1,502,quid,short,,,UNK
1,502,fa,long,,,long
1,502,ta,short,,,short
1,502,-,space,,,space
1,502,pos,long,,,long
1,502,sunt,short,,,UNK
1,502,-,space,,,space
1,502,in,long,,,long
1,502,vi,short,,,short
1,502,det,long,,,long
1,502,-,space,,,space
1,502,pyr,short,,,UNK
1,502,rhus,long,,,long
1,502,-,space,,,space
1,502,pa,short,,,short
1,502,tri,long,,,UNK
1,502,-,space,,,space
1,503,a,short,,,UNK
1,503,ia,long,,,long
1,503,ci,elision,,,elision
1,503,-,space,,,space
1,503,u,short,,,short
1,503,li,long,,,long
1,503,xes,long,?,long?,UNK
1,503,-,space,,,space
1,503,hec,long,,,long
1,503,to,short,,,short
1,503,ri,elision,,,elision
1,503,-,space,,,space
1,503,a,long,,,long
1,503,tri,short,?,short?,UNK
1,503,des,long,,,long
1,503,-,space,,,space
1,503,mi,short,,,short
1,503,nor,short,,,UNK
1,503,-,space,,,space
1,504,a,short,,,short
1,504,ga,short,,,short
1,504,mem,long,,,long
1,504,no,short,,,short
1,504,-,space,,,space
1,504,pri,short,,,short
1,504,a,short,,,short
1,504,mo,long,,,UNK
1,504,-,space,,,space
1,504,quis,long,,,long
1,504,quis,short,,,short
1,504,-,space,,,space
1,504,ad,long,,,long
1,504,-,space,,,space
1,504,tro,short,?,troia syllabification?,UNK
1,504,iam,long,,,long
1,504,-,space,,,space
1,504,ia,short,,,short
1,504,cet,short,,,UNK
1,504,-,space,,,space
1,505,fe,long,,,UNK
1,505,lix,long,,,long
1,505,-,space,,,space
1,505,vo,short,,,short
1,505,ca,long,,,long
1,505,tur,short,,,UNK
1,505,-,space,,,space
1,505,ca,short,,,short
1,505,de,short,,,short
1,505,re,short,,,short
1,505,-,space,,,space
1,505,qui,long,,,long
1,505,-,space,,,space
1,505,me,short,,,short
1,505,ru,short,,,short
1,505,it,long,,,long
1,505,-,space,,,space
1,505,gra,short,,,short
1,505,du,long,,,UNK
1,505,-,space,,,space
1,506,quem,short,,,UNK
1,506,-,space,,,space
1,506,fa,long,,,long
1,506,ma,short,,,short
1,506,-,space,,,space
1,506,se,long,,,long
1,506,vat,short,,,UNK
1,506,-,space,,,space
1,506,vic,long,,,long
1,506,ta,short,,,short
1,506,-,space,,,space
1,506,quem,long,,,long
1,506,-,space,,,space
1,506,tel,short,,,UNK
1,506,lus,long,?,I scanned most -us as short.,long
1,506,-,space,,,space
1,506,te,short,,,short
1,506,git,short,,,UNK
1,506,-,space,,,space
1,507,nil,short,,,UNK
1,507,-,space,,,space
1,507,no,long,,,long
1,507,bi,short,,,short
1,507,le,elision,,,elision
1,507,-,space,,,space
1,507,au,long,,,UNK
1,507,sos,long,,,UNK
1,507,-,space,,,space
1,507,pon,long,,,long
1,507,tus,short,,,short
1,507,-,space,,,space
1,507,at,long,,,long
1,507,que,elision,,,elision
1,507,-,space,,,space
1,507,un,short,,,UNK
1,507,dae,long,,,UNK
1,507,-,space,,,space
1,507,fe,short,,,short
1,507,rent,short,,,UNK
1,507,-,space,,,space
1,508,ig,short,,,UNK
1,508,na,long,,,long
1,508,va,short,,,short
1,508,-,space,,,space
1,508,for,long,,,long
1,508,tes,long,,,UNK
1,508,-,space,,,space
1,508,fa,long,,,long
1,508,ta,short,,,short
1,508,-,space,,,space
1,508,con,long,,,long
1,508,su,long,,,UNK
1,508,ment,long,,,long
1,508,-,space,,,space
1,508,vi,short,,,short
1,508,ros,long,,,UNK
1,508,-,space,,,space
1,509,per,short,,,UNK
1,509,den,long,,,long
1,509,da,short,,,short
1,509,-,space,,,space
1,509,mors,long,,,long
1,509,-,space,,,space
1,509,est,short,,,UNK
1,509,-,space,,,space
1,509,quis,long,,,long
1,509,quis,short,,,short
1,509,-,space,,,space
1,509,es,long,,,long
1,509,-,space,,,space
1,509,non,long,,,UNK
1,509,dum,long,,,long
1,509,-,space,,,space
1,509,ma,short,,,short
1,509,lis,long,,,UNK
1,509,-,space,,,space
1,510,sa,short,,,short
1,510,ti,short,,,short
1,510,a,long,,,long
1,510,te,short,,,short
1,510,-,space,,,space
1,510,tan,long,,,long
1,510,tis,long,,,UNK
1,510,-,space,,,space
1,510,cae,long,,,UNK
1,510,li,short,,,short
1,510,tum,long,,,long
1,510,-,space,,,space
1,510,tan,short,,,UNK
1,510,dem,long,,,long
1,510,-,space,,,space
1,510,tu,short,,,short
1,510,um,short,,,UNK
1,510,-,space,,,space
1,511,nu,long,,,UNK
1,511,men,long,,,long
1,511,-,space,,,space
1,511,se,short,,,short
1,511,re,long,,,long
1,511,na,short,,,UNK
1,511,-,space,,,space
1,511,cla,long,,,long
1,511,di,short,,,short
1,511,bus,long,,,long
1,511,-,space,,,space
1,511,nos,short,,,UNK
1,511,tris,long,,,long
1,511,-,space,,,space
1,511,da,short,,,short
1,511,ret,short,,,UNK
1,511,-,space,,,space
1,512,vel,short,,,UNK
1,512,tro,long,,,long
1,512,ia,short,,,short
1,512,-,space,,,space
1,512,la,short,,,short
1,512,cri,short,,,short
1,512,mas,long,,,UNK
1,512,-,space,,,space
1,512,o,short,,,short
1,512,di,short,,,short
1,512,a,short,,,short
1,512,-,space,,,space
1,512,si,long,,,long
1,512,-,space,,,space
1,512,du,long,,,UNK
1,512,rant,long,,,long
1,512,-,space,,,space
1,512,tu,short,,,short
1,512,a,short,,,UNK
1,512,-,space,,,space
1,513,pla,short,,,UNK
1,513,cet,long,,,long
1,513,que,short,,,short
1,513,-,space,,,space
1,513,mit,long,,,long
1,513,ti,long,,,UNK
1,513,-,space,,,space
1,513,do,long,,,long
1,513,ri,short,,,short
1,513,cum,elision,,,elision
1,513,-,space,,,space
1,513,ex,long,,,long
1,513,i,short,,,short
1,513,ti,short,,,short
1,513,o,long,,,long
1,513,-,space,,,space
1,513,ge,short,,,short
1,513,nus,long,,,UNK
1,513,-,space,,,space
1,514,quid,short,,,UNK
1,514,-,space,,,space
1,514,hos,long,,,long
1,514,-,space,,,space
1,514,si,short,,,short
1,514,mul,long,,,long
1,514,-,space,,,space
1,514,pe,short,,,UNK
1,514,ri,long,,,long
1,514,re,short,,,short
1,514,-,space,,,space
1,514,no,long,,,long
1,514,bis,long,,,UNK
1,514,cum,long,,,long
1,514,-,space,,,space
1,514,iu,short,,,short
1,514,vat,short,,,UNK
1,514,-,space,,,space
1,515,qui,short,,,UNK
1,515,bus,long,,,long
1,515,-,space,,,space
1,515,pe,short,,,short
1,515,ri,long,,,long
1,515,mus,short,,,UNK
1,515,-,space,,,space
1,515,sis,long,,,long
1,515,ti,short,,,short
1,515,te,elision,,,elision
1,515,-,space,,,space
1,515,in,long,,,long
1,515,fes,long,,,UNK
1,515,tum,long,,,long
1,515,-,space,,,space
1,515,ma,short,,,short
1,515,re,short,,,UNK
1,515,-,space,,,space
1,516,ve,short,,,short
1,516,hit,short,,,short
1,516,-,space,,,space
1,516,is,long,,,long
1,516,ta,short,,,short
1,516,-,space,,,space
1,516,da,short,,,short
1,516,na,short,,,short
1,516,os,long,,,UNK
1,516,-,space,,,space
1,516,clas,long,,,long
1,516,sis,short,,,short
1,516,-,space,,,space
1,516,et,long,,,long
1,516,-,space,,,space
1,516,tro,long,,,UNK
1,516,as,long,,,long
1,516,-,space,,,space
1,516,ve,short,,,short
1,516,hit,short,,,UNK
1,516,-,space,,,space
1,517,nec,short,,,UNK
1,517,-,space,,,space
1,517,plu,long,,,long
1,517,ra,short,,,short
1,517,-,space,,,space
1,517,pos,long,,,long
1,517,sunt,short,,,UNK
1,517,-,space,,,space
1,517,oc,long,,,long
1,517,cu,short,,,short
1,517,pat,long,,,long
1,517,-,space,,,space
1,517,vo,long,,,UNK
1,517,cem,long,,,long
1,517,-,space,,,space
1,517,ma,short,,,short
1,517,re,short,,,UNK
1,517,-,space,,,space
1,518,ec,short,,,UNK
1,518,ce,elision,,,elision
1,518,-,space,,,space
1,518,a,short,,,short
1,518,li,short,,,short
1,518,a,short,,,short
1,518,-,space,,,space
1,518,cla,long,,,long
1,518,des,long,,,UNK
1,518,-,space,,,space
1,518,ful,long,,,long
1,518,mi,short,,,short
1,518,ne,elision,,,elision
1,518,-,space,,,space
1,518,i,long,,,long
1,518,ra,long,,,UNK
1,518,ti,long,,,long
1,518,-,space,,,space
1,518,io,short,,,short
1,518,vis,short,,,UNK
1,518,-,space,,,space
1,519,ar,short,,,UNK
1,519,ma,long,,,long
1,519,ta,short,,,short
1,519,-,space,,,space
1,519,pal,long,,,long
1,519,las,long,?,Greek?,UNK
1,519,-,space,,,space
1,519,quid,long,,,long
1,519,quid,short,,,short
1,519,-,space,,,space
1,519,aut,long,?,,UNK
1,519,-,space,,,space
1,519,has,short,,,UNK
1,519,ta,long,,,long
1,519,-,space,,,space
1,519,mi,short,,,short
1,519,nax,long,,,UNK
1,519,-,space,,,space
1,520,aut,long,?,,UNK
1,520,-,space,,,space
1,520,ae,long,,,UNK
1,520,gi,short,,,short
1,520,de,elision,,,elision
1,520,-,space,,,space
1,520,et,long,,,long
1,520,-,space,,,space
1,520,fu,short,,,UNK
1,520,ro,long,,,long
1,520,re,short,,,short
1,520,-,space,,,space
1,520,gor,long,,,long
1,520,go,short,,,short
1,520,ne,short,,,short
1,520,o,long,,,long
1,520,-,space,,,space
1,520,po,short,,,short
1,520,test,short,,,UNK
1,520,-,space,,,space
1,521,hoc,long,?,abl?,UNK
1,521,-,space,,,space
1,521,ig,long,,,long
1,521,ne,short,,,short
1,521,-,space,,,space
1,521,pa,short,,,short
1,521,tri,short,,,short
1,521,o,long,,,UNK
1,521,-,space,,,space
1,521,temp,long,,,long
1,521,tat,short,,,short
1,521,-,space,,,space
1,521,et,long,,,long
1,521,-,space,,,space
1,521,cae,long,,,UNK
1,521,lo,long,,,long
1,521,-,space,,,space
1,521,no,short,,,short
1,521,vae,long,,,UNK
1,521,-,space,,,space
1,522,spi,long,,,UNK
1,522,rant,long,,,long
1,522,-,space,,,space
1,522,pro,short,,,short
1,522,cel,long,,,long
1,522,lae,long,,,UNK
1,522,-,space,,,space
1,522,so,long,,,long
1,522,lus,short,,,short
1,522,-,space,,,space
1,522,in,long,,,long
1,522,vic,short,,,UNK
1,522,tus,long,,,long
1,522,-,space,,,space
1,522,ma,short,,,short
1,522,lis,long,,,UNK
1,522,-,space,,,space
1,523,luc,long,,,UNK
1,523,ta,long,,,long
1,523,tur,short,,,short
1,523,-,space,,,space
1,523,a,long,,,long
1,523,iax,long,,,UNK
1,523,-,space,,,space
1,523,ve,long,,,long
1,523,la,short,,,short
1,523,-,space,,,space
1,523,co,long,,,long
1,523,gen,short,,,UNK
1,523,tem,elision,,,elision
1,523,-,space,,,space
1,523,hunc,long,,,long
1,523,su,short,,,short
1,523,a,short,?,not abl?,UNK
1,523,-,space,,,space
1,524,ten,short,?,tento?,UNK
1,524,to,long,,,long
1,524,-,space,,,space
1,524,ru,short,,,short
1,524,den,long,,,long
1,524,te,short,,,UNK
1,524,-,space,,,space
1,524,flam,long,,,long
1,524,ma,short,,,short
1,524,-,space,,,space
1,524,per,long,,,long
1,524,strin,long,,,UNK
1,524,xit,long,,,long
1,524,-,space,,,space
1,524,ca,short,,,short
1,524,dens,long,,,UNK
1,524,-,space,,,space
1,525,li,long,,,UNK
1,525,bra,long,,,long
1,525,tur,short,,,short
1,525,-,space,,,space
1,525,a,short,,,short
1,525,li,short,,,short
1,525,ud,short,,,UNK
1,525,-,space,,,space
1,525,ful,long,,,long
1,525,men,short,,,short
1,525,-,space,,,space
1,525,hoc,long,,,long
1,525,-,space,,,space
1,525,to,long,,,UNK
1,525,to,elision,,,elision
1,525,-,space,,,space
1,525,im,long,,,long
1,525,pe,short,,,short
1,525,tu,long,,,UNK
1,525,-,space,,,space
1,526,cer,short,,,UNK
1,526,tum,long,,,long
1,526,-,space,,,space
1,526,re,short,,,short
1,526,duc,long,,,long
1,526,ta,long,?,abl,UNK
1,526,-,space,,,space
1,526,pal,long,,,long
1,526,las,short,,,short
1,526,-,space,,,space
1,526,ex,long,,,long
1,526,cus,short,,,UNK
1,526,sit,long,,,long
1,526,-,space,,,space
1,526,ma,short,,,short
1,526,nu,long,,,UNK
1,526,-,space,,,space
1,527,i,short,,,short
1,527,mi,short,,,short
1,527,ta,long,,,long
1,527,ta,short,,,short
1,527,-,space,,,space
1,527,pa,long,,,long
1,527,trem,short,,,UNK
1,527,-,space,,,space
1,527,tran,long,,,long
1,527,sit,short,,,short
1,527,-,space,,,space
1,527,a,long,,,long
1,527,ia,long,,,UNK
1,527,cem,elision,,,elision
1,527,-,space,,,space
1,527,et,long,,,long
1,527,-,space,,,space
1,527,ra,short,,,short
1,527,tem,short,,,UNK
1,527,-,space,,,space
1,528,ra,short,,,UNK
1,528,tis,long,,,long
1,528,que,short,,,short
1,528,-,space,,,space
1,528,par,long,,,long
1,528,tem,short,,,UNK
1,528,-,space,,,space
1,528,se,long,,,long
1,528,cum,elision,,,elision
1,528,-,space,,,space
1,528,et,short,,,short
1,528,-,space,,,space
1,528,a,long,,,long
1,528,ia,long,,,UNK
1,528,cem,long,,,long
1,528,-,space,,,space
1,528,tu,short,,,short
1,528,lit,short,,,UNK
1,528,-,space,,,space
1,529,nil,long,,,UNK
1,529,-,space,,,space
1,529,il,long,,,long
1,529,le,short,,,short
1,529,-,space,,,space
1,529,mo,long,,,long
1,529,tus,short,,,UNK
1,529,-,space,,,space
1,529,ar,long,,,long
1,529,du,short,,,short
1,529,a,elision,,,elision
1,529,-,space,,,space
1,529,ut,long,,,long
1,529,-,space,,,space
1,529,cau,long,,,UNK
1,529,tes,long,,,long
1,529,-,space,,,space
1,529,sa,short,,,short
1,529,lo,long,,,UNK
1,529,-,space,,,space
1,530,am,short,,,UNK
1,530,bus,long,,,long
1,530,tus,short,,,short
1,530,-,space,,,space
1,530,ex,long,,,long
1,530,tat,short,,,UNK
1,530,-,space,,,space
1,530,di,short,,,short
1,530,ri,short,,,short
1,530,mit,short,,,short
1,530,-,space,,,space
1,530,in,long,,,long
1,530,sa,long,,,UNK
1,530,num,long,,,long
1,530,-,space,,,space
1,530,ma,short,,,short
1,530,re,short,,,UNK
1,530,-,space,,,space
1,531,fluc,long,,,UNK
1,531,tus,long,,,long
1,531,que,short,,,short
1,531,-,space,,,space
1,531,rum,long,,,long
1,531,pit,short,,,UNK
1,531,-,space,,,space
1,531,pec,long,,,long
1,531,to,short,,,short
1,531,re,elision,,,elision
1,531,-,space,,,space
1,531,et,long,,,long
1,531,-,space,,,space
1,531,na,long,,,UNK
1,531,vem,long,,,long
1,531,-,space,,,space
1,531,ma,short,,,short
1,531,nu,long,,,UNK
1,531,-,space,,,space
1,532,com,short,,,UNK
1,532,ple,long,,,long
1,532,xus,short,,,short
1,532,-,space,,,space
1,532,ig,long,,,long
1,532,nes,long,,,UNK
1,532,-,space,,,space
1,532,tra,long,,,long
1,532,xit,short,,,short
1,532,-,space,,,space
1,532,et,long,,,long
1,532,-,space,,,space
1,532,cae,long,,,UNK
1,532,co,long,,,long
1,532,-,space,,,space
1,532,ma,short,,,short
1,532,ri,long,,,UNK
1,532,-,space,,,space
1,533,con,short,,,UNK
1,533,lu,long,,,long
1,533,cet,short,,,short
1,533,-,space,,,space
1,533,a,long,,,long
1,533,iax,long,,,UNK
1,533,-,space,,,space
1,533,om,long,,,long
1,533,ne,short,,,short
1,533,-,space,,,space
1,533,re,long,,,long
1,533,splen,short,?,syllabification?,UNK
1,533,det,long,,,long
1,533,-,space,,,space
1,533,fre,short,,,short
1,533,tum,short,,,UNK
1,533,-,space,,,space
1,534,tan,short,,,UNK
1,534,dem,elision,,,elision
1,534,-,space,,,space
1,534,oc,long,,,long
1,534,cu,short,,,short
1,534,pa,long,,,long
1,534,ta,long,abl,,UNK
1,534,-,space,,,space
1,534,ru,long,,,long
1,534,pe,short,,,short
1,534,-,space,,,space
1,534,fu,short,,,short
1,534,ri,short,,,short
1,534,bun,short,,,UNK
1,534,dum,elision,,,elision
1,534,-,space,,,space
1,534,in,long,,,long
1,534,to,short,,,short
1,534,nat,short,,,UNK
1,534,-,space,,,space
1,535,su,short,,,short
1,535,pe,short,,,short
1,535,ras,long,,,long
1,535,se,short,,,short
1,535,-,space,,,space
1,535,nunc,long,,,long
1,535,-,space,,,space
1,535,pe,short,,,UNK
1,535,la,long,,,long
1,535,gus,short,,,short
1,535,-,space,,,space
1,535,at,long,,,long
1,535,que,elision,,,elision
1,535,-,space,,,space
1,535,ig,short,,,UNK
1,535,nes,long,,,long
1,535,-,space,,,space
1,535,iu,short,,,short
1,535,vat,short,,,UNK
1,535,-,space,,,space
1,536,vi,long,,,UNK
1,536,cis,long,,,long
1,536,se,short,,,short
1,536,-,space,,,space
1,536,cae,long,,,UNK
1,536,lum,short,,,UNK
1,536,-,space,,,space
1,536,pal,long,,,long
1,536,la,short,,,short
1,536,dem,long,,,long
1,536,-,space,,,space
1,536,ful,short,,,UNK
1,536,men,long,,,long
1,536,-,space,,,space
1,536,ma,short,,,short
1,536,re,short,,,UNK
1,536,-,space,,,space
1,537,non,long,,,UNK
1,537,-,space,,,space
1,537,me,long,,,long
1,537,-,space,,,space
1,537,fu,short,,,short
1,537,ga,long,,,long
1,537,vit,short,,,UNK
1,537,-,space,,,space
1,537,bel,long,,,long
1,537,li,short,,,short
1,537,ci,long,,,long
1,537,-,space,,,space
1,537,ter,short,,,UNK
1,537,ror,long,,,long
1,537,-,space,,,space
1,537,de,short,,,short
1,537,i,long,,,UNK
1,537,-,space,,,space
1,538,et,short,,,UNK
1,538,-,space,,,space
1,538,hec,long,,,long
1,538,to,short,,,short
1,538,rem,elision,,,elision
1,538,-,space,,,space
1,538,u,long,,,long
1,538,na,long,?,abl?,UNK
1,538,-,space,,,space
1,538,so,long,,,long
1,538,lus,short,,,short
1,538,-,space,,,space
1,538,et,long,,,long
1,538,-,space,,,space
1,538,mar,long,,,UNK
1,538,tem,long,,,long
1,538,-,space,,,space
1,538,tu,short,,,short
1,538,li,long,,,UNK
1,538,-,space,,,space
1,539,phoe,long,,,UNK
1,539,be,long,,,long
1,539,a,short,,,short
1,539,-,space,,,space
1,539,nec,long,,,long
1,539,-,space,,,space
1,539,me,long,,,UNK
1,539,-,space,,,space
1,539,te,long,,,long
1,539,la,short,,,short
1,539,-,space,,,space
1,539,pe,short,,,short
1,539,pu,short,,,short
1,539,le,long,,,UNK
1,539,runt,long,,,long
1,539,-,space,,,space
1,539,gra,short,,,short
1,539,du,long,,,UNK
1,539,-,space,,,space
1,540,cum,short,,,UNK
1,540,-,space,,,space
1,540,phry,short,,,short
1,540,gi,short,,,short
1,540,bus,short,,,short
1,540,-,space,,,space
1,540,is,long,,,long
1,540,tos,long,,,UNK
1,540,-,space,,,space
1,540,vi,long,,,long
1,540,ci,short,,,short
1,540,mus,long,,,long
1,540,-,space,,,space
1,540,te,short,,,UNK
1,540,ne,elision,,,elision
1,540,-,space,,,space
1,540,hor,long,,,long
1,540,re,short,,,short
1,540,am,short,,,UNK
1,540,-,space,,,space
1,541,a,short,,,short
1,541,li,short,,,short
1,541,e,long,,,long
1,541,na,elision,,,elision
1,541,-,space,,,space
1,541,in,short,,,short
1,541,er,long,,,long
1,541,ti,long,,,UNK
1,541,-,space,,,space
1,541,te,long,,,long
1,541,la,short,,,short
1,541,-,space,,,space
1,541,ia,short,,,short
1,541,cu,short,,,short
1,541,lan,short,,,UNK
1,541,tem,long,,,long
1,541,-,space,,,space
1,541,ma,short,,,short
1,541,nu,long,,,UNK
1,541,-,space,,,space
1,542,quid,short,,,UNK
1,542,-,space,,,space
1,542,si,elision,,,elision
1,542,-,space,,,space
1,542,ip,long,,,long
1,542,se,short,,,short
1,542,-,space,,,space
1,542,mit,long,,,long
1,542,tat,short,,,UNK
1,542,-,space,,,space
1,542,plu,long,,,long
1,542,ra,short,,,short
1,542,-,space,,,space
1,542,cum,elision,,,elision
1,542,-,space,,,space
1,542,au,long,,,UNK
1,542,de,long,,,UNK
1,542,ret,long,,,long
1,542,-,space,,,space
1,542,fu,short,,,short
1,542,rens,long,,,UNK
1,542,-,space,,,space
1,543,tri,short,,,UNK
1,543,den,long,,,long
1,543,te,short,,,short
1,543,-,space,,,space
1,543,ru,long,,,long
1,543,pem,short,,,UNK
1,543,-,space,,,space
1,543,sub,long,,,long
1,543,ru,short,,,short
1,543,it,long,,,long
1,543,-,space,,,space
1,543,pul,short,,,UNK
1,543,sam,long,,,long
1,543,-,space,,,space
1,543,pa,short,,,short
1,543,ter,short,,,UNK
1,543,-,space,,,space
1,544,nep,short,,,UNK
1,544,tu,long,,,long
1,544,nus,short,,,short
1,544,-,space,,,space
1,544,i,long,,,long
1,544,mis,long,,,UNK
1,544,-,space,,,space
1,544,ex,long,,,long
1,544,e,short,,,short
1,544,rens,long,,,long
1,544,-,space,,,space
1,544,un,short,,,UNK
1,544,dis,long,,,long
1,544,-,space,,,space
1,544,ca,short,,,short
1,544,put,short,,,UNK
1,544,-,space,,,space
1,545,sol,short,,,UNK
1,545,vit,long,,,long
1,545,que,short,,,short
1,545,-,space,,,space
1,545,mon,long,,,long
1,545,tem,short,,,UNK
1,545,-,space,,,space
1,545,quem,long,,,long
1,545,-,space,,,space
1,545,ca,short,,,short
1,545,dens,long,,,long
1,545,-,space,,,space
1,545,se,long,,,UNK
1,545,cum,long,,,long
1,545,-,space,,,space
1,545,tu,short,,,short
1,545,lit,short,,,UNK
1,545,-,space,,,space
1,546,ter,short,,,UNK
1,546,ra,long,,,long
1,546,que,elision,,,elision
1,546,-,space,,,space
1,546,et,short,,,short
1,546,-,space,,,space
1,546,ig,long,,,long
1,546,ne,short,,,UNK
1,546,-,space,,,space
1,546,vic,long,,,long
1,546,tus,short,,,short
1,546,-,space,,,space
1,546,et,long,,,long
1,546,-,space,,,space
1,546,pe,short,,,short
1,546,la,short,,,short
1,546,go,long,,,long
1,546,-,space,,,space
1,546,ia,short,,,short
1,546,cet,short,,,UNK
1,546,-,space,,,space
1,547,nos,long,,,UNK
1,547,-,space,,,space
1,547,a,short,,,short
1,547,li,short,,,short
1,547,a,short,,,short
1,547,-,space,,,space
1,547,ma,long,,,long
1,547,ior,short,,,UNK
1,547,-,space,,,space
1,547,nau,long,,,UNK
1,547,fra,short,,,short
1,547,gos,long,,,long
1,547,-,space,,,space
1,547,pes,short,,,UNK
1,547,tis,long,,,long
1,547,-,space,,,space
1,547,vo,short,,,short
1,547,cat,short,,,UNK
1,547,-,space,,,space
1,548,est,short,,,UNK
1,548,-,space,,,space
1,548,hu,short,,,short
1,548,mi,short,,,short
1,548,lis,short,,,short
1,548,-,space,,,space
1,548,un,long,,,long
1,548,da,short,nom,,UNK
1,548,-,space,,,space
1,548,scru,long,,,long
1,548,peis,short,,,short
1,548,-,space,,,space
1,548,men,short,,,UNK
1,548,dax,long,,,long
1,548,-,space,,,space
1,548,va,short,,,short
1,548,dis,long,,,UNK
1,548,-,space,,,space
1,549,u,short,,,short
1,549,bi,short,,,short
1,549,-,space,,,space
1,549,sa,long,,,long
1,549,xa,short,,,short
1,549,-,space,,,space
1,549,ra,short,,,short
1,549,pi,short,,,short
1,549,dis,long,,,UNK
1,549,-,space,,,space
1,549,clau,long,,,UNK
1,549,sa,short,,,short
1,549,-,space,,,space
1,549,ver,long,,,long
1,549,ti,short,,,short
1,549,ci,short,,,short
1,549,bus,long,,,long
1,549,-,space,,,space
1,549,te,short,,,short
1,549,git,long,,,UNK
1,549,-,space,,,space
1,550,fal,short,,,UNK
1,550,lax,long,,,long
1,550,-,space,,,space
1,550,cap,short,,,short
1,550,he,long,,,long
1,550,re,short,,,short
1,550,us,short,,,short
1,550,-,space,,,space
1,550,aes,long,,,UNK
1,550,tu,short,,,short
1,550,at,long,,,long
1,550,-,space,,,space
1,550,sco,short,,,short
1,550,pu,short,,,short
1,550,lis,long,,,long
1,550,-,space,,,space
1,550,fre,short,,,short
1,550,tum,short,,,UNK
1,550,-,space,,,space
1,551,fer,short,,,UNK
1,551,vet,long,,,long
1,551,que,short,,,short
1,551,-,space,,,space
1,551,sem,long,,,long
1,551,per,short,,,UNK
1,551,-,space,,,space
1,551,fluc,long,,,long
1,551,tus,short,,,short
1,551,-,space,,,space
1,551,al,long,,,long
1,551,ter,short,,,UNK
1,551,na,long,,,long
1,551,-,space,,,space
1,551,vi,short,,,short
1,551,ce,short,,,UNK
1,551,-,space,,,space
1,552,arx,short,,,UNK
1,552,-,space,,,space
1,552,im,long,,,long
1,552,mi,short,,,short
1,552,net,long,,,long
1,552,-,space,,,space
1,552,prae,long,,,UNK
1,552,rup,long,,,long
1,552,ta,short,,,short
1,552,-,space,,,space
1,552,quae,long,?,diphthong?,UNK
1,552,-,space,,,space
1,552,spec,short,,,UNK
1,552,tat,long,,,long
1,552,-,space,,,space
1,552,ma,short,,,short
1,552,re,short,,,UNK
1,552,-,space,,,space
1,553,u,short,,,UNK
1,553,trim,long,,,long
1,553,que,short,,,short
1,553,-,space,,,space
1,553,ge,short,,,short
1,553,mi,short,,,short
1,553,num,short,,,UNK
1,553,-,space,,,space
1,553,pe,short,,,short
1,553,lo,short,,,short
1,553,pis,short,,,short
1,553,-,space,,,space
1,553,hinc,long,,,long
1,553,-,space,,,space
1,553,o,long,,,UNK
1,553,ras,long,,,long
1,553,-,space,,,space
1,553,tu,short,,,short
1,553,i,long,,,UNK
1,553,-,space,,,space
1,554,hinc,short,,,UNK
1,554,-,space,,,space
1,554,sce,short,,,short
1,554,le,short,,,short
1,554,re,short,,,short
1,554,-,space,,,space
1,554,lem,long,,,long
1,554,-,space,,,space
1,554,non,short,,,UNK
1,554,no,long,,,long
1,554,bi,short,,,short
1,554,lem,elision,,,elision
1,554,-,space,,,space
1,554,hinc,long,,,long
1,554,-,space,,,space
1,554,an,short,,,UNK
1,554,the,long,,,long
1,554,do,short,,,short
1,554,na,short,?,Greek word?,UNK
1,554,-,space,,,space
1,555,tar,short,,,UNK
1,555,dam,long,,,long
1,555,que,short,,,short
1,555,-,space,,,space
1,555,ra,short,,,short
1,555,ti,short,,,short
1,555,bus,short,,,UNK
1,555,-,space,,,space
1,555,au,long,,,UNK
1,555,li,short,,,short
1,555,da,elision,,,elision
1,555,-,space,,,space
1,555,hanc,long,,,long
1,555,-,space,,,space
1,555,ar,short,,,UNK
1,555,cem,elision,,,elision
1,555,oc,long,,,long
1,555,cu,short,,,short
1,555,pat,short,,,UNK
1,555,-,space,,,space
1,556,pa,short,,,short
1,556,la,short,,,short
1,556,me,long,,,long
1,556,dis,short,,,short
1,556,-,space,,,space
1,556,il,long,,,long
1,556,le,short,,,UNK
1,556,-,space,,,space
1,556,ge,short,,,short
1,556,ni,short,,,short
1,556,tor,short,,,short
1,556,-,space,,,space
1,556,et,long,,,long
1,556,-,space,,,space
1,556,cla,long,,,UNK
1,556,rum,long,,,long
1,556,-,space,,,space
1,556,ma,short,,,short
1,556,nu,long,,,UNK
1,556,-,space,,,space
1,557,lu,long,,,UNK
1,557,men,long,,,long
1,557,-,space,,,space
1,557,ne,short,,,short
1,557,fan,long,,,long
1,557,da,long,abl,,UNK
1,557,-,space,,,space
1,557,ver,long,,,long
1,557,ti,short,,,short
1,557,ce,elision,,,elision
1,557,-,space,,,space
1,557,e,long,,,long
1,557,-,space,,,space
1,557,sum,short,,,UNK
1,557,mo,elision,,,elision
1,557,-,space,,,space
1,557,ef,long,,,long
1,557,fe,short,,,short
1,557,rens,long,,,UNK
1,557,-,space,,,space
1,558,in,short,,,UNK
1,558,-,space,,,space
1,558,sa,long,,,long
1,558,xa,short,,,short
1,558,-,space,,,space
1,558,du,long,,,long
1,558,cit,short,,,UNK
1,558,-,space,,,space
1,558,per,long,,,long
1,558,fi,short,,,short
1,558,da,long,,,long
1,558,-,space,,,space
1,558,clas,short,,,UNK
1,558,sem,long,,,long
1,558,-,space,,,space
1,558,fa,short,,,short
1,558,ce,short,,,UNK
1,558,-,space,,,space
1,559,hae,long,,,UNK
1,559,rent,long,,,long
1,559,-,space,,,space
1,559,a,short,,,short
1,559,cu,long,,,long
1,559,tis,long,,,UNK
1,559,-,space,,,space
1,559,ru,long,,,long
1,559,pi,short,,,short
1,559,bus,long,,,long
1,559,-,space,,,space
1,559,fi,long,,,UNK
1,559,xae,long,,,UNK
1,559,-,space,,,space
1,559,ra,short,,,short
1,559,tes,long,,,UNK
1,559,-,space,,,space
1,560,has,long,,,UNK
1,560,-,space,,,space
1,560,in,short,,,short
1,560,o,short,,,short
1,560,pis,short,,,short
1,560,-,space,,,space
1,560,un,long,,,long
1,560,dae,long,,,UNK
1,560,-,space,,,space
1,560,bre,short,,,short
1,560,vi,short,,,short
1,560,a,short,,,short
1,560,-,space,,,space
1,560,com,long,,,long
1,560,mi,short,,,short
1,560,nu,short,,,short
1,560,unt,long,,,long
1,560,-,space,,,space
1,560,va,short,,,short
1,560,da,short,,,UNK
1,560,-,space,,,space
1,561,pars,short,,,UNK
1,561,-,space,,,space
1,561,ve,short,,,short
1,561,hi,short,,,short
1,561,tur,short,,,short
1,561,-,space,,,space
1,561,hu,long,,,long
1,561,ius,short,?syllabification,,UNK
1,561,-,space,,,space
1,561,pri,long,,,long
1,561,ma,short,,,short
1,561,-,space,,,space
1,561,pars,long,,,long
1,561,-,space,,,space
1,561,sco,short,,,short
1,561,pu,short,,,short
1,561,lo,long,,,long
1,561,-,space,,,space
1,561,se,short,,,short
1,561,det,short,,,UNK
1,561,-,space,,,space
1,562,et,short,,,UNK
1,562,-,space,,,space
1,562,frac,long,,,long
1,562,ta,short,,,short
1,562,-,space,,,space
1,562,fran,long,,,long
1,562,git,short,,,UNK
1,562,-,space,,,space
1,562,iam,long,,,long
1,562,-,space,,,space
1,562,ti,short,,,short
1,562,ment,long,,,long
1,562,-,space,,,space
1,562,ter,short,,,UNK
1,562,ram,long,,,long
1,562,-,space,,,space
1,562,ra,short,,,short
1,562,tes,long,,,UNK
1,562,-,space,,,space
1,563,et,short,,,UNK
1,563,-,space,,,space
1,563,ma,short,,,short
1,563,ri,short,,,short
1,563,a,short,,,short
1,563,-,space,,,space
1,563,ma,long,,,long
1,563,lunt,short,,,UNK
1,563,-,space,,,space
1,563,ce,short,,,short
1,563,ci,short,,,short
1,563,dit,short,,,short
1,563,-,space,,,space
1,563,in,long,,,long
1,563,-,space,,,space
1,563,lu,long,,,UNK
1,563,cem,long,,,long
1,563,-,space,,,space
1,563,fu,short,,,short
1,563,ror,short,,,UNK
1,563,-,space,,,space
1,564,post,short,,,UNK
1,564,quam,long,,,long
1,564,-,space,,,space
1,564,li,short,,,short
1,564,ta,long,,,long
1,564,tum,elision,,,elision
1,564,-,space,,,space
1,564,est,short,,,UNK
1,564,-,space,,,space
1,564,i,long,,,long
1,564,li,short,,,short
1,564,o,long,,,long
1,564,-,space,,,space
1,564,phoe,long,,,UNK
1,564,bus,long,,,long
1,564,-,space,,,space
1,564,re,short,,,short
1,564,dit,short,,,UNK
1,564,-,space,,,space
1,565,et,short,,,UNK
1,565,-,space,,,space
1,565,dam,long,,,long
1,565,na,short,,,short
1,565,-,space,,,space
1,565,noc,long,,,long
1,565,tis,short,,,UNK
1,565,-,space,,,space
1,565,tris,long,,,long
1,565,tis,short,,,short
1,565,-,space,,,space
1,565,os,long,,,long
1,565,ten,short,,,UNK
1,565,dit,long,,,long
1,565,-,space,,,space
1,565,di,short,,,short
1,565,es,long,,,UNK
1,565,-,space,,,space
1,566,u,short,,,UNK
1,566,trum,long,,,long
1,566,que,short,,,short
1,566,-,space,,,space
1,566,do,short,,,short
1,566,le,short,,,short
1,566,am,short,,,UNK
1,566,-,space,,,space
1,566,lae,long,,,UNK
1,566,ter,short,,,short
1,566,-,space,,,space
1,566,an,long,,,long
1,566,-,space,,,space
1,566,re,short,,,short
1,566,du,short,,,short
1,566,cem,long,,,long
1,566,-,space,,,space
1,566,vi,short,,,short
1,566,rum,short,,,UNK
1,566,-,space,,,space
1,567,re,short,,,short
1,567,me,short,,,short
1,567,as,long,,,long
1,567,se,short,,,short
1,567,-,space,,,space
1,567,lae,long,,,UNK
1,567,tor,short,,,UNK
1,567,-,space,,,space
1,567,vul,long,,,long
1,567,nus,short,,,short
1,567,-,space,,,space
1,567,et,long,,,long
1,567,-,space,,,space
1,567,reg,long,,,UNK
1,567,ni,long,,,long
1,567,-,space,,,space
1,567,gra,short,,,short
1,567,ve,short,,,UNK
1,567,-,space,,,space
1,568,lu,long,,,UNK
1,568,ge,long,,,long
1,568,re,short,,,short
1,568,-,space,,,space
1,568,co,long,,,long
1,568,gor,short,,,UNK
1,568,-,space,,,space
1,568,red,long,,,long
1,568,de,short,,,short
1,568,-,space,,,space
1,568,iam,long,,,long
1,568,-,space,,,space
1,568,gra,long,?,Grai?,UNK
1,568,is,long,,,long
1,568,-,space,,,space
1,568,pa,short,,,short
1,568,ter,short,,,UNK
1,568,-,space,,,space
1,569,al,short,,,UNK
1,569,ti,short,,,short
1,569,so,short,,,short
1,569,na,short,,,short
1,569,-,space,,,space
1,569,qua,short,,,short
1,569,ti,short,,,short
1,569,ens,long,,,UNK
1,569,-,space,,,space
1,569,reg,long,,,long
1,569,na,short,,,short
1,569,-,space,,,space
1,569,pla,long,,,long
1,569,ca,long,,,UNK
1,569,tos,long,,,long
1,569,-,space,,,space
1,569,de,short,,,short
1,569,os,long,,,UNK
1,569,-,space,,,space
1,570,nunc,short,,,UNK
1,570,-,space,,,space
1,570,om,long,,,long
1,570,ne,short,,,short
1,570,-,space,,,space
1,570,lae,long,,,UNK
1,570,ta,short,,,UNK
1,570,-,space,,,space
1,570,fron,long,,,long
1,570,de,short,,,short
1,570,-,space,,,space
1,570,ve,long,,,long
1,570,le,long,,,UNK
1,570,tur,long,,,long
1,570,-,space,,,space
1,570,ca,short,,,short
1,570,put,short,,,UNK
1,570,-,space,,,space
1,571,sa,short,,,UNK
1,571,cri,short,,,short
1,571,fi,short,,,short
1,571,ca,short,,,short
1,571,-,space,,,space
1,571,dul,long,,,long
1,571,ces,long,,,UNK
1,571,-,space,,,space
1,571,ti,long,,,long
1,571,bi,short,,,short
1,571,a,elision,,,elision
1,571,-,space,,,space
1,571,ef,long,,,long
1,571,fun,short,,,UNK
1,571,dat,long,,,long
1,571,-,space,,,space
1,571,mo,short,,,short
1,571,dos,long,,,UNK
1,571,-,space,,,space
1,572,et,short,,,UNK
1,572,-,space,,,space
1,572,ni,short,,,short
1,572,ve,short,,,short
1,572,a,short,,,short
1,572,-,space,,,space
1,572,mag,long,,,long
1,572,nas,long,,,UNK
1,572,-,space,,,space
1,572,vic,long,,,long
1,572,ti,short,,,short
1,572,ma,elision,,,elision
1,572,-,space,,,space
1,572,an,long,,,long
1,572,te,elision,,,elision
1,572,-,space,,,space
1,572,a,long,,,UNK
1,572,ras,long,,,long
1,572,-,space,,,space
1,572,ca,short,,,short
1,572,dat,short,,,UNK
1,572,-,space,,,space
1,573,sed,long,long,,UNK
1,573,-,space,,,space
1,573,ec,long,,,long
1,573,ce,short,,,short
1,573,-,space,,,space
1,573,tur,long,,,long
1,573,ba,short,,,UNK
1,573,-,space,,,space
1,573,tris,long,,,long
1,573,tis,short,,,short
1,573,-,space,,,space
1,573,in,long,,,long
1,573,comp,long,?,syllabification?,UNK
1,573,tae,long,,,UNK
1,573,-,space,,,space
1,573,co,short,,,short
1,573,mas,long,,,UNK
1,573,-,space,,,space
1,574,ef,short,,,UNK
1,574,fre,long,,,long
1,574,na,short,,,short
1,574,-,space,,,space
1,574,phoe,long,,,UNK
1,574,bas,long,,,UNK
1,574,-,space,,,space
1,574,en,long,,,long
1,574,the,short,,,short
1,574,as,long,,,long
1,574,-,space,,,space
1,574,lau,long,,,UNK
1,574,rus,long,,,long
1,574,-,space,,,space
1,574,qua,short,,,short
1,574,tit,short,,,UNK
1,100,ra,short,,,
1,100,tis,long,,,
1,100,-,space,,,
1,100,ui,short,,,
1,100,de,long,,,
1,100,re,short,,,
1,100,-,space,,,
1,100,so,short,,,
1,100,ci,short,,,
1,100,a,short,,,
1,100,-,space,,,
1,100,non,long,,,
1,100,-,space,,,
1,100,po,short,,,
1,100,tu,short,,,
1,100,it,long,,,
1,100,-,space,,,
1,100,ra,short,,,
1,100,tem,short,,,
1,101,mis,long,,,
1,101,ce,long,,,
1,101,re,short,,,
1,101,-,space,,,
1,101,lae,long,,,
1,101,to,long,,,
1,101,nun,long,,,
1,101,ti,short,,,
1,101,um,long,,,
1,101,-,space,,,
1,101,re,short,,,
1,101,fu,short,,,
1,101,git,long,,,
1,101,-,space,,,
1,101,lo,short,,,
1,101,qui,long,,,
1,102,iam,long,,,
1,102,que,elision,,,
1,102,-,space,,,
1,102,en,long,,,
1,102,se,short,,,
1,102,-,space,,,
1,102,fes,long,,,
1,102,sum,long,,,
1,102,-,space,,,
1,102,mi,long,,,
1,102,les,short,,,
1,102,-,space,,,
1,102,ex,long,,,
1,102,o,short,,,
1,102,ne,short,,,
1,102,rat,long,,,
1,102,-,space,,,
1,102,la,short,,,
1,102,tus,short,,,
1,103,sul,long,,,
1,103,ca,long,,,
1,103,ta,short,,,
1,103,-,space,,,
1,103,vib,long,,,
1,103,rant,long,,,
1,103,-,space,,,
1,103,ae,long,,,
1,103,quo,short,,,
1,103,ra,elision,,,
1,103,-,space,,,
1,103,et,long,,,
1,103,-,space,,,
1,103,la,short,,,
1,103,te,short,,,
1,103,ra,elision,,,
1,103,-,space,,,
1,103,inc,long,,,
1,103,re,short,,,
1,103,pant,long,,,
1,104,cum,long,,,
1,104,-,space,,,
1,104,su,short,,,
1,104,bi,short,,,
1,104,to,short,,,
1,104,-,space,,,
1,104,lu,long,,,
1,104,na,short,,,
1,104,-,space,,,
1,104,con,long,,,
1,104,di,short,,,
1,104,tur,long,,,
1,104,-,space,,,
1,104,stel,long,,,
1,104,lae,long,,,
1,104,-,space,,,
1,104,la,short,,,
1,104,tent,long,,,
1,105,Stry,long,,,
1,105,mo,short,,,
1,105,ni,short,,,
1,105,us,short,,,
1,105,-,space,,,
1,105,al,long,,,
1,105,tas,long,,,
1,105,-,space,,,
1,105,A,short,,,
1,105,qui,short,,,
1,105,lo,short,,,
1,105,-,space,,,
1,105,con,long,,,
1,105,tor,long,,,
1,105,quet,long,,,
1,105,-,space,,,
1,105,ni,short,,,
1,105,ves,long,,,
1,106,vi,short,,,
1,106,de,long,,,
1,106,re,short,,,
1,106,-,space,,,
1,106,sal,long,,,
1,106,tem,elision,,,
1,106,-,space,,,
1,106,et,long,,,
1,106,-,space,,,
1,106,nos,long,,,
1,106,se,short,,,
1,106,-,space,,,
1,106,quo,long,,,
1,106,-,space,,,
1,106,pe,short,,,
1,106,re,short,,,
1,106,ant,long,,,
1,106,-,space,,,
1,106,ma,short,,,
1,106,lo,long,,,
1,107,et,long,,,
1,107,-,space,,,
1,107,pro,long,,,
1,107,ra,short,,,
1,107,-,space,,,
1,107,pro,long,,,
1,107,rae,long,,,
1,107,-,space,,,
1,107,no,short,,,
1,107,cu,short,,,
1,107,it,short,,,
1,107,-,space,,,
1,107,et,long,,,
1,107,-,space,,,
1,107,la,short,,,
1,107,te,short,,,
1,107,ri,long,,,
1,107,-,space,,,
1,107,la,short,,,
1,107,tus,short,,,
1,108,sed,long,,,
1,108,-,space,,,
1,108,trun,long,,,
1,108,ca,short,,,
1,108,-,space,,,
1,108,to,long,,,
1,108,to,long,,,
1,108,-,space,,,
1,108,pup,long,,,
1,108,pis,short,,,
1,108,-,space,,,
1,108,I,long,,,
1,108,ca,short,,,
1,108,ri,short,,,
1,108,o,long,,,
1,108,-,space,,,
1,108,na,short,,,
1,108,tat,short,,,
1,109,et,short,,,
1,109,-,space,,,
1,109,Isth,long,,,
1,109,mon,short,,,
1,109,-,space,,,
1,109,ar,long,,,
1,109,to,long,,,
1,109,-,space,,,
1,109,qui,long,,,
1,109,-,space,,,
1,109,re,short,,,
1,109,cur,long,,,
1,109,va,long,,,
1,109,tus,long,,,
1,109,-,space,,,
1,109,so,short,,,
1,109,lo,long,,,
1,110,Io,long,,,
1,110,ni,short,,,
1,110,a,short,,,
1,110,-,space,,,
1,110,i,short,,,
1,110,un,long,,,
1,110,gi,long,,,
1,110,-,space,,,
1,110,ma,short,,,
1,110,ri,short,,,
1,110,a,short,,,
1,110,-,space,,,
1,110,Phrix,long,,,
1,110,e,short,,,
1,110,is,long,,,
1,110,-,space,,,
1,110,ve,short,,,
1,110,tat,long,,,
1,111,hanc,long,,,
1,111,-,space,,,
1,111,a,short,,,
1,111,li,short,,,
1,111,a,short,,,
1,111,-,space,,,
1,111,ret,long,,,
1,111,ro,long,,,
1,111,-,space,,,
1,111,spa,short,,,
1,111,ti,short,,,
1,111,a,short,,,
1,111,-,space,,,
1,111,re,short,,,
1,111,le,short,,,
1,111,gen,long,,,
1,111,tem,long,,,
1,111,-,space,,,
1,111,fe,short,,,
1,111,rit,short,,,
1,112,I,long,,,
1,112,li,short,,,
1,112,a,short,,,
1,112,des,short,,,
1,112,-,space,,,
1,112,ad,long,,,
1,112,sunt,long,,,
1,112,-,space,,,
1,112,quas,long,,,
1,112,-,space,,,
1,112,su,short,,,
1,112,per,long,,,
1,112,-,space,,,
1,112,cel,long,,,
1,112,so,long,,,
1,112,-,space,,,
1,112,gra,short,,,
1,112,du,long,,,
